{"time": 60534294.0, "tag": 1, "phase": [-4.727622841422519, -5.176219067683744, -0.030070482700426945, -0.0830329122982838, -2.915122874777669, 4.5411567661762, -0.9591638835040541, -4.507880835419911, -3.573303324518244, -0.053582558440921524, 0.13835152756439412, 2.6644735742860597, -2.3297387629860964, -2.1577976721133627, -3.2546877747234997, -2.6365029462235663], "rss": [0.44673027004223703, 2.296436733144432, 1.367499593723304, 0.06716078240138489, 1.1482511383553746, 1.5085412644290024, 1.866137098109964, 3.517782944284213, 2.2882352102003263, 1.4180570521397213, 2.9474383207918997, 1.865187412826275, 1.3804147121481105, 2.1411366516155614, 1.4461101601471982, 2.3113622090144026], "rn16": [0, 1, 1, 0, 1, 0, 0, 1, 0, 0, 0, 0, 0, 0, 0, 0], "pos": [-0.0478, 0.7637]}