{"time": 60294638.0, "tag": 1, "phase": [-3.2751992688338856, -4.419480658050754, 0.14982560923141372, 4.34268727395955, -0.44839314633696414, -0.16076610192217644, -4.850749981085446, -0.4867195502305166, -0.10316556473052563, -0.9752015987258154, -1.4694168644506858, -0.891090256366414, -1.6858045833852715, -2.4306986282898007, -2.8389813595588316, -3.30020141323609], "rss": [0.8356450793913796, 0.914613873923518, 1.096871879475544, 0.027553656107793832, 1.4780538497838633, 1.6070493159686137, 0.9270906853182914, 0.9185896836300125, 1.2061253114903479, 1.2766682039043737, 1.6354006789092126, 1.3033194368832497, 1.6476709469436452, 1.5122566428706967, 1.5898873308577104, 1.445679277759326], "rn16": [0, 0, 0, 0, 0, 0, 0, 0, 0, 0, 0, 0, 0, 0, 0, 0], "pos": [-0.0914, 0.6262]}