{"time": 60161943.0, "tag": 1, "phase": [-4.667582089315438, -4.586590084016214, 1.358922798600001, -0.5077614891886508, 0.7282178039511239, 0.8269362051613353, -4.703665382335296, 0.023724378594330187, -4.585995232638426, 0.7730950733054984, 1.3690079138179772, 1.9687823829618087, 1.7376906048679652, 0.9750543779958296, 0.535064507173507, 0.3634690792327937], "rss": [1.0109822394918055, 0.9345968784749371, 0.6208584349291293, 0.0293852488070993, 0.8619069425968531, 0.5259759248695034, 0.6215974539726712, 0.8041589164041154, 0.5728999453177506, 0.7093319826903204, 0.6310551447962379, 0.5273883849125, 0.4800443287452023, 0.5730375744162364, 0.46654273532010415, 0.5121416762316192], "rn16": [0, 0, 0, 0, 1, 1, 0, 0, 1, 1, 1, 1, 1, 0, 0, 0], "pos": [0.028, 0.5835]}