{"time": 60161943.0, "tag": 1, "phase": [-4.630216222513397, -4.55402731898472, 0.9801423567513129, -0.41726713275375005, 0.7359279531660742, 0.7192121495958657, -4.768330517229218, -0.04543725485791983, -4.628173621029987, 0.6476956459999277, 1.3299117613514144, 1.778971985888825, 1.723522805051898, 1.1682234394667315, 0.688830561091669, 0.17878137017129103], "rss": [1.0410356063781223, 0.8971311023219863, 0.6549284941439624, 0.03193691335459815, 0.8947336347903122, 0.5092330944001076, 0.5978609770220071, 0.7560040850162933, 0.5616922935560843, 0.7028254927779795, 0.6470108646716434, 0.5154772977506344, 0.47351199076545963, 0.5095534172170494, 0.5005402814970317, 0.5384901430966835], "rn16": [0, 0, 1, 1, 1, 0, 0, 0, 0, 0, 0, 1, 0, 0, 0, 0], "pos": [0.0724, 0.5629]}