{"time": 60161943.0, "tag": 1, "phase": [-4.667909317375107, -4.547494879354356, 0.96722723535234, -0.6201344114247571, 0.7155044219300434, 0.7161258824571455, -4.765843181422165, 0.029550807782862343, -4.563699999722588, 0.7450364580677438, 1.3699584841225905, 1.9278103591065197, 1.783933655300527, 1.1436476646591494, 0.5935198532830408, 0.2765751683318727], "rss": [0.9708653300219255, 0.9035848075174238, 0.6118514867885371, 0.03025609356561563, 0.8551916631521063, 0.4600150312760314, 0.6040150520868337, 0.7948017653137822, 0.5957996985575239, 0.7452503561036318, 0.6463277253253364, 0.5050663396362342, 0.477967441594001, 0.5203217004703364, 0.4725660033293853, 0.5342696506175517], "rn16": [1, 1, 0, 0, 1, 1, 1, 1, 1, 0, 0, 1, 0, 1, 0, 0], "pos": [0.1088, 0.5446]}