{"time": 59914317.0, "tag": 1, "phase": [-1.1241846088834293, -2.6196206034306706, -2.4937801551205117, 0.14761073116223455, -3.642736828634158, 3.667445177369143, -3.6632418042431354, -5.514406993973836, -0.14427096878963974, -2.2673654974111965, -0.61158019703307, 0.1966845029555948, -1.4023189268053426, -1.5407068359628209, -2.546402363947608, -2.350388981533743], "rss": [0.44187096620112953, 0.4225340311075508, 0.4855163279493538, 0.042235884619905156, 0.7982093931495026, 0.7171114365084664, 0.4570650231879506, 0.6171356023758074, 0.2594609005506181, 0.4440630854044406, 0.526000764793889, 0.34521542527806226, 0.6083333963763594, 0.6325593094443225, 0.6091056075335165, 0.6387525902132714], "rn16": [0, 0, 0, 0, 0, 0, 0, 0, 0, 0, 0, 0, 0, 0, 0, 0], "pos": [0.173, 0.5377]}