{"time": 59914317.0, "tag": 1, "phase": [-1.2038546373472887, -2.5925372040306165, -2.5028368768616946, 0.19538556429307796, -3.757942348224033, 3.6472130722530984, -3.674848579576257, -5.575469726433926, -0.1718789088793995, -2.2975814116186046, -0.6788566630221308, 0.31880475138098807, -1.3017395244957501, -1.607922780388528, -2.5286611140687683, -2.370756170930642], "rss": [0.4036776696331769, 0.44787085536531757, 0.47667620433170216, 0.04213928143735016, 0.7248617202130369, 0.6654870226610545, 0.47710122884844114, 0.4693296138961955, 0.2923963092938993, 0.45096873292097667, 0.525158592594626, 0.38825911787641476, 0.93597159935572, 0.561089257129826, 0.634807740932599, 0.6065756239472903], "rn16": [0, 0, 0, 0, 0, 0, 0, 0, 0, 0, 0, 0, 0, 0, 0, 0], "pos": [0.2242, 0.5328]}