{"time": 59914317.0, "tag": 1, "phase": [-1.1680457809469633, -2.636550476784939, -2.2829053361715443, 0.2067456351095074, -3.6024496243850703, 3.600814288786347, -3.6203483193364474, -5.5563493013419265, -0.20013425033066268, -2.1803865732721293, -0.6778666236445343, 0.1626179172018507, -1.440951275576757, -1.4830786052359983, -2.4681147139696673, -2.308936947715175], "rss": [0.46717514941816385, 0.3993623470641579, 0.551385714286567, 0.04537068943235255, 0.8512787097549588, 0.6986044085218107, 0.4022122235221417, 0.5292424624364751, 0.2854032437732837, 0.42929229515597794, 0.5562242744192367, 0.32067400154639025, 0.5946265454677758, 0.6090005980801231, 0.7950339707110178, 0.6394606220543755], "rn16": [0, 1, 0, 0, 0, 0, 0, 0, 0, 0, 0, 0, 0, 0, 0, 0], "pos": [0.2646, 0.527]}