{"time": 59986244.0, "tag": 1, "phase": [0.3769970236600235, -1.0501556683253532, -2.943145783339655, -0.6000340325144427, 1.09588620760052, 2.257493709805806, -2.374071442834724, -5.120164147219613, -1.6577592714616378, -3.5023050934473003, 2.704305756388651, 3.965986280910985, 0.6759354389191601, 0.9981964296791401, -0.7018907383019801, 0.08526217152682047], "rss": [0.4422741555355192, 0.6070474239536967, 0.9207743244249015, 0.015001991039286709, 1.0469868687801354, 0.9248265197581852, 0.6958264924304196, 0.7325650108992046, 0.4288402270383752, 0.7278200441641117, 0.7074465096069043, 0.6345244399270183, 0.7920275159149903, 0.8332781687347653, 0.7307144196208308, 0.9082577530697105], "rn16": [0, 0, 0, 0, 0, 0, 0, 0, 0, 0, 0, 0, 0, 0, 0, 0], "pos": [0.182, 0.5477]}