{"time": 59986244.0, "tag": 1, "phase": [0.4135065497479533, -0.9705637334827373, -2.846888921225923, -0.6281659203106313, 0.9245411476792017, 2.23485042957533, -2.3434845440128047, -5.314701343282323, -1.8057207521704168, -3.4781187628298262, 2.6671264467122273, 3.90210103503984, 0.5619468587343632, 1.0669106841136873, -0.7024835490425867, 0.15934576287648383], "rss": [0.44407105808007247, 0.6889154512173589, 0.7893574586766107, 0.013005425973660315, 0.9496825623797627, 0.8641429771212679, 0.6596166834205764, 0.6822228612563203, 0.4119360002159341, 0.71497990672594, 0.6834033477000954, 0.6020789141813567, 0.7588147462780577, 0.9014867501240644, 0.7676641388586355, 0.8335857009129386], "rn16": [0, 0, 0, 0, 0, 0, 0, 0, 1, 1, 1, 1, 1, 0, 0, 0], "pos": [0.1159, 0.567]}