{"time": 60534294.0, "tag": 1, "phase": [-4.331416029153477, -5.298475857692063, 0.020062246355560004, 0.36432706984607544, -3.2090789041741608, 4.745554609193763, -1.0760268417033212, -4.9196480111750684, -3.577351041845116, -0.07528540475512258, 0.2535274045865207, 2.310082367182435, -2.230710567840066, -1.8939619851845966, -3.26872428593589, -2.6223666294569714], "rss": [0.42964503555393435, 2.5441552377532726, 1.3642501859752056, 0.06003964511000382, 1.3768615398451973, 1.6615286567459477, 2.2305313697333498, 1.7613219151734612, 2.036449032124435, 1.641891069048498, 2.484004026247539, 2.9042416990877955, 1.7961828496174133, 2.94442656947488, 1.3661923641950526, 2.1771578516370482], "rn16": [1, 0, 0, 0, 0, 0, 1, 0, 1, 0, 0, 0, 0, 0, 1, 1], "pos": [0.0085, 0.7657]}