{"time": 59986244.0, "tag": 1, "phase": [0.45412502822219203, -1.0150226640835218, -2.908904871208596, -0.4357435135428762, 0.967427967354875, 2.2153831010679284, -2.3551584053306396, -5.283056596918784, -1.7971678652350787, -3.6673976251388085, 2.6315129415031606, 3.817835582904458, 0.6578783468976259, 0.9757071773623704, -0.4536460653836649, 0.17008869938485094], "rss": [0.40169268757866283, 0.6665891957192862, 0.9637788967632368, 0.013599028182464126, 0.957176449291944, 0.9247474943294501, 0.6632161388770569, 0.677482946794394, 0.4191721718147598, 0.6353962591352939, 0.7014933125814535, 0.5576998036349361, 0.7674933451742137, 0.9188637940225467, 0.7883271731698067, 0.875303086687473], "rn16": [1, 0, 1, 0, 1, 0, 0, 0, 0, 0, 0, 1, 1, 0, 0, 1], "pos": [0.056, 0.5855]}