{"time": 59986244.0, "tag": 1, "phase": [0.28282186738364157, -0.9618731821082773, -2.8718717820728816, -0.10004999052896313, 1.0617028919771907, 2.276708834374696, -2.4206590785285664, -5.374780325854637, -1.8270743896716752, -3.5332839476851854, 2.6867159048402343, 3.880316636827394, 0.5152973769424831, 1.039153704146777, -0.41482521954617657, 0.2650905032486459], "rss": [0.4084384914426337, 0.6946232334386407, 0.7874245689423189, 0.015572238310188554, 1.0164212952608804, 0.9697776478673816, 0.6716279553994078, 0.6566546759584319, 0.4158033233519341, 0.6970036078759283, 0.7488895240520955, 0.6067457472485797, 0.7419406644785007, 0.8453926970335891, 0.820828507155806, 0.8515853704024592], "rn16": [0, 0, 0, 0, 0, 0, 0, 0, 0, 0, 0, 0, 0, 0, 0, 0], "pos": [0.0151, 0.6022]}