{"time": 59940795.0, "tag": 1, "phase": [-4.846833648846765, -0.7069754298970787, -2.837597305883796, -0.4358252081813312, 0.8831864148338197, 1.9251040619506357, -2.0653844032627937, -4.943432879220186, -0.7049589494158113, -3.52936230041347, 2.9492078727504722, 4.082404265998997, 1.0609540464054805, 1.3310626902254257, 0.018115962338340452, 0.3781879417400109], "rss": [0.4334665814785593, 0.6396152996690663, 0.48690357589157596, 0.005043397685086377, 0.3175352498231206, 0.43855116308882813, 0.3270173337796244, 0.5753768203665972, 0.29733123535208245, 0.3534403323608296, 0.5122141495485643, 0.23673346318641872, 0.430387617730664, 0.5442791536599492, 0.4682788514854031, 0.5029602940485268], "rn16": [0, 0, 0, 0, 0, 0, 0, 0, 0, 0, 0, 0, 0, 0, 0, 0], "pos": [-0.0252, 0.6272]}