{"time": 59940795.0, "tag": 1, "phase": [-4.916419010476369, -0.7191643992463028, -2.847969176039561, 0.04207510750394894, 0.7041081488413551, 1.8028721980612628, -2.431663676414505, -5.011042976603671, -0.7840183194684203, -3.442567095550702, 2.8253783601320763, 3.998931253729004, 1.0499224051431653, 1.272655707612415, 0.060423963651032864, 0.39341050632417174], "rss": [0.333098125912427, 0.6508244663457189, 0.5061429240881014, 0.008342558115194488, 0.23349013300076044, 0.4556185022863227, 0.21612160163427435, 0.46791339996697673, 0.2747540877527578, 0.37406976960866617, 0.5271451090353361, 0.24922138783874442, 0.42803854156035015, 0.5539554062050327, 0.4725524145412697, 0.5464046053825948], "rn16": [0, 0, 0, 0, 0, 0, 0, 0, 0, 0, 0, 0, 0, 0, 0, 0], "pos": [-0.0704, 0.658]}