{"time": 59940795.0, "tag": 1, "phase": [-5.043554401025409, -0.8286024937016438, -2.6357704016231893, -0.43698379891266725, 0.8726266156276962, 1.8356392439601026, -2.450452529454214, -5.039101578975487, -0.7141915273793777, -3.507547215586313, 2.855133475254379, 4.027580231212492, 1.3393051238487188, 1.4357311910425836, -0.0018976175478919721, 0.2718945437038913], "rss": [0.3585938315235206, 0.6283554101989012, 0.4650927270896613, 0.008380588432485472, 0.39959625518022285, 0.45358799597374616, 0.21405446742862821, 0.43043365179552406, 0.3283167976043411, 0.37643276748254884, 0.5390665384159801, 0.24217646833570508, 0.5285128339641898, 0.641994985778395, 0.4562740353991273, 0.554780651321964], "rn16": [0, 0, 0, 0, 0, 0, 0, 0, 0, 0, 0, 0, 0, 0, 0, 0], "pos": [-0.0909, 0.6797]}