{"time": 59940795.0, "tag": 1, "phase": [-5.02165298069702, -0.738151781195433, -2.814851041303049, -0.028001316961923095, 0.7935939352505487, 1.7985587325944152, -2.3001514712030824, -5.015510822825483, -0.7511539555007403, -3.49512337901666, 2.741549407447921, 4.0762073112023245, 1.1667418183162033, 1.2464429691826562, 0.14703893518213684, 0.5348486108185271], "rss": [0.3327775009216044, 0.6398921518895845, 0.5191127434055098, 0.00629723137999226, 0.3319247417477673, 0.4161491743674533, 0.2156382616929994, 0.47240535655309285, 0.29437907626231336, 0.27876858269461346, 0.5866793015673251, 0.23293759804247588, 0.47483825765321375, 0.5468151935070146, 0.5290923517004142, 0.5467364896228006], "rn16": [0, 0, 0, 0, 0, 0, 0, 0, 0, 0, 0, 0, 0, 0, 0, 0], "pos": [-0.1135, 0.7036]}