{"time": 60646211.0, "tag": 1, "phase": [-0.873294868705015, -2.623859826804537, 1.9540742114090222, 5.145508660917368, 0.5948327805414556, 1.3373473074253333, -3.3515893224820736, -5.843436451540558, -4.204923210946452, 1.0053562619972893, 0.3090064083207328, 1.3756289341621015, -0.7069079482126225, -0.9694927818689123, -1.8088564418865332, -1.8446363542488093], "rss": [0.527425457696245, 0.4709084835774881, 0.7332886150777769, 0.027039814418809715, 1.1154395758653946, 0.985017870652739, 0.9014752303094865, 0.8916578003727096, 0.5200117350831073, 0.6883564775835295, 0.9315832180638822, 0.7644823910258186, 1.1466119653650606, 1.0628089219101633, 1.2062802755470783, 1.022649710187612], "rn16": [0, 0, 0, 1, 1, 0, 0, 1, 0, 1, 0, 1, 1, 1, 0, 1], "pos": [-0.1488, 0.7064]}