{"time": 60646211.0, "tag": 1, "phase": [-0.8901679128315712, -2.6486556875033, 1.907270448401571, 5.254583954665566, 0.6022835628642963, 1.3873850721306051, -3.3753758361724238, -5.719524051055826, -4.211234181377108, 1.0727280711388836, 0.45420263957334084, 1.3698210634247818, -0.5463543398586987, -0.9287318884862964, -1.7609523591388543, -1.7936509885218426], "rss": [0.5531561599694151, 0.46196861427440994, 0.8746348863203083, 0.02276757154620908, 1.08178043977783, 1.1847482299808063, 0.8920456479677695, 0.9574050916928462, 0.49817583697619927, 0.7127926170898647, 0.8537111369699935, 0.7477224724778908, 1.3040349923623136, 1.1614026718994914, 1.2202797593448407, 1.1053096119524517], "rn16": [0, 0, 0, 0, 0, 0, 0, 0, 0, 0, 0, 0, 0, 0, 0, 0], "pos": [-0.1771, 0.7091]}