{"time": 60646211.0, "tag": 1, "phase": [-0.8680034665908611, -2.6097976856640086, 1.8775703446057712, 5.236798449353978, 0.5643226529748885, 1.3189562297960575, -3.4377650808381004, -5.6878720708497905, -4.218673304162521, 1.0396898281085931, 0.36395835721904357, 1.4015671105215757, -0.6412573726268568, -1.049000381397894, -1.8630170378469286, -1.8702588807193539], "rss": [0.573969774531827, 0.5616586742518691, 0.9165406355409699, 0.02536381360627329, 1.0353178001079837, 1.1161764959535598, 0.9116474891489521, 0.9019873844140274, 0.5142624577937702, 0.7459899556440848, 1.0880978789693765, 0.6710709839928957, 1.1278661307084228, 0.9744339937217721, 1.238130021508026, 1.1090522178313866], "rn16": [0, 0, 0, 0, 0, 0, 0, 0, 0, 0, 0, 1, 0, 0, 0, 0], "pos": [-0.2035, 0.7128]}