{"time": 60210075.0, "tag": 1, "phase": [-2.636124193506888, -3.4347942309948225, 2.8592633096124422, 0.8438536518211004, -3.3205543374474535, 3.3734139297021466, -3.7115620287397295, -5.590180786657273, -2.391198124105445, -2.7237485032783875, -1.990619755782618, -1.0639626639476782, -1.7109823780001596, -2.5344570263484028, -2.698523214833598, -3.415304570217393], "rss": [1.3010403191328477, 1.686610262488436, 1.0545490908530564, 0.038613663555202474, 0.6537314164689345, 0.6680539186763423, 1.2390399050824803, 1.5859815606442107, 0.7312161172718235, 1.299018950107499, 0.5201793035614212, 0.7365916581096598, 0.27099254239650783, 1.027042908607062, 0.4224968161712526, 0.8088496377826297], "rn16": [0, 0, 0, 0, 0, 0, 0, 0, 0, 0, 0, 0, 0, 0, 0, 0], "pos": [-0.0844, 0.6833]}