{"time": 59991165.0, "tag": 1, "phase": [-0.17001027897158405, -1.1639185166319916, 1.8403710655831003, 4.449033425167741, -0.7392024645370078, 0.5324020111902841, -3.3382336830695043, -5.482402160080145, -3.9161239843891558, -4.244641272294744, 1.2060591510129424, 1.4917454171254427, 0.21539643662448382, -0.07672997168994664, -0.7050582240195411, -1.318868039879683], "rss": [0.5050284699322364, 0.26150020137994334, 0.6231907566810856, 0.014697735722573942, 0.4347345362333174, 0.40771022082851177, 0.3011681069450524, 0.6135153655524567, 0.20739644201551355, 0.4289375735332255, 0.6297013782817596, 0.45625983013154636, 0.7636750455491167, 0.9131492693478479, 0.5596410191103939, 0.769010688886673], "rn16": [0, 0, 0, 0, 0, 0, 0, 0, 0, 0, 0, 0, 0, 0, 0, 0], "pos": [0.0434, 0.7569]}