{"time": 60210075.0, "tag": 1, "phase": [-2.7573127085822615, -3.406689258316561, 3.0603786724330844, 0.6700389382496024, -3.1751548404236063, 3.1875162096537126, -3.3836837847639214, -5.6490012424044895, -2.3319721658092294, -2.723631095609191, -2.6067534408953943, -0.7026674720404649, -1.6817414154611952, -2.580960558707416, -2.7404947259846617, -3.729217692457431], "rss": [0.8051152293126947, 1.9351625158467232, 0.8754133571394499, 0.04468213132918787, 0.8854111246596911, 0.72681990344159, 1.4178407654719494, 1.3533157569812904, 0.9153985335632706, 1.1012111063938115, 0.2715315916473328, 0.7734740353070702, 0.2095384002301898, 0.6616731183435993, 0.2862237743987246, 0.8995666401803255], "rn16": [0, 0, 0, 0, 0, 0, 0, 0, 0, 0, 0, 1, 0, 0, 0, 0], "pos": [0.002, 0.6556]}