{"time": 60217173.0, "tag": 1, "phase": [-0.4292671010600677, -1.8629612565465985, -2.065671401632426, 0.5236341490565246, -3.0441960723853296, 4.18517931818708, -2.73175670906169, -5.197396188995274, 0.4826448561491308, -1.67755643997194, -0.009431214162248541, 0.937126936269213, -1.3106328188182006, -1.0513418699305737, -2.423771619074879, -1.886385774591433], "rss": [0.5092606241971851, 0.37867581136018363, 0.48110665381125395, 0.05062386569258006, 0.9492151756002393, 0.7664661520123683, 0.46044440494801747, 0.5912419393051255, 0.2676225362205581, 0.4878315471737656, 0.5643826666759312, 0.4212338893830143, 0.6166663315762174, 0.6571814004486055, 0.6297407798591321, 0.6667263516652016], "rn16": [0, 0, 0, 0, 0, 0, 0, 0, 0, 0, 0, 0, 0, 0, 0, 0], "pos": [0.0832, 0.6437]}