{"time": 60217173.0, "tag": 1, "phase": [-0.4895297389278406, -1.87295007885097, -1.816342845833088, 0.5862501435163228, -3.1892903271241733, 4.151636844529519, -2.3878989937092707, -5.03114531073024, 0.5728365051280315, -1.5318716636882783, -0.13927696372171067, 0.8734454566486645, -1.2451547131003247, -1.0976493199155168, -2.272659041220538, -2.008442235264419], "rss": [0.505721891526333, 0.3751947235403676, 0.5039969023939508, 0.04442038221426123, 0.8991945493538129, 0.8064856361290876, 0.4254909221096274, 0.6887109440115904, 0.3218584224344538, 0.4649131835651394, 0.5394101662997688, 0.37294195238322386, 0.6431172227439954, 0.6315144103840437, 0.6694078556701838, 0.6106319265677564], "rn16": [0, 0, 0, 0, 0, 0, 0, 0, 0, 0, 0, 0, 0, 0, 0, 0], "pos": [0.1448, 0.6334]}