{"time": 60217173.0, "tag": 1, "phase": [-0.537502767698816, -1.86658662017626, -1.85169145006086, 0.6014264961128315, -3.3240362011457574, 4.163415374696983, -2.6057229114782623, -5.243700741773651, 0.520499532329497, -1.683197757237993, 0.043632340500316585, 0.997590193148723, -1.1436965685907818, -1.1437948562681135, -2.373020207975062, -1.9557576194885566], "rss": [0.5062688850133933, 0.3909371896985457, 0.49567112947863834, 0.03958331917118482, 0.9081748259954666, 0.7744180964603967, 0.44463543868597094, 0.5942796121520497, 0.3247774680999609, 0.4832167471924527, 0.6485446094248969, 0.401541297568893, 0.6588037411102003, 0.6163645553880713, 0.6473760909442916, 0.6192014206230698], "rn16": [0, 0, 0, 1, 0, 0, 0, 1, 0, 0, 0, 0, 0, 0, 0, 0], "pos": [0.1957, 0.6248]}