{"time": 59997182.0, "tag": 1, "phase": [-4.47211677727319, -4.939134892219621, -0.34513444242297764, 4.521512721735164, -0.6039041620332308, -0.6164618172714553, -5.3398670146608875, -0.35501474886209117, -0.6985851983950184, -1.252853552379047, -1.6551048774274564, -1.2264052919417825, -1.521924693260523, -2.5116340456373427, -2.6648419466147963, -3.32839900184526], "rss": [0.7088333733665487, 0.6528586503311216, 0.7547419730138062, 0.015168893941972348, 0.9141084946573527, 1.0741603226401475, 0.5620495357305438, 0.5257790813277167, 0.74709660264342, 1.1436535136058228, 1.1907444267307186, 0.9076328167430291, 0.8807140657359113, 0.7447320537040027, 0.9727869201588876, 0.7142166617926432], "rn16": [1, 0, 1, 1, 1, 1, 0, 1, 0, 0, 0, 0, 0, 0, 0, 0], "pos": [0.1353, 0.6088]}