{"time": 59997182.0, "tag": 1, "phase": [-4.511433835804101, -4.8967124368402235, -0.34642649997916275, 4.433892757458086, -0.6216598808875804, -0.598817638152273, -5.381837917121299, -0.3692835895539299, -0.7312222085532325, -1.2593904110367085, -1.6888245937476416, -1.2024648565468734, -1.5331594502849917, -2.514372301183338, -2.674916429828656, -3.3344368248210907], "rss": [0.6326629275110242, 0.6383609718650628, 0.7845033651418234, 0.011920533437831482, 0.9431250061907132, 1.0436644248901803, 0.5624595763023519, 0.49754475676746324, 0.778240804158867, 1.1207935345402622, 1.092253946706394, 0.8508146027072124, 0.88565455564905, 0.7273866679489291, 0.934149390500895, 0.6876714598656386], "rn16": [0, 0, 0, 0, 0, 0, 0, 0, 0, 0, 0, 0, 0, 0, 0, 0], "pos": [0.0875, 0.5944]}