{"time": 60494815.0, "tag": 1, "phase": [-3.634173858241378, -4.637141775776713, -0.11617988521107322, 4.486045807271855, -0.5277841267014594, -0.3413348261100577, -5.157329021281528, -0.43492376912636566, -0.40882315399876745, -1.0536075510953884, -1.6300517043265492, -1.0869909168152398, -1.7028864016788994, -2.603875485713197, -2.8404765595741983, -3.443221873387377], "rss": [0.7700103474221903, 0.9461712259815178, 1.0744247204694648, 0.020149389078094326, 1.3283722127697852, 1.357730521543163, 0.6959758884085647, 0.8059827672697679, 1.110352781483781, 1.4511386417879604, 1.4318395515416198, 1.1945775263026863, 1.4409835388916739, 1.2214153559873273, 1.4593677861916317, 1.2514378252081593], "rn16": [0, 0, 0, 0, 0, 0, 0, 0, 0, 0, 0, 0, 0, 0, 0, 0], "pos": [0.0366, 0.586]}