{"time": 60494815.0, "tag": 1, "phase": [-3.655242866059631, -4.634736678775122, -0.1928808896524788, 4.493177254576107, -0.5292501802818791, -0.33734937823278077, -5.104521989718053, -0.5002169420198004, -0.3913235494581597, -1.0465776143723213, -1.6487511792707643, -1.1040137817481623, -1.7140228202625742, -2.6221434345189305, -2.8483419931222653, -3.429296945630319], "rss": [0.9060248037027624, 0.9580620439945184, 0.9914717128503813, 0.020455992454863084, 1.2033754663601157, 1.5420728147589313, 0.7785006403663339, 0.8720730747641025, 1.1430410622980074, 1.3806754576209204, 1.4488258148214337, 1.1757596065056668, 1.5505453474561222, 1.2370569550850885, 1.4558633888663606, 1.0927151848139292], "rn16": [1, 1, 0, 1, 1, 1, 0, 0, 0, 0, 1, 0, 0, 0, 0, 1], "pos": [-0.0042, 0.5781]}