{"time": 60494815.0, "tag": 1, "phase": [-3.6458470872211652, -4.708088165084877, -0.0955263532187886, 4.4191586751486405, -0.5407896764168603, -0.33408030684483125, -5.112934476869501, -0.4259712471058008, -0.3966238347115647, -1.0483934920663815, -1.6434793527961962, -1.1578846864225536, -1.6919343818138448, -2.6403369788400664, -2.839397011181651, -3.480597317799684], "rss": [0.7896134613430866, 0.8992230444370006, 1.1315099876678676, 0.024642651644205055, 1.2889744837349957, 1.5689259973606346, 0.7770801227775763, 0.8606737393444148, 1.1874300783454896, 1.4974074383540057, 1.3623281155215976, 1.1338672577405906, 1.414527129002941, 1.249570739444009, 1.5039833833156435, 1.182744363112703], "rn16": [1, 1, 0, 0, 0, 0, 0, 0, 0, 0, 0, 0, 0, 0, 0, 0], "pos": [-0.0368, 0.5708]}