{"time": 60250490.0, "tag": 1, "phase": [-2.330229444733687, -3.6899810479994084, 0.7093778811309333, 4.541732327884736, 0.10979458671325348, 0.34399718661710166, -4.257560001410986, 0.07373112704830076, 0.6282808150101511, -0.4237626586927046, -0.8571399101673687, -0.33239911965023516, -1.3906891958632166, -1.932408595543071, -2.56971157771196, -2.7613316512321333], "rss": [0.6556892747731446, 0.7717440079024178, 1.1185248830414196, 0.025188172753292905, 1.3274386833527945, 1.5074433793473954, 1.0057118982129967, 1.0716772967382981, 1.030694331903449, 1.273283774709204, 1.6135570191701767, 1.1863551535750236, 1.7889446942980842, 1.5728790293525656, 1.7392787602452402, 1.554664222428446], "rn16": [0, 0, 0, 0, 0, 0, 1, 0, 0, 0, 0, 0, 0, 0, 0, 0], "pos": [-0.0859, 0.5728]}