{"time": 59991165.0, "tag": 1, "phase": [-0.3952796050020102, -1.1902043591079527, 2.10215542226617, 3.6529939618630483, -0.8182392929302906, 0.3420384843374189, -3.2380759220095277, -5.374062461584904, -4.049486331994346, -4.416196078355924, 1.4457004730981733, 1.4936910154667926, 0.6424949659480692, -0.22767340822465193, -0.5968018024839514, -0.9901757936462218], "rss": [0.5248314930198411, 0.26396094070739773, 0.6094051642002459, 0.012052277208704817, 0.5490442609624763, 0.4536795548540054, 0.8089580125363831, 0.5754492557430128, 0.23199814413267186, 0.7718170267267213, 0.717546878761742, 0.4520545591647078, 0.7935050825424056, 0.7283056372246143, 0.6960939702864083, 0.6201041535519113], "rn16": [1, 0, 1, 1, 1, 1, 1, 1, 1, 0, 1, 1, 0, 0, 1, 0], "pos": [0.0722, 0.7489]}