{"time": 60250490.0, "tag": 1, "phase": [-2.336966997554086, -3.714952138082686, 0.6488336909220797, 4.621446017602745, 0.007372655743753231, 0.4092914850337326, -4.311436271848963, -0.09552151081246985, 0.5577546114824043, -0.2496743313010139, -0.8545337888045782, -0.24876042517478636, -1.387005538434548, -1.9485858869849295, -2.5552738659857264, -2.755188504396168], "rss": [0.714160632030653, 0.7579795734075407, 1.0826904813426674, 0.026943933672171703, 1.2523795228899075, 1.4341758531305338, 0.9772900747223748, 1.1536517636362256, 1.0355933537664392, 1.3075886861282426, 1.6512475361827652, 1.0937022096552138, 1.75676862628005, 1.556944275682409, 1.7609992910455676, 1.5928109298099822], "rn16": [0, 0, 1, 1, 1, 1, 1, 0, 0, 0, 0, 1, 0, 0, 1, 1], "pos": [-0.1226, 0.576]}