{"time": 60250490.0, "tag": 1, "phase": [-2.4177196157957423, -3.6993697241317958, 0.5879220228171016, 4.716633679661703, 0.05660597914415311, 0.4912091033515198, -4.234727781555998, 0.07684846187827876, 0.5347210088726833, -0.3651474398743728, -0.8164126205710199, -0.2030694689434296, -1.4512931233891657, -1.9241043964079527, -2.5717506009719378, -2.7623427392407587], "rss": [0.6201177639362165, 0.7970617175381715, 1.0953102435179194, 0.030075969855593077, 1.2662008972027794, 1.4904918340624485, 0.9703437981548053, 1.1312401436406183, 0.9775503350089767, 1.2817366541035877, 1.6648740066513894, 1.197008554848779, 1.7479309124987459, 1.551590950546833, 1.7991180312718595, 1.5871775434852347], "rn16": [0, 0, 0, 0, 1, 1, 0, 0, 0, 0, 1, 0, 0, 0, 0, 0], "pos": [-0.1546, 0.5776]}