{"time": 60250490.0, "tag": 1, "phase": [-2.4584290138455294, -3.7558888311628884, 0.713597104685987, 4.733643627349741, -0.010979191456916393, 0.2678395729629226, -4.311486185003231, -0.12676450695585784, 0.6177392527649039, -0.38643154363199894, -0.8482704132654799, -0.18019207277664195, -1.4334094773535146, -1.9966150900085209, -2.5488004636695676, -2.788405090080346], "rss": [0.6674674273594131, 0.7964776537198851, 1.081692281528834, 0.027781200577571823, 1.243735600706074, 1.440068617551775, 0.9799904857524598, 1.1333817336212524, 1.049645767936901, 1.2753715730286603, 1.6285160961626886, 1.1958933185704683, 1.7410268732694905, 1.630854049793951, 1.7983420311006997, 1.6129991512144426], "rn16": [0, 0, 0, 0, 0, 0, 0, 0, 0, 0, 0, 0, 0, 0, 0, 0], "pos": [-0.1752, 0.5789]}