{"time": 60663992.0, "tag": 1, "phase": [-4.374068729890281, -4.447378670711398, 1.3806515584798196, -0.40431710664719134, 0.8662761673470781, 1.471238821663457, -4.432097603738432, -5.8119593479151765, -4.1041140177445365, 1.571948797754389, 2.0719306695885242, 2.982954206446697, -3.4199999064052045, 1.8550989344392634, -4.590909777773662, 1.0063421529290375], "rss": [0.8580591080103412, 1.0711874586719023, 0.8485059308885046, 0.03560873634760614, 0.6026194599138328, 0.45976299104341267, 0.8076723394948495, 0.9848545748580105, 0.7574651914650441, 0.737992967777524, 0.4832363253508343, 0.6789612574132694, 0.5518992893311384, 0.7515864938027049, 0.5144481125679289, 0.6970616986134551], "rn16": [1, 0, 0, 0, 0, 0, 0, 1, 0, 0, 0, 0, 0, 0, 0, 0], "pos": [-0.0761, 0.5577]}