{"time": 60663992.0, "tag": 1, "phase": [-4.262676148815396, -4.4005032449607, 1.4060407689423968, -0.35862316610847955, 0.7844517232545777, 1.4016808704962602, -4.488573232501286, -5.815299454968606, -3.9915040461427074, 1.5568378700911654, 2.1419894277610685, 3.0188597864517055, -3.455211755813285, 1.8249527163768509, -4.56683004817443, 0.9294781589924723], "rss": [0.7907986381577254, 1.1012722695481512, 0.8415928904872019, 0.036891005949170344, 0.6852398221636751, 0.41347733491199257, 0.7701124625705548, 1.0359761975818917, 0.6412162892789263, 0.6379411852047118, 0.46225459308190586, 0.6222842362810787, 0.6005864820093938, 0.8182324774272499, 0.5163486225128762, 0.8221296497598234], "rn16": [0, 0, 0, 0, 0, 0, 0, 0, 0, 0, 0, 0, 0, 0, 0, 0], "pos": [0.0027, 0.5383]}