{"time": 60663992.0, "tag": 1, "phase": [-4.293647678175139, -4.449830835142569, 1.4244214989739974, -0.4214063901363252, 0.8420090348785364, 1.5049585595878665, -4.457396454504904, -5.788063930322448, -4.041408396534711, 1.6367330992862479, 2.1871258988213698, 2.969733956272305, -3.4088888955107297, 1.8546832595691198, -4.673803545210147, 0.9533257257974437], "rss": [0.6066996408163124, 1.104172422244084, 0.8171908483635354, 0.038087563756087996, 0.6708481627517654, 0.39637488100811763, 0.834988120570105, 0.9431210448338984, 0.705103515054064, 0.7389786999729139, 0.38397715415961314, 0.5679301091031054, 0.5323195465439562, 0.8352707213598737, 0.6518742646275804, 0.9422245806213897], "rn16": [1, 1, 0, 1, 1, 0, 0, 0, 0, 0, 1, 0, 1, 0, 1, 1], "pos": [0.0653, 0.5206]}