{"time": 60663992.0, "tag": 1, "phase": [-4.327219287346244, -4.392069922097664, 1.4122512254518378, -0.4474224983573376, 0.9571551861836597, 1.5308843460817305, -4.501828486648286, -5.780532149416635, -4.031541437993843, 1.6132033402896286, 2.0381984061989535, 2.968375739388578, -3.533471463870177, 1.8148007336754297, -4.519724268372208, 1.0204012353972483], "rss": [0.8315748998908886, 1.0171742225338154, 0.7793825361040637, 0.037021780887725286, 0.5913538851069495, 0.3994046707887513, 0.7788875476694076, 0.9860216860824498, 0.6825120298952018, 0.7513639275969834, 0.49335287392599864, 0.6369108459398525, 0.5647861837342044, 0.7572235245152704, 0.5251219077879266, 0.6738938216157611], "rn16": [0, 0, 1, 0, 0, 0, 0, 1, 0, 0, 0, 0, 0, 0, 0, 0], "pos": [0.1134, 0.5032]}