{"time": 60137849.0, "tag": 1, "phase": [-4.474251965961173, -5.894176816752048, -0.8000261105892803, -0.13112472870135683, -3.7074312733682055, 4.150818652642599, -0.9887329727898013, -4.461894254950594, 0.8935026911539863, -1.14500732312771, -0.9305309219318966, 0.8680350959909547, -3.7822416923449085, -3.092909613887138, -4.858009695361849, -3.9307063304131784], "rss": [0.3626708303947278, 0.4593410942820486, 0.33815328516658694, 0.01926587099073255, 0.7676553302311933, 0.5437189451997322, 0.5523054582178873, 0.6403075912574827, 0.2735323054476544, 0.23208184892838002, 0.3963128713961931, 0.23878538798616705, 0.6830878227963795, 0.5879600575185069, 0.6990445503102751, 0.694696562049291], "rn16": [0, 0, 0, 0, 0, 0, 0, 0, 0, 0, 1, 0, 0, 1, 1, 1], "pos": [0.1076, 0.5241]}