{"time": 60137849.0, "tag": 1, "phase": [-4.189942865475313, -5.833011135216086, -0.8417203468078736, -0.11956123931734508, -3.627124261656284, 4.231968289799885, -0.8991502084135781, -4.546859632075112, 0.8854308720695694, -1.1601803063136882, -0.9339003417123691, 0.8761050320017423, -3.737735202004315, -3.164357926255937, -4.8540516058996905, -3.975732096592144], "rss": [0.37512346748545206, 0.4885892036547502, 0.3343859934017647, 0.01856556343658863, 0.7556912374962516, 0.5406886845524999, 0.6173406983924222, 0.55853021092726, 0.28063705710803516, 0.24498525017492986, 0.42325568673124275, 0.2429644502582959, 0.7659753200846016, 0.6587454108587775, 0.7779400217654928, 0.6100854357766806], "rn16": [0, 1, 0, 1, 0, 0, 1, 0, 0, 1, 0, 0, 0, 1, 0, 0], "pos": [0.101, 0.5433]}