{"time": 60137849.0, "tag": 1, "phase": [-4.228062578060005, -5.816373927243125, -0.8822097882394182, -0.19681852948758083, -3.6559592863994186, 4.124329237114985, -1.1281061793859752, -4.531236289532559, 0.8983693610752157, -1.2542495824372089, -0.9815816174513236, 0.7034690284605002, -3.7197755285411356, -3.11915598199912, -4.921500694713005, -4.02160297494223], "rss": [0.3647862169022371, 0.4919391464733753, 0.3564526509773373, 0.017231432134574454, 0.7701393647132099, 0.5583848794042355, 0.5083627649939549, 0.6596440254010204, 0.27801763318322265, 0.28619704037508514, 0.3865730732792962, 0.20309357788165985, 0.6528204520967406, 0.5951283310569191, 0.7037540329705854, 0.6626848357838573], "rn16": [0, 0, 0, 1, 0, 0, 0, 0, 0, 1, 0, 0, 0, 0, 0, 0], "pos": [0.0977, 0.5615]}