{"time": 59991165.0, "tag": 1, "phase": [-0.247385568985393, -1.2655250174883126, 1.768684440817526, 3.063067380847347, -0.4641891087551336, 0.4480086774902483, -3.554460630175856, -5.378098541858883, -3.9499098145747906, -4.138529081203973, 1.5042520948518687, 1.8091101536499385, 0.47639760408041476, -0.40296701738757157, -0.6622828971575987, -1.0427958604648158], "rss": [0.4429237260834594, 0.2864499059125119, 0.6971297620787683, 0.025436361378964406, 0.7395408851133811, 0.21516285895471576, 0.16535785972245032, 0.5527235570502798, 0.20068730359270218, 0.6073461826645087, 0.5889536561349136, 0.4645548133244294, 0.607293297251986, 0.6920220787493273, 0.6110500376227425, 0.640358727944204], "rn16": [0, 0, 0, 1, 1, 0, 0, 0, 0, 0, 0, 0, 1, 0, 0, 0], "pos": [0.0916, 0.7408]}