{"time": 60618343.0, "tag": 1, "phase": [0.5012620771827505, -0.9762772637321115, -0.9176301040406949, 1.0739752067635102, -2.909488130438931, -1.49536716092917, -2.126674601160438, -4.490320159123892, -4.889235298372814, -0.7788027732444797, 0.6291566621095865, 1.6164403889848393, -0.9454486785892098, -0.6246161919772376, -2.031937214398439, -1.6221249737834396], "rss": [0.5833442646680529, 0.4358462928871248, 0.5744244352137081, 0.05129809382820188, 0.9899270592782348, 0.7704911981609792, 0.567385472989273, 0.6629434028117546, 0.31273003498813634, 0.4321825061830083, 0.560173626972279, 0.4629032554022464, 0.7078100397594623, 0.6268669075334242, 0.7473396370522204, 0.6124581778220365], "rn16": [0, 0, 0, 0, 0, 0, 0, 0, 0, 0, 0, 0, 0, 0, 0, 0], "pos": [0.1541, 0.5622]}