{"time": 60618343.0, "tag": 1, "phase": [0.47542345925641083, -0.9962535093972746, -0.9886331442649343, 1.0955579186153732, -2.8731378305649757, 4.652068571030607, -2.26059821615825, -4.514009946054573, -4.972716931120149, -0.7800336732301199, 0.5483518888102188, 1.8467145449704814, -0.8834082979578342, -0.6655308577910105, -2.2065718184933867, -1.566370953629162], "rss": [0.5761012625135434, 0.4314810787717768, 0.5677133723719291, 0.042571369561900954, 0.963618640681511, 0.8894695566670925, 0.668854213225233, 0.7089479124981004, 0.3405724567734419, 0.42936032521094286, 0.5824671695714194, 0.44482513496135695, 0.6689584959957626, 0.653735328056742, 0.7189231903795364, 0.6154443014467708], "rn16": [0, 0, 1, 1, 1, 1, 0, 0, 0, 0, 1, 0, 0, 0, 0, 0], "pos": [0.2004, 0.5628]}