{"time": 60618343.0, "tag": 1, "phase": [0.489263384168765, -1.0232762979715795, -0.9732100291136245, 1.1122588785547698, -2.8759980121636315, 4.651381803989334, -2.2385150031511207, -4.680036395364227, -4.919935822364318, -0.79319844470396, 0.5389550443242779, 1.7942426509974805, -0.9335286837802135, -0.7008540983939777, -2.113566425569411, -1.6223863065223607], "rss": [0.5369664399186995, 0.4119344784567697, 0.5797692353788103, 0.047369058081309506, 0.9378092096667852, 0.802312378320908, 0.6553885111223118, 0.7144530064426086, 0.34513287972449413, 0.47225940240525716, 0.6988066530684491, 0.41269592668501864, 0.7219096442870737, 0.6124247628097654, 0.7073404768891353, 0.5906263866570903], "rn16": [0, 0, 0, 1, 0, 1, 0, 1, 0, 0, 0, 0, 1, 1, 0, 0], "pos": [0.2375, 0.5632]}