{"time": 60379128.0, "tag": 1, "phase": [-3.3026784039636423, -3.5549648594930887, 2.4122277681744055, 0.49060285167048434, -1.8832333068481102, -0.9355883917651908, -5.943788189116161, -2.9257192969828036, -2.1688845287431686, 1.584415749832979, 1.879050187719997, 3.8617983578547075, -1.2564194679589784, -0.427003816775695, -2.3389785699213337, -1.205885712941679], "rss": [0.4396800653390497, 1.7949698427869876, 1.4768957151252733, 0.010396924812303171, 0.7130125162653693, 0.8890673080926527, 1.8336410754638521, 3.5490781152193436, 1.7044844041719265, 1.3111016920833582, 2.355550444288398, 1.832707874421862, 0.8432379469504477, 2.07123577498808, 1.0136654349372067, 2.508633964305002], "rn16": [0, 0, 0, 0, 0, 0, 0, 1, 0, 0, 0, 1, 1, 0, 0, 0], "pos": [0.2196, 0.5984]}