{"time": 60379128.0, "tag": 1, "phase": [-4.274960963841304, -3.4200371626391055, 1.1120726626645547, 0.1598204611835401, 0.9802811086192266, -0.4521755752672878, -5.669535874582063, -2.5759321038155263, -2.31521605653459, 1.540923876271737, 1.8756251610973371, 3.97433965170795, -1.3997504012354574, -0.6429379386126066, -2.080516855296295, -1.2045423687871977], "rss": [0.5592746700106457, 1.5498601816706057, 1.472144294275019, 0.020945094200240374, 0.10034426807130456, 1.2129253811391738, 1.8290866207461793, 2.0150295510282716, 1.7795958937751872, 1.168697240976226, 1.8220913663166551, 1.49396815175146, 0.9968161005362725, 1.9630756366442152, 1.1029119720107043, 2.3519473544070832], "rn16": [1, 0, 1, 1, 1, 0, 1, 1, 0, 1, 0, 0, 1, 1, 1, 0], "pos": [-0.3141, -0.0153]}