{"time": 60155720.0, "tag": 1, "phase": [-4.248290410836107, -4.897880685056342, -0.35637998435306145, 4.133113314536313, -0.7075806169590658, -0.593367329048349, -5.35305602383446, -0.4270930058210878, -0.7019468493090795, -1.2450120131604285, -1.7422240689726847, -1.335162049084564, -1.6355428551235445, -2.6342539484259095, -2.764165701002109, -3.514156076469728], "rss": [0.6196908781312044, 0.8208351766818719, 0.8670945425576755, 0.01359804224654061, 1.060727233057821, 1.1607236277213848, 0.5794830571532299, 0.6344388916281951, 0.9150990058526088, 1.312888451704921, 1.2912748256055775, 0.9207701761520823, 1.0966203376161408, 0.8894221037154296, 1.1052958174388707, 0.8838012890938045], "rn16": [1, 1, 1, 0, 1, 0, 0, 0, 1, 1, 0, 0, 1, 1, 1, 0], "pos": [-0.2803, 0.0153]}