{"time": 60155720.0, "tag": 1, "phase": [-4.178904208717648, -4.8473386196502535, -0.3432111848434385, 4.502646872266034, -0.6475261073792503, -0.5967556187937946, -5.342075969088492, -0.5092870636440168, -0.6964750685335059, -1.2324055414937427, -1.728544499071649, -1.2363498965549775, -1.6533709752283872, -2.612428536301354, -2.7725922638646106, -3.5991165986525626], "rss": [0.6808749363873313, 0.7222737610909434, 0.8993837773154917, 0.015605565006351253, 1.0536914156732855, 1.1650320374695953, 0.5899918937929791, 0.598421557225128, 0.9316765475220595, 1.2614718730381445, 1.2330615749561893, 0.9332842762300505, 1.1467046606625837, 0.8440680131388698, 1.0892893126336707, 0.8515050435471315], "rn16": [1, 0, 0, 1, 1, 1, 1, 1, 1, 0, 0, 0, 0, 0, 0, 0], "pos": [-0.2476, 0.0423]}