{"time": 60155720.0, "tag": 1, "phase": [-4.227563344275838, -4.851771112642931, -0.41526980942461916, 4.308779813624491, -0.6415049805102079, -0.5865710010510063, -5.355814196150062, -0.483011692587608, -0.6902310731088295, -1.278277009693553, -1.7169574192348542, -1.3228817509140054, -1.6477584131458483, -2.711237924882382, -2.773333006329911, -3.531086415068229], "rss": [0.7455604920688209, 0.7316151319323984, 0.850397247832627, 0.012696887763993069, 1.108126988802153, 1.2820781597450757, 0.5778724979771485, 0.621365621865341, 0.934035553629431, 1.3622275851119778, 1.335113299414398, 0.9091830662456117, 1.0854558360249653, 0.9190292289677784, 1.0843176368355265, 0.8697832261170052], "rn16": [0, 0, 1, 1, 1, 1, 0, 0, 1, 1, 0, 0, 0, 0, 0, 1], "pos": [-0.2239, 0.0684]}