{"time": 60141839.0, "tag": 1, "phase": [0.7185299456431551, -0.7981506424165155, -3.0224950600466878, 5.537861857737778, 0.8039735117470793, 2.0759496720616197, -2.807046848907245, -5.252398325919201, -1.486727318136896, -3.8050448216536044, 2.7008596063615826, 3.8714156585447457, 0.6253838703235541, 0.973036378088779, -0.2962463311041392, 0.15592205705363793], "rss": [0.3242272126603816, 0.6824026441501361, 0.701798290971726, 0.011857805910003863, 0.8248182911837971, 0.810143720207014, 0.471873931142478, 0.5857662336589058, 0.34466753869368294, 0.5573397957047476, 0.7022075619035754, 0.45807041004492816, 0.6453270439973422, 0.8027880952586708, 0.648939519530363, 0.7515276868335016], "rn16": [0, 0, 0, 0, 0, 0, 0, 0, 0, 0, 0, 0, 0, 0, 0, 0], "pos": [-0.2198, 0.1244]}