{"time": 60141839.0, "tag": 1, "phase": [0.5985235578057675, -0.9415736069851384, -2.757958821300162, -0.363389655524061, 0.7695147869886533, 2.0645219972137934, -2.6005863307558434, -5.242142651793753, -1.5205586553135726, -3.750652852182342, 2.6471364149274437, 3.919104380291983, 0.8909486610333088, 1.0244884234050775, -0.4003465090864524, 0.38674529974143956], "rss": [0.36853410424132144, 0.7214977354083468, 0.6231882361270312, 0.008258826415020088, 0.7842110581900043, 0.837308120148911, 0.4550909164142602, 0.5832264742607872, 0.32246781851085043, 0.557740082983606, 0.7145737287207874, 0.45825826050854007, 0.6407527393644648, 0.8072984853986707, 0.6285519647310107, 0.8261286395951647], "rn16": [0, 0, 0, 0, 0, 0, 0, 0, 0, 0, 0, 0, 0, 0, 0, 0], "pos": [-0.2166, 0.1766]}