{"time": 59944884.0, "tag": 1, "phase": [0.2396926926219285, -1.4513474266891109, 3.0540392369541927, 3.1969091715125924, 1.440104651712299, 2.307430111215635, -2.2840234776634385, -5.035062966908283, -2.1889175354293693, -4.097073281730589, 1.6664681798709338, 2.838456735452187, 0.6913744184535064, 0.10320519218829777, -0.41480962697310897, -0.6145871706202357], "rss": [0.49744695245725684, 0.5577262256396159, 0.4090714763646403, 0.0031263683730139605, 0.2570959939374622, 0.20289823990053624, 0.4558302717189156, 0.5764953620569553, 0.18712826090234122, 0.43842292699477947, 0.6627126560523886, 0.15948671111437213, 0.8775397208525347, 0.5585643408892178, 0.9203850334688158, 0.6364122468220018], "rn16": [0, 0, 0, 0, 0, 0, 0, 0, 0, 0, 0, 0, 0, 0, 0, 0], "pos": [0.0517, 0.7351]}