{"time": 60141839.0, "tag": 1, "phase": [0.5398239056639142, -0.9193462017691576, -2.8442348617655875, -0.283767003049352, 0.7778419999082385, 2.016830279749812, -2.308550325347494, -5.501190129808272, -1.4497007559652793, -3.6548091408343018, 2.757428219670605, 3.8988027405418033, 0.9315825308855201, 1.0955793409309478, -0.3569785264309491, 0.1973715275698147], "rss": [0.3665128401064192, 0.7476557679281947, 0.7173732108951352, 0.009731461353448477, 0.8016974482546388, 0.8214560919413955, 0.5125929380804488, 0.4488708097814137, 0.3613676090694487, 0.6423720517395755, 0.7333938109324212, 0.47226067683935874, 0.6938959975050177, 0.7924754335491788, 0.6169926872458805, 0.9020435165975078], "rn16": [0, 0, 0, 0, 0, 0, 0, 0, 0, 0, 0, 0, 0, 0, 1, 0], "pos": [-0.2117, 0.2257]}