{"time": 59936678.0, "tag": 1, "phase": [-3.667218273247914, -5.2451628859024275, -0.06951295690973157, -0.08658318018671407, -3.536112154761704, 4.567029325337085, -0.5436860120180658, -4.034367721005315, -4.210467151017555, 0.14091157853529146, 0.20617259231361673, 2.2762360157663064, -3.3186867840127086, -2.508524628655845, -4.388634820032019, -3.406209545486788], "rss": [0.3824270453406803, 0.40085322665243234, 0.3868907981329184, 0.017597953353594018, 0.8037400018407388, 0.553740071296962, 0.6067809810200236, 0.5546712383904986, 0.08018794738358678, 0.15389740226784523, 0.272846629885183, 0.11989975330763339, 0.49219522473225913, 0.45469716531817184, 0.5901505156377722, 0.468434247108512], "rn16": [0, 0, 0, 0, 0, 0, 0, 0, 0, 0, 0, 0, 0, 0, 0, 0], "pos": [-0.1453, 0.3203]}