{"time": 59936678.0, "tag": 1, "phase": [-3.9304268640775564, -5.159050338971266, -0.049270068064088283, -0.24538481757472885, -3.5602817212315503, 4.628402279405068, -0.6977198453490012, -4.117724431459389, -4.323852389262235, 0.18217484524337713, 0.1381684242880452, 2.3650342338963313, -3.262486270663965, -2.5196123800756025, -4.431507441045266, -3.3022134747978225], "rss": [0.36923928540780604, 0.43119967566381845, 0.2693152212587201, 0.02276822929864303, 0.7270472901700249, 0.5826359242302918, 0.5340483896715109, 0.5334413855407897, 0.07368159759187975, 0.16190022564434192, 0.2817122467392119, 0.09493900472014254, 0.5776012123802369, 0.4862172185663875, 0.6551092347575203, 0.45784737872575937], "rn16": [0, 0, 0, 0, 0, 0, 0, 0, 0, 0, 0, 0, 0, 0, 0, 0], "pos": [-0.0953, 0.3658]}