{"time": 59936678.0, "tag": 1, "phase": [-4.00943070672357, -5.236608100562245, 0.11663771356057132, -0.21199318248441745, -3.418495495915853, 4.633326872241623, -0.49455966213025215, -4.035016876945238, -4.328354212163641, -0.04666991458472025, 0.1271023226702864, 2.1694874202336303, -3.245252335779034, -2.5451298345987694, -4.509762407746987, -3.323197891113341], "rss": [0.3242619611163447, 0.3782178717351928, 0.28142216547381305, 0.022499696944832264, 0.7661888488599858, 0.5879680508537235, 0.601693712841658, 0.6565363721594394, 0.06982828250416359, 0.14674690447157557, 0.3482123253783913, 0.08600550441276503, 0.6464670765374052, 0.5241347996890632, 0.5779982318868401, 0.503915190741116], "rn16": [0, 0, 0, 0, 0, 1, 1, 0, 0, 0, 0, 1, 0, 0, 1, 1], "pos": [-0.0644, 0.4094]}