{"time": 60040898.0, "tag": 1, "phase": [-5.120847076724242, -0.7272568364710241, -2.8436244638569406, -0.4078595650823029, 0.7434999470210909, 1.9681130591472629, -2.338023815964557, -5.245993664243079, -1.230218672752558, -3.5690938088401625, 2.8864630350123557, 3.926829581563608, 0.9800226847684272, 1.2192581568287357, -0.09683836015265745, 0.4122998581065629], "rss": [0.2998491277005433, 0.702096553667593, 0.5654225043067015, 0.008627896708399804, 0.6004563203435421, 0.5958809364992422, 0.3492759316247675, 0.43665079265928947, 0.2507164664118947, 0.5189784740470695, 0.6111056819125421, 0.31423074525722855, 0.5434417272128597, 0.7354921505281731, 0.5687228175622561, 0.731858077509662], "rn16": [0, 0, 0, 0, 0, 0, 0, 0, 0, 0, 0, 0, 0, 0, 0, 0], "pos": [-0.1083, 0.4483]}