{"time": 60040898.0, "tag": 1, "phase": [-4.946782103118178, -0.8918585653751074, -2.839797167862179, -0.06191023786050964, 0.7028079080711952, 1.975431788626695, -2.64076434390962, -5.057191118294936, -1.054648219100098, -3.5695697237047064, 2.8440173037350553, 3.953565198561987, 0.9953846832588655, 1.338954840461473, -0.324723714478113, 0.45103399007745004], "rss": [0.3024791456237552, 0.687011318419271, 0.5885074139262171, 0.009925687985004369, 0.561752812038892, 0.6907272088909325, 0.29676240234720663, 0.5585935925947841, 0.315059161424925, 0.508544066592554, 0.7158783680065226, 0.3311722695961771, 0.5405107924198426, 0.7527229674394739, 0.5301030956300904, 0.7238010863603331], "rn16": [0, 0, 0, 0, 0, 0, 0, 0, 0, 0, 0, 0, 0, 0, 0, 0], "pos": [-0.1418, 0.4876]}