{"time": 60040898.0, "tag": 1, "phase": [-5.329967250376425, -0.6565201133972756, -2.815425866116035, -0.500984071884397, 0.6473457647936863, 1.9699527263748036, -2.520587324665514, -5.216665847470038, -1.1920265552937201, -3.4110231117576943, 2.797841685452811, 4.005303188134063, 0.8194115056305527, 1.1587640971539006, -0.23790357076907553, 0.2175300510778706], "rss": [0.3386521023787003, 0.6560120848221808, 0.6271024972162772, 0.006259913611393359, 0.5560830490338997, 0.6623412870712743, 0.3491684853764618, 0.4742638294918247, 0.2689381862360641, 0.6033196674945489, 0.656039526062386, 0.42887974974442117, 0.5449400804959188, 0.7205598858938725, 0.5446251557307392, 0.6704346131782664], "rn16": [0, 0, 0, 0, 0, 0, 0, 0, 0, 0, 0, 0, 0, 0, 0, 0], "pos": [-0.1615, 0.5205]}