{"time": 60061871.0, "tag": 1, "phase": [-4.666741550063521, -4.511551190263455, 0.8364573949171826, -0.536865960452301, 0.669664674344146, 0.7210345403337691, -4.781613518950904, -6.150669240361864, -4.695723893008213, 0.6404409469758463, 1.2524497412051951, 1.7308361619282, 1.5657678884087853, 1.0337640442799132, 0.3729755248938571, 0.19144126728520083], "rss": [0.9950541539229548, 0.8552816263526489, 0.5677915074378298, 0.02417914091188434, 0.8238090618091256, 0.5146761957537066, 0.5498974964536865, 0.7652931113036056, 0.5664662863684954, 0.6955396833438698, 0.6403942926572768, 0.5486730810871568, 0.4721833171548812, 0.5080832024002897, 0.4419933785615098, 0.5149839948564726], "rn16": [0, 0, 0, 0, 0, 1, 1, 1, 1, 0, 0, 0, 0, 0, 0, 1], "pos": [-0.0806, 0.5042]}