{"time": 60061871.0, "tag": 1, "phase": [-4.6544084774285945, -4.443409353606351, 0.8704516152140332, -0.4396459121419456, 0.6155818392685678, 0.6074701345961462, -4.8122674537675625, 0.03707662796864719, -4.6841168070248, 0.6210794468564711, 1.3043391574287178, 1.73343716300692, 1.7335152833271845, 0.9214514825066822, 0.4592668817646124, 0.09585482767492093], "rss": [0.9822359513117985, 0.9595792351839822, 0.5686077710809992, 0.028819195959718193, 0.820506064657503, 0.4150269534048933, 0.5413146994470203, 0.747486259737728, 0.565586126774571, 0.7410274394083052, 0.6381934185530618, 0.5056374239941787, 0.5019419877781164, 0.5048873389175288, 0.4672020544577619, 0.5070440488494274], "rn16": [0, 1, 0, 0, 0, 0, 0, 0, 0, 0, 1, 0, 0, 0, 0, 0], "pos": [-0.0152, 0.49]}