{"time": 59944884.0, "tag": 1, "phase": [0.17033660480892587, -1.3141614320588912, 3.0065407782653293, 1.2823370066638449, 1.4563501336655604, 2.2232225155368885, -2.4581798324065436, -5.163740085922285, -2.253830880985833, -4.101421647411261, 1.7098263532281646, 2.7432187037778957, 0.6528811069124723, 0.28366614841710636, -0.4085821938930574, -0.6813832326957567], "rss": [0.5251989300896958, 0.5294282122778352, 0.3857953541493911, 0.0017291632041940808, 0.25602248596875304, 0.2762924328075212, 0.4473855497329551, 0.5716834955223173, 0.22868290797397559, 0.4070694163600605, 0.630113866220993, 0.19922230257870907, 1.042056769814291, 0.7287489185407601, 0.9112366680757588, 0.61850674996598], "rn16": [0, 0, 0, 0, 0, 0, 0, 0, 0, 0, 0, 0, 0, 0, 0, 0], "pos": [-0.0007, 0.736]}