{"time": 60061871.0, "tag": 1, "phase": [-4.715018132125927, -4.549523255398619, 1.0365043373777385, -0.43525696031028804, 0.6202911345829106, 0.6871806251238204, -4.753576619586761, -0.034936635984418096, -4.636538000570084, 0.6717296619995154, 1.3241265575116472, 1.7703707124733277, 1.5057136444363484, 0.9136533691418118, 0.31454334078294677, 0.11486019707976158], "rss": [0.9542222272800124, 0.9486837034240307, 0.5897980868719102, 0.026003187716313787, 0.8204040310810431, 0.49934294370456933, 0.5626877738656653, 0.7392237067663424, 0.577817425503235, 0.6796877703668005, 0.6514606206603512, 0.5661704449929481, 0.4457740770149823, 0.48458679270784644, 0.4142214848992814, 0.531777175092924], "rn16": [0, 0, 0, 0, 0, 0, 0, 0, 0, 0, 0, 0, 0, 0, 0, 0], "pos": [0.0336, 0.4777]}