{"time": 60061871.0, "tag": 1, "phase": [-4.716577917719784, -4.5803700573360135, 0.9514487248380172, -0.40836716225551717, 0.6054350350506358, 0.6683916723855514, -4.795843445246996, -6.163149379540697, -4.616157511679907, 0.6278172620868678, 1.2940713573472948, 1.7266121966290875, 1.5986702839022424, 1.1056134015373726, 0.4859841551717139, 0.45021134840703314], "rss": [0.9891355060791256, 0.8553293326020028, 0.5935688789727688, 0.0261312828951218, 0.8134496512226701, 0.4917613785547164, 0.5540559604724693, 0.746313059909189, 0.5881997006233801, 0.7158076374875311, 0.6228983039611181, 0.543648099057903, 0.46287075637411196, 0.501683015600503, 0.47521124297085277, 0.47073533083543834], "rn16": [0, 0, 0, 0, 0, 0, 0, 0, 0, 0, 0, 0, 0, 0, 0, 0], "pos": [0.0794, 0.465]}