{"time": 59831180.0, "tag": 1, "phase": [-1.826912472845632, -3.9765517230356195, 1.7491460060752524, 1.510048498582988, -2.0749574785052984, -0.16247184126485226, -5.993276423648936, -3.0396142455642248, -2.0590696098927275, -4.427319443867017, 2.5870656328941206, -1.5684538246786204, -0.4097424681975901, 0.15062308688762097, -1.5960340192258258, -0.44893597605327307], "rss": [0.17271614392513607, 0.6256608674018057, 0.7592199563077843, 0.061936220346778405, 1.2991450544836953, 0.931572710731541, 1.2337236622121162, 1.0886972418368173, 0.4500164128550994, 0.46978148724660934, 0.7029686986757625, 0.47019967762862486, 0.5389483984585153, 0.4920284842920397, 0.47027455919251787, 0.47865089434294733], "rn16": [0, 0, 0, 0, 0, 0, 0, 0, 0, 0, 0, 0, 0, 0, 0, 0], "pos": [0.1331, 0.4924]}