{"time": 59831180.0, "tag": 1, "phase": [-2.0491928601901863, -4.045129472965094, 1.8278674548103626, 1.3692638133845545, -2.0654928949079356, -0.09339436363940345, -5.9744553440230295, -3.1206902077484213, -2.051652447604221, -4.626296641783617, 2.6163302435295956, -1.5719627821335664, -0.4973488012520594, 0.2380363704363361, -1.4881863714681511, -0.6897656819358029], "rss": [0.18556237120427246, 0.7472999581410334, 0.8223412569782275, 0.05214737732852323, 1.341565133325509, 1.1334483624875404, 1.1356002659777025, 0.993870187231855, 0.47620382288954327, 0.37498288902389326, 0.6524110931439987, 0.45481269074893366, 0.5317625884519502, 0.4475568891021287, 0.437490833577222, 0.5169164975390349], "rn16": [0, 0, 0, 0, 0, 1, 1, 0, 0, 1, 0, 0, 0, 0, 0, 0], "pos": [0.1716, 0.5181]}