{"time": 59831180.0, "tag": 1, "phase": [-1.8750127724777266, -3.9612345116390073, 1.7762156831875262, 1.4921448366037542, -2.080062676478294, -0.16431468615939204, -6.006785950865158, -3.105770128413749, -2.0891892582877167, -4.24534467594354, 2.64632060548803, -1.5251428733883792, -0.522628360397846, 0.2739872128991463, -1.4638668727465411, -0.673522707207378], "rss": [0.15950338332538266, 0.6232890931821864, 0.7021939951140868, 0.05803146784128445, 1.3047521454759832, 1.0731838419404003, 1.0698206424887164, 1.1152734061321175, 0.4509598898436978, 0.5370093521737772, 0.7215953481347142, 0.4942815799375065, 0.5371633868913951, 0.4547713376038417, 0.5123413250479969, 0.4669581295294498], "rn16": [0, 0, 0, 0, 0, 0, 0, 0, 0, 0, 0, 0, 0, 0, 0, 0], "pos": [0.2054, 0.5435]}