{"time": 59982215.0, "tag": 1, "phase": [-4.6819171581637224, 0.0980197984954061, -1.2873489240527638, -0.23503604845283688, -3.8524076556622426, 3.9386702481385454, -1.2036966709914596, -4.659833639023004, 0.4814808509624733, -1.6598748613228769, -1.3775507910575406, 0.45252144817697393, -4.056489962924992, 2.826316987511173, -5.170121628062734, 1.9981909444236081], "rss": [0.3709866554254881, 0.48174029975196464, 0.3246957115774624, 0.014454379254666224, 0.7982284179825356, 0.5209979278661173, 0.5092750136575296, 0.5928249015955064, 0.378324107486774, 0.29140188536120976, 0.40637103239189826, 0.2843330572091764, 0.6129069092542874, 0.617413077203163, 0.729111036437545, 0.5771144142272482], "rn16": [0, 0, 0, 0, 0, 0, 0, 0, 0, 0, 0, 0, 0, 0, 0, 0], "pos": [0.1785, 0.5598]}