{"time": 59982215.0, "tag": 1, "phase": [-4.619347455745457, 0.15452828316467349, -1.2351731998349038, -0.06931215030379567, 2.4066893951273394, 3.9365227582794544, -1.1198748687139664, -4.690639217208254, 0.48000567185030185, -1.6938181408612698, -1.403529113845786, 0.402289599432197, -4.066137754253974, 2.844019575801937, -5.170922783480751, 1.9931161085104845], "rss": [0.35219285890800356, 0.5048808629932848, 0.3820976378137686, 0.017810162875184284, 0.7514556892874391, 0.5356624222229829, 0.5905411335693262, 0.5701994723282862, 0.3854829603412495, 0.3163780985645948, 0.42097822814989244, 0.2708203490065117, 0.641943301536008, 0.655577948632783, 0.6866479950619779, 0.6939339348163175], "rn16": [1, 1, 1, 0, 0, 0, 0, 1, 0, 1, 0, 1, 1, 1, 1, 1], "pos": [0.1479, 0.5755]}