{"time": 59982215.0, "tag": 1, "phase": [-4.6328878706750025, 0.1617072490410516, -1.2448761240741864, -0.10933702589192551, 2.381756343103678, 3.947205957691213, -1.1722700793674492, -4.611740606248753, 0.4459051720263729, -1.673512400203474, -1.5231980745815776, 0.39287797218389786, -4.0509390313200235, 2.884133784534966, -5.1776555849279005, 1.993245638612877], "rss": [0.38711633894370917, 0.5005335803459849, 0.3941699193948523, 0.018314614918229354, 0.7572116778833219, 0.5564202374862958, 0.5831528339261673, 0.6674367903120071, 0.39313693745201117, 0.2809795100287814, 0.4154233508030136, 0.2711356711011857, 0.692384464608202, 0.6456956483402468, 0.7165655383759866, 0.6254038651836514], "rn16": [0, 0, 0, 0, 0, 0, 0, 0, 0, 0, 0, 0, 0, 0, 0, 0], "pos": [0.1235, 0.5901]}