{"time": 60145297.0, "tag": 1, "phase": [0.3575605861444058, -1.3683913589218533, 1.7492424780536406, 3.1819900405219093, 0.1607312262851085, 1.6781622250503518, -2.714866802237535, -5.058794857193057, -2.843313808755364, -4.387388123713913, 1.740521192356057, 1.970209551213388, 0.6905802429649504, -0.1303909204995784, -0.37574611416517656, -0.9627247292165728], "rss": [0.5861582381416085, 0.45710078375678387, 0.3496390918515093, 0.009010585386594902, 0.11785898285891003, 0.1855393253293832, 0.6426402346739731, 0.512961077590481, 0.18113167834338692, 0.6738395644708621, 0.672109383633469, 0.24700973440509955, 0.8528557471594309, 0.6085893433578098, 0.7476142718608235, 0.554324955193891], "rn16": [0, 0, 0, 0, 0, 0, 0, 0, 0, 0, 0, 0, 0, 0, 0, 0], "pos": [0.1026, 0.59]}