{"time": 60145297.0, "tag": 1, "phase": [0.02280638479496666, -1.3203054461953507, 2.366366131806988, 2.515792737569134, -0.01182099770073175, 1.5695466560119662, -2.5690591594975616, -5.455410673194068, -2.667429002906256, -4.186023905127816, 1.4569635868262356, 2.1480950166231434, 0.5242309890635606, 0.11056044139512827, -0.4803989551078953, -1.0566596026397097], "rss": [0.48445991850477316, 0.5582318087742992, 0.3648367466881522, 0.010132111978908178, 0.15299370728169578, 0.12295030727569932, 0.30217572788307046, 0.7054611540354134, 0.17471632736708748, 0.4586585943633773, 0.7588601811869308, 0.2833656471234222, 1.0986623266109046, 0.6767447025099497, 0.7773552686136711, 0.701049352963723], "rn16": [0, 0, 0, 0, 0, 0, 0, 0, 0, 0, 0, 0, 0, 0, 0, 0], "pos": [0.095, 0.5903]}