{"time": 59944884.0, "tag": 1, "phase": [0.13388367347273267, -1.3522661279651422, 3.027604027818598, 4.824862511290345, 1.432989024964209, 2.172441078655302, -2.5046436892981343, -5.308907033163752, -2.2876490761318995, -4.085938859060322, 1.6423913417064429, 2.705592279098826, 0.7750140179895455, 0.17654479262887748, -0.49884735165798255, -0.6325090735297394], "rss": [0.557051237970517, 0.5106201378922328, 0.3841006968462276, 0.004740701691578869, 0.28540498444445617, 0.2159052103307448, 0.613806235834716, 0.6710756251211198, 0.2210589611762101, 0.3778938816891485, 0.709190553071339, 0.17472802309217952, 0.8114551337851441, 0.6101994678384614, 0.9526777331051416, 0.5820952558438758], "rn16": [0, 0, 0, 0, 0, 0, 0, 0, 0, 0, 0, 0, 0, 0, 0, 0], "pos": [-0.0313, 0.7361]}