{"time": 60145297.0, "tag": 1, "phase": [0.09046136568534724, -1.2718522163010726, 2.3614683416611237, 3.6631619467504644, 1.8533861545806607, 1.5414539534181142, -2.5834773236980473, -5.128759855130916, -2.8664864753454777, -4.250793859148117, 1.60852780655698, 2.035403043026423, 0.6672724403262054, -0.10123767611900653, -0.5191013835462133, -1.0355615393897035], "rss": [0.5125983472011207, 0.49550116450715215, 0.3517467263946662, 0.009045063355886543, 0.11951966849490467, 0.11788242986239722, 0.4132479431802886, 0.5760945444644971, 0.12085196295916927, 0.4684106486500698, 0.7274327470531446, 0.23025279541869284, 0.8923193791212417, 0.5949848131571975, 1.0035479001436716, 0.592965154664536], "rn16": [1, 0, 1, 0, 1, 1, 0, 1, 0, 1, 1, 0, 0, 1, 0, 0], "pos": [0.0659, 0.5915]}