{"time": 60145297.0, "tag": 1, "phase": [0.012287299224948534, -1.2964469936923488, 2.6088403680073826, 3.9749738730337967, -0.009884888053390162, 1.6915156723673972, -2.5257831665453248, -5.538351519710389, -2.7862975606644875, -4.268191229878776, 1.6632188608536895, 1.6629855528654494, 0.6370935082033213, -0.129870740630537, -0.5208821183727228, -0.9148116214263228], "rss": [0.47562578858935384, 0.4733649690032242, 0.4192342965240966, 0.004944773856550455, 0.21780254626509615, 0.1399761011128093, 0.39516409491184157, 0.7215694279896893, 0.16093771030610365, 0.5151257160725831, 0.7192791637700694, 0.24791014329427546, 0.8492993292496162, 0.7036393130053505, 1.0369605020114125, 0.6482609540416409], "rn16": [0, 0, 0, 0, 0, 0, 0, 0, 0, 0, 0, 0, 0, 0, 0, 0], "pos": [0.0231, 0.5998]}