{"time": 60463402.0, "tag": 1, "phase": [-4.524011288184301, -4.558132702929992, 1.210119947874171, -0.4375722132402018, 0.7885871911747447, 1.006504538584775, -4.673258505562247, -5.992959171560829, -4.37724960709862, 1.2095138447044678, 1.8636639738544325, 2.4406916290810985, -3.9026297390422418, 1.4316222120555857, -5.058839822061767, 0.6415168298847727], "rss": [0.8357847396468889, 0.9743946241495728, 0.7291133949407158, 0.035274416155509414, 0.7844442537295456, 0.469367368472548, 0.7670255148953885, 0.8405625215808721, 0.6655760267602503, 0.766441635249791, 0.5254043706112498, 0.5690468234920885, 0.5229481068202785, 0.7846938904383947, 0.48905718628059525, 0.7126686255877906], "rn16": [0, 0, 0, 0, 0, 0, 0, 0, 0, 0, 0, 0, 0, 0, 0, 0], "pos": [0.0772, 0.5784]}