{"time": 60463402.0, "tag": 1, "phase": [-4.598416385713387, -4.586825552792665, 1.3951559508340556, -0.5135599948085394, 0.9340735061913742, 1.0152058828908523, -4.721984577036492, -6.074222279686715, -4.334516730573373, 1.1453935625747682, 1.6761217389139773, 2.429920421612702, -3.8909692380091956, 1.4561191922520307, -5.15681521214753, 0.6269227925614678], "rss": [0.8956587132206095, 0.9622288890292802, 0.6442744247623005, 0.03751069161335272, 0.7736002270320453, 0.4605305524864418, 0.7765750198145471, 0.936884065165848, 0.6465201018654263, 0.7696053007062791, 0.5445784174697699, 0.5466354278396757, 0.5368311950907, 0.683490106347519, 0.5323435865120263, 0.7354038724626981], "rn16": [0, 0, 0, 0, 0, 0, 0, 0, 0, 0, 0, 0, 0, 0, 0, 0], "pos": [0.1155, 0.5586]}