{"time": 60463402.0, "tag": 1, "phase": [-4.543597899573997, -4.534171026345568, 1.321398539284161, -0.5025652859412824, 0.7370060911508399, 1.1074711768410002, -4.568587417611441, -6.027060382086489, -4.320929145019647, 1.1637189604677276, 1.7548875624140459, 2.4462695337441946, -3.794706886077765, 1.4774836649655014, -4.933219813902155, 0.5137694971717142], "rss": [0.8610453424322504, 1.0001165669959426, 0.634312280890671, 0.037991001736405766, 0.7938499675793553, 0.4515800696064723, 0.7442433616839397, 0.9580505703292708, 0.6286355724700878, 0.7028638931387549, 0.5353620214537006, 0.6370094653887288, 0.539583344311087, 0.7897469538500794, 0.562080872574037, 0.802954621619561], "rn16": [0, 0, 0, 0, 1, 0, 0, 1, 1, 0, 0, 0, 0, 1, 0, 0], "pos": [0.1494, 0.5392]}