{"time": 60463402.0, "tag": 1, "phase": [-4.494334637346872, -4.4919205205777075, 1.2983185719382004, -0.34286569654665033, 0.7473594813380767, 1.1000220694420986, -4.592316636458471, -5.9312348710601475, -4.293066824671758, 1.1252114441490086, 1.8313913260684176, 2.488868873064268, -4.09476252143199, 1.3895588774949474, -4.980287165883279, 0.6149335845901538], "rss": [0.9084054885340945, 0.9898710428831441, 0.693260631751719, 0.035073655607424675, 0.7803405632166752, 0.43010390300820384, 0.7314318762122942, 0.8619749205504431, 0.6384477277360717, 0.75182328585813, 0.5370039771028042, 0.5529257286035485, 0.5091162813246167, 0.7562294598751517, 0.5443181096015124, 0.7238162998004359], "rn16": [0, 0, 0, 0, 0, 0, 0, 0, 0, 0, 0, 0, 0, 0, 0, 0], "pos": [0.1742, 0.5219]}