{"time": 60227828.0, "tag": 1, "phase": [-3.78960070236551, -4.9858985401230385, 1.3212663945096237, 1.5969360267544985, -2.0505533026463993, -0.17692327585145473, -0.18117378089419933, -3.5314654394790046, -3.199230677632018, 1.5564499627188562, 2.446887656228382, 3.857680402129496, -0.29996449253639323, -0.014089431768930197, -1.4065932088701087, -0.8763844142120534], "rss": [0.4437626308721194, 0.4646213595420297, 0.3975422003926579, 0.03697688480028955, 0.8405218942550627, 0.703557261409001, 0.6893194625428054, 0.6028843065304417, 0.20204955037273334, 0.41987665391775797, 0.4002263652858934, 0.2715564002721897, 0.5981867983396119, 0.4994889756754771, 0.6259266033564557, 0.4863117702175137], "rn16": [1, 0, 1, 0, 1, 0, 0, 1, 1, 0, 0, 1, 0, 0, 0, 1], "pos": [0.208, 0.5365]}