{"time": 60227828.0, "tag": 1, "phase": [-3.7421960540018357, -4.995988510328706, 1.3557867996211586, 1.5966394913335757, -2.036578874307423, -0.17894369059002146, -0.14352464555283406, -3.588477881660547, -3.1799447216614922, 1.5761167257074293, 2.479059824913114, 3.8072140088306794, -0.29398753366959485, -0.08293391443111064, -1.428484101426689, -0.9677267993113023], "rss": [0.4381992800425499, 0.4591381803001537, 0.3869920304853591, 0.03898308318205837, 0.8358520594318981, 0.7092729234366028, 0.6726268562179135, 0.5911034984066621, 0.20940345830671703, 0.4113584209518226, 0.4007964841695557, 0.27828774259377964, 0.551932782603659, 0.45865765496336125, 0.612032218112225, 0.4768139026280742], "rn16": [0, 0, 0, 0, 0, 1, 1, 0, 0, 0, 1, 0, 0, 0, 0, 0], "pos": [0.2334, 0.5503]}