{"time": 60227828.0, "tag": 1, "phase": [-3.7140509629866116, -5.0330244984681904, 1.30972451844817, 1.609622639877753, -2.169963648282109, -0.22074811783101, -0.12381901180272115, -3.58220713234602, -3.2719118858697067, 1.589421722126738, 2.4335369020383677, 3.8203648761687905, -0.33106911216205004, -0.03200261097611712, -1.3995764726714626, -0.8848647545706737], "rss": [0.4252514906348321, 0.4695613847215805, 0.40526312915512286, 0.036894427040624914, 0.85501332045635, 0.7227390171302128, 0.7100552257845654, 0.5917393612855202, 0.20365238208323116, 0.4206279444852341, 0.3975326575655862, 0.27729442169497215, 0.5497765124674932, 0.5175335261254334, 0.5748877287318096, 0.4775080979663559], "rn16": [0, 0, 0, 0, 0, 0, 0, 0, 0, 0, 0, 0, 0, 0, 0, 0], "pos": [0.2554, 0.563]}