{"time": 60227828.0, "tag": 1, "phase": [-3.770465854106763, -4.966953886100689, 1.3313393925605388, 1.6149464723895783, -2.150503123384671, -0.2274779974600778, -0.16246630717906374, -3.5910900176553278, -3.1881510775998274, 1.6169482994552407, 2.486724030596741, 3.7882489752355446, -0.3460361548239228, -0.0843704149334839, -1.44177501771499, -0.8402142571838493], "rss": [0.43217860254131596, 0.47641762697650697, 0.4010740159489738, 0.039920888580291615, 0.858233959262114, 0.7319860046119651, 0.7060522843110144, 0.5895141949467867, 0.2124633541737705, 0.3901322171144515, 0.4086048882221627, 0.27963597222310005, 0.5838551034143685, 0.47223973493956395, 0.5871163811656664, 0.49188238008159385], "rn16": [0, 0, 0, 0, 0, 0, 0, 0, 0, 0, 0, 0, 0, 0, 0, 0], "pos": [0.273, 0.5748]}