{"time": 60101543.0, "tag": 1, "phase": [-4.715731474183715, -4.510263066617126, 0.5810567513074096, 5.500772710498447, 0.4725105805769466, 0.49228668082499993, -4.437163440181639, 0.031961727197939105, 1.0076196094517371, 0.054543375817714956, 0.29539396024599446, 0.4814132113600448, 0.6708880429713862, -0.11575214902949849, -0.4299379587144452, -1.0717103645764023], "rss": [0.8442122518289265, 0.8894527982911982, 0.6009547084565406, 0.020167159714441225, 0.6915462908505945, 0.6242980143239385, 0.415899866900809, 0.6241986411389835, 0.5382226745555942, 0.5853758018056726, 0.6701362909177795, 0.6789002331033858, 0.4857042926059714, 0.42937051948590677, 0.4398978724020749, 0.3794528062055909], "rn16": [0, 0, 0, 0, 0, 0, 0, 0, 0, 0, 0, 0, 0, 0, 0, 0], "pos": [-0.0021, 0.711]}