{"time": 60387479.0, "tag": 1, "phase": [0.4117963079346323, -1.4149409614834145, -3.0978095822897416, 0.5340080609775522, 1.9224477620101923, 2.94450180170574, -2.235965844112017, -5.057359282759137, -1.8176055606060038, -3.6845391249739974, 2.0112754681104628, 3.848805381471713, 0.7661623644355287, 0.671437508818733, -0.35169174343868703, -0.3293969539755244], "rss": [0.6668941984382158, 0.5147101281230101, 0.3116589703453007, 0.004102214329665599, 0.4244438929106094, 0.2820371422193965, 0.5965891590078437, 0.6867614033288268, 0.24997883993084752, 0.3616901347846625, 0.5540850268864506, 0.15807113479863882, 0.939678231205062, 0.6135632821668169, 0.9904980735588793, 0.5785768459060364], "rn16": [0, 0, 1, 1, 1, 0, 0, 1, 1, 0, 0, 1, 1, 1, 1, 1], "pos": [0.1866, 0.5876]}