{"time": 60387479.0, "tag": 1, "phase": [0.18118071489304954, -1.3967201776859166, -2.978678176382121, 0.720908808708427, 1.9292728434519777, 2.83428149742758, -2.1936618887578896, -4.9499976657542435, -1.8184327433413265, -3.93003527171924, 1.933541755291391, 4.180775111236686, 0.8421920946586787, 0.6517703924960172, -0.38135483049930996, -0.1971998549849886], "rss": [0.6953048805482581, 0.5777020839774325, 0.3168771028886953, 0.008439768839502303, 0.5279189120797324, 0.308637595341477, 0.4342155066571689, 0.5745221280109923, 0.29655876919498386, 0.5432388558488901, 0.5620075092814685, 0.13034344922145696, 0.8018650673677347, 0.4875634778341113, 1.0283968641158405, 0.5776127855105994], "rn16": [0, 0, 0, 0, 0, 0, 0, 0, 0, 0, 0, 0, 0, 0, 0, 0], "pos": [0.1138, 0.5986]}