{"time": 60387479.0, "tag": 1, "phase": [0.34069333727055806, -1.352922469849214, -2.7921930113013036, 5.303337459355957, 1.837205628116637, 3.0073446080886237, -2.1957173011937297, -5.096468845772469, -1.7305708830980449, -3.643560924382382, 1.9813912358457537, 4.257684221740142, 0.7960244929881712, 0.5447620778192823, -0.3727851524571477, -0.25940152412789064], "rss": [0.6100035730759192, 0.6356500098718477, 0.3537655987693477, 0.004571396942435856, 0.4289573565689523, 0.23585022713300643, 0.46870572635863, 0.6295795434615171, 0.26965791644952414, 0.3066181832384237, 0.543529552576671, 0.12785696343916858, 0.9171722615011135, 0.5349453307803742, 0.9165825703286038, 0.5664369215356024], "rn16": [0, 0, 0, 0, 0, 0, 0, 0, 0, 0, 0, 0, 0, 0, 0, 0], "pos": [0.0648, 0.6074]}