{"time": 60542496.0, "tag": 1, "phase": [0.7180360058381701, -1.2482177464544852, -2.3870887159915064, 0.8333812194440036, 2.030275473984947, 3.3590822424950897, -2.189004787463369, -5.027182593267275, -1.4167954533346858, -2.357456735609737, 2.4109198106688776, -1.4435462111367032, 0.7925783232744454, 1.2192822211962897, -0.19354740376606094, 0.4520992905557417], "rss": [0.6360446920211432, 0.3860162376748913, 0.9369798457230928, 0.003698778571560979, 0.9542107574640178, 1.1419297201412164, 0.7371458178588557, 0.776957752902289, 0.5153552101413394, 0.603996088390887, 0.34366902497644003, 0.623744461664703, 0.9724619240968496, 0.701981953396179, 1.2767484648712564, 0.6601359323603458], "rn16": [0, 0, 0, 1, 0, 0, 0, 0, 0, 0, 0, 0, 0, 0, 0, 0], "pos": [0.0334, 0.6211]}