{"time": 60542496.0, "tag": 1, "phase": [0.48224774450161334, -1.0398550477554636, -1.9464115150342394, 0.8805107200137012, 2.18170443141708, 3.328270492401672, -1.7397101136294495, -5.412743821303938, -1.2323142299927206, -2.911911289769134, 2.5406372267237534, -1.4341305828298099, 0.8932081036583523, 1.2800601911743523, -0.3609611972098603, 0.3563622989515134], "rss": [0.8168736936723259, 0.585600394703429, 0.610047036587872, 0.016105902016024746, 0.9817131106941844, 0.8801814777915664, 0.6697553845081466, 0.9586315273031325, 0.42495156239330445, 0.586501039627575, 0.4529509695528773, 0.4815329856790843, 1.2674179927556495, 0.7564897763679584, 1.413331428101718, 0.6623692850043075], "rn16": [1, 0, 1, 0, 0, 0, 1, 1, 1, 1, 1, 0, 1, 0, 0, 1], "pos": [-0.003, 0.6353]}