{"time": 60542496.0, "tag": 1, "phase": [0.05261844756375922, -1.1686622392203205, -1.9983160588315239, -0.5165060782308601, 2.1564766933592927, 3.394359748573293, -2.1538984746978302, -4.554702068390753, -1.25881460553178, -2.2499044778615915, 2.54408132443542, -1.2264917516181808, 0.7303257830699261, 1.3612745691364845, -0.14574886222012928, 0.46462577897042356], "rss": [0.709798032726634, 0.4986239632658091, 0.6809278090105602, 0.009363741077313074, 1.1240756794190967, 0.9585966896803925, 0.797054210296675, 0.5476418828533298, 0.43507508580081855, 0.3377293730792897, 0.3264845372535047, 0.44862701990659964, 1.131911592237324, 0.4631210382432946, 0.9045295535281614, 0.6565528481215653], "rn16": [0, 0, 0, 0, 0, 0, 0, 0, 0, 0, 0, 0, 0, 0, 0, 0], "pos": [-0.0118, 0.6418]}