{"time": 60542496.0, "tag": 1, "phase": [0.4338903786257813, -1.3627743529750647, -2.0860233336134386, 1.384757444518848, 2.293793173790483, 3.537523960041169, -1.8584770407437408, -5.007606775211353, -1.3293392136709672, -2.911365048704404, 2.5078189511714286, -1.3792314152739547, 0.9531488233229444, 1.2669804521047816, -0.27304336942881924, 0.5069731750732274], "rss": [0.8169944131759769, 0.4937861417645573, 0.6690606647391398, 0.010312503275018425, 0.9531106529331589, 0.613873476366405, 0.6551244706773837, 0.8305433091954727, 0.3689457564111524, 0.41216247714302173, 0.418144697073167, 0.5231516921622521, 1.2321439843035802, 0.5974799605927446, 1.1579929584792494, 0.4572353643997411], "rn16": [0, 0, 0, 1, 0, 0, 1, 0, 1, 0, 1, 0, 0, 0, 1, 0], "pos": [-0.0357, 0.6515]}