{"time": 60255797.0, "tag": 1, "phase": [-4.387367229729513, -4.954475156502541, -0.35332645076119507, 4.4702789634377105, -0.701439944562074, -0.6094049365196603, -5.4358027597257985, -0.4441514775197253, -0.7451706455376323, -1.267027444411137, -1.7118504421993272, -1.2674992759563422, -1.582982385040434, -2.539323305341771, -2.737686490209248, -3.4474756088834786], "rss": [0.6396777510141126, 0.7059130504663843, 0.8587888067776471, 0.0133928469057941, 1.0312110793758886, 1.1127213400403209, 0.5283230919975713, 0.5237639214942927, 0.8698043359764057, 1.2532850166379095, 1.2287294788677334, 0.8683267977363661, 0.9933276045318835, 0.8029177683808644, 1.0373814406684443, 0.8042489898776367], "rn16": [0, 0, 0, 0, 0, 0, 0, 0, 0, 0, 0, 0, 0, 0, 0, 0], "pos": [-0.0519, 0.6351]}