{"time": 60255797.0, "tag": 1, "phase": [-4.387168587516642, -4.983460297691458, -0.3554920164112051, 4.49967335390337, -0.711351181982059, -0.5898780706591309, -5.35204781800837, -0.3997848024166686, -0.7350376882455696, -1.2777286837011388, -1.7138561819246214, -1.2829968812839283, -1.5858144838573653, -2.6029143629086575, -2.7207921122636525, -3.400420136563164], "rss": [0.6555645836902787, 0.7567897137792937, 0.7774963679443042, 0.014699720117350623, 1.0639148514946788, 1.2473418470896278, 0.6034477253291968, 0.5291927062674793, 0.8616524995761397, 1.2553143163680718, 1.1233906496578725, 0.8341814673374448, 1.0430930960657416, 0.7930533080383143, 1.0626230158927157, 0.7665134145162189], "rn16": [0, 0, 0, 0, 0, 0, 0, 0, 0, 0, 0, 0, 1, 1, 0, 1], "pos": [-0.0654, 0.6193]}