{"time": 60255797.0, "tag": 1, "phase": [-4.382466837336792, -4.931319872145321, -0.2732420272089114, 4.434739382795798, -0.5853936216262775, -0.602264951890582, -5.409296392854638, -0.41095511068615664, -0.7355579356107251, -1.263440950381849, -1.7066611140633534, -1.2792948813315936, -1.584565858874236, -2.619589320797211, -2.723151540813091, -3.438263996323176], "rss": [0.6226925424450384, 0.7011185032146553, 0.8720362049655241, 0.013415565074917653, 1.0028263979402372, 1.0727859189352285, 0.5620952438916814, 0.5578287529792929, 0.8217335412894857, 1.2105268362993555, 1.2458481911722425, 0.8889916883942293, 1.0198284532405026, 0.7966027752492979, 1.0459091132414198, 0.7809068234588062], "rn16": [0, 0, 0, 0, 1, 0, 0, 0, 0, 0, 0, 0, 0, 0, 0, 0], "pos": [-0.0762, 0.6046]}