{"time": 60101543.0, "tag": 1, "phase": [-4.726791046443728, -4.530168463094075, 0.6333757982417263, 5.5048153898787175, 0.5147327440333104, 0.44218979244109224, -4.47987606356258, 0.01264758102820096, -5.249002221673191, 0.051211741288652135, 0.4378894468811689, 0.5694456478213819, 0.7099643487560379, -0.25197600988073854, -0.4701856188436788, -0.9573957477595431], "rss": [0.9185547304867987, 0.8972200200653977, 0.5892826609774368, 0.020496161695044028, 0.6399978087228403, 0.6696117312193868, 0.45994559921110706, 0.6816924604105371, 0.5269171690345696, 0.5687426830855002, 0.6706010216829463, 0.5651766154500125, 0.4562728915124044, 0.39393945247078616, 0.47004796616670064, 0.38670900011049136], "rn16": [0, 0, 0, 0, 0, 0, 0, 0, 0, 0, 0, 0, 0, 0, 0, 0], "pos": [0.0192, 0.6877]}