{"time": 60255797.0, "tag": 1, "phase": [-4.361272174312276, -4.915801291695555, -0.3131631495827385, 4.439424372012276, -0.6402509552736171, -0.6207923363957295, -5.35202895144613, -0.42575584589112925, -0.7261135338015134, -1.254303179869893, -1.736098970628871, -1.2944197282040033, -1.594218735747362, -2.635273149985664, -2.7050865467707075, -3.414501721358877], "rss": [0.6961606480266137, 0.7024504496944138, 0.8386915128443373, 0.016375420016067906, 1.0345941086539283, 1.1101783469039448, 0.5197003225693123, 0.5585069105361643, 0.8473441740847463, 1.2543469186198084, 1.211476426006349, 0.8911720947291775, 1.018158010562897, 0.7811778385820383, 0.9522691990197337, 0.7706699044618128], "rn16": [1, 1, 0, 1, 0, 1, 0, 0, 0, 1, 0, 1, 0, 1, 0, 0], "pos": [-0.0849, 0.591]}