{"time": 59760849.0, "tag": 1, "phase": [-4.614029243992698, -4.5556313636856505, 0.8019003487223653, -0.4282708747381405, 0.57852818760948, 0.6340729075404365, -4.64973565210071, 0.011233722291635662, -4.961617357131127, 0.3245064804773643, 0.7935327312501255, 1.154721152447395, 1.1401672075893745, 0.591121895111976, 0.007320559709802943, -0.34221187913255746], "rss": [1.023079846428196, 0.8693769895375109, 0.5563895856077944, 0.021120837314167487, 0.7570724013657972, 0.47404373919939014, 0.4171122397474331, 0.6482366703914388, 0.5625438962345004, 0.6046219850734149, 0.603392019365616, 0.510397918310155, 0.4439241985412004, 0.40460621419499315, 0.4534179874771745, 0.35648033223380393], "rn16": [0, 0, 0, 0, 0, 0, 0, 0, 0, 0, 0, 0, 0, 0, 0, 0], "pos": [-0.0324, 0.5709]}