{"time": 59760849.0, "tag": 1, "phase": [-4.6790108334427405, -4.541539432593952, 0.732605464704666, -0.4910357894769972, 0.5888492730977476, 0.6006567356626484, -4.613700463344369, 0.03178648610251278, -4.959079484842579, 0.34008131851979706, 0.8348522312044376, 1.1412164625344596, 1.0807761812969674, 0.679870450303716, -0.007936559282889721, -0.35769686662619393], "rss": [0.9566956522399734, 0.9822073136052605, 0.509910597855977, 0.024675096075603, 0.7285608020724506, 0.46122913509959285, 0.4497938168967596, 0.6977909069542003, 0.5230423321925284, 0.6515497837620692, 0.6294999186305036, 0.508632829995034, 0.37669338609188935, 0.4165181587265284, 0.413377795535046, 0.39377807755684724], "rn16": [0, 0, 0, 0, 0, 0, 0, 0, 0, 0, 0, 0, 0, 0, 0, 0], "pos": [0.0098, 0.5524]}