{"time": 59760849.0, "tag": 1, "phase": [-4.714302274546263, -4.5749343811750105, 0.7912606579087492, -0.5096701573886975, 0.584062392157103, 0.5843082083451829, -4.592092896709872, -6.196736789090049, -4.944420856528502, 0.29021149341809327, 0.8523028851906376, 1.1688932974241761, 1.088867361883512, 0.6720687163993916, -0.05204002723301793, -0.3240823492912912], "rss": [0.9296616423531977, 0.821616187018658, 0.5478407893730146, 0.023263526904389303, 0.7598279907946275, 0.4729584309573612, 0.3998804966390739, 0.7290636955593857, 0.5537505689190931, 0.665760035168592, 0.6310367596690326, 0.5096808239125585, 0.4107895603627491, 0.4214709707123401, 0.4226330367315434, 0.4190903795213309], "rn16": [0, 0, 0, 0, 0, 0, 0, 0, 0, 0, 1, 1, 1, 1, 1, 1], "pos": [0.0433, 0.535]}