{"time": 60333633.0, "tag": 1, "phase": [-3.471516949373967, -4.861265095973097, 0.345934933525466, 0.2918248576292961, -2.809931412554383, -1.2273393924349933, -0.7961261065874319, -4.268305452675139, -3.2569699450327505, 0.5486311150623313, 0.6614346206595123, 3.0744940658043753, -1.8966118181183798, -1.4974067213228917, -3.0020866700422033, -2.283975233377522], "rss": [0.3537979586685079, 0.9949197032292957, 0.7358718000545813, 0.03835277085829747, 1.179873961872993, 1.1229381476751519, 1.2838968850881107, 1.509068862721537, 0.889325975911708, 0.7486149048770069, 1.278994149819765, 0.9008601615826738, 0.7844695926301566, 1.1243512196963175, 0.8268625447495845, 1.5154187358473221], "rn16": [1, 1, 0, 1, 1, 0, 0, 1, 1, 1, 0, 0, 0, 1, 1, 0], "pos": [0.0842, 0.5551]}