{"time": 60333633.0, "tag": 1, "phase": [-3.651025569946133, -4.931599212699547, 0.4985078314017486, 0.39205626828571827, -2.962126242015621, -1.2027594529247574, -0.7109790682677892, -4.195179403608388, -3.1685273961372884, 0.5126743739517903, 0.804395922473598, 3.167520717698282, -1.841361540302602, -1.4823269225690803, -2.9394480451642915, -2.2883149612764964], "rss": [0.4241100293263385, 1.0919133898655717, 0.8145971579730301, 0.04669887866848367, 0.9213001981130258, 1.1003218662687608, 1.5123535033537197, 1.5381438002778032, 0.9132609751871127, 0.6223407239209577, 1.1627877383347291, 1.0096753110407797, 0.8969661332358573, 1.198176368380294, 0.9576274153239305, 1.2632913109474988], "rn16": [0, 0, 0, 0, 0, 0, 0, 0, 0, 0, 0, 0, 0, 0, 0, 0], "pos": [0.117, 0.5754]}