{"time": 60333633.0, "tag": 1, "phase": [-3.5099586587512595, -4.913075826699608, 0.5918690151695226, 0.49416122749287394, -2.959608545432421, -1.17660866495662, -0.728926527844787, -4.2153900706479845, -3.2681909261355573, 0.5872622242384968, 0.7834164994402382, 3.0611221739587435, -1.8996476435497252, -1.4892206399503813, -2.9731148879752523, -2.34189114031418], "rss": [0.22986613079948165, 0.964441676317407, 0.8341950255420263, 0.051038398297193394, 0.9385032132855164, 1.1334959872894657, 1.5293452885520036, 1.9926180445165327, 0.9149242161097491, 0.5864980692005324, 1.286932896910977, 1.163679105607506, 0.836682103224194, 1.405930972473202, 0.8557481239491391, 1.3053955700481124], "rn16": [0, 0, 0, 0, 0, 0, 0, 0, 0, 0, 1, 0, 0, 1, 0, 0], "pos": [0.141, 0.5958]}