{"time": 60655940.0, "tag": 1, "phase": [-4.901417425386379, -4.898277234572651, -0.2754358596632889, 4.716611520559933, -0.4600197086694076, -0.46447996102615785, -5.198850860080391, -0.15523162436274562, -0.5362294819846845, -1.1007003723189241, -1.3657410866260267, -0.9669956166215847, -1.0563115832048384, -2.0905443966178328, -2.2146790237802714, -2.969329750798508], "rss": [0.6491533139986405, 0.5552085261248393, 0.6022432620017337, 0.01197557136679188, 0.7955942791527685, 0.9219490919469996, 0.46389850660061566, 0.4093980446297698, 0.5983178306240138, 0.8688394203587712, 0.9542199201471807, 0.7545951553646847, 0.6753893727016909, 0.6315201867709387, 0.6672472291386753, 0.6382964553148769], "rn16": [0, 0, 0, 0, 0, 0, 0, 0, 0, 0, 0, 0, 0, 0, 0, 0], "pos": [0.0999, 0.5797]}