{"time": 60655940.0, "tag": 1, "phase": [-4.941090592174861, -4.934562584851873, -0.3508145518918173, 4.660526446855854, -0.3711028304183589, -0.449138887117557, -5.225638454104903, -0.13232107433581008, -0.5212681046302445, -1.0844373165318464, -1.3431684599989742, -0.9852108627811318, -1.0754458007360836, -2.057634626695288, -2.228512978147406, -2.9415454667211476], "rss": [0.6357053641277888, 0.6222416047417318, 0.6094903147963038, 0.011842497408315932, 0.7925749978147367, 0.961218634006459, 0.4478852277673668, 0.41714606887298356, 0.6069542835038686, 0.8636572438557664, 0.9610415568463444, 0.7334956085829907, 0.6640304396332054, 0.6584809155204934, 0.6737243478671828, 0.686052797696251], "rn16": [0, 0, 0, 0, 0, 0, 0, 0, 0, 0, 0, 0, 0, 0, 0, 0], "pos": [0.0694, 0.5636]}