{"time": 60655940.0, "tag": 1, "phase": [-4.8473463175063625, -4.946379732968248, -0.31934418364762573, 4.576981243430524, -0.44358323052778315, -0.45640301943974815, -5.294729355676653, -0.12262131384005048, -0.5474728257252452, -1.1267952374429648, -1.3689345904878194, -0.972904264758387, -1.0838058265097337, -2.0859362545284976, -2.2491805219231864, -2.8998267562920836], "rss": [0.6813666225566607, 0.5875359665987286, 0.6230163942361354, 0.011663321040818835, 0.7699007353067309, 0.9181427216225531, 0.46232270860076796, 0.4052975628116513, 0.5493881067771871, 0.8469486066230834, 0.947447638624652, 0.7550595671804216, 0.656175831541388, 0.6608356377705593, 0.6867481776922041, 0.5986968149995127], "rn16": [0, 0, 0, 0, 0, 0, 0, 0, 0, 0, 0, 0, 0, 0, 0, 0], "pos": [0.0449, 0.5486]}