{"time": 60488439.0, "tag": 1, "phase": [0.3099169587378232, -1.4559441797831179, 2.9051500018425194, -0.4284067373000293, 1.3657546314388074, 2.6591263368231277, -2.271298424764712, -5.094613331083153, -2.081864128737937, -3.9496342185150057, 1.8476264862082454, 3.079425615194399, 0.7063240423307036, 0.5571489093774524, -0.3980576477547033, -0.36273836119391056], "rss": [0.5354802366436106, 0.6192200745297933, 0.2991989996795902, 0.007733257272561513, 0.37245922806868254, 0.20527900328787682, 0.5112410124720725, 0.5998484738931065, 0.24687312309858012, 0.3654319042577571, 0.610821997611995, 0.20002404468449927, 0.9116335536478566, 0.6874501851062503, 0.9049983659762479, 0.7206649487215202], "rn16": [0, 0, 0, 0, 0, 0, 0, 0, 0, 0, 0, 0, 0, 0, 0, 0], "pos": [-0.359, 0.7991]}