{"time": 60101543.0, "tag": 1, "phase": [-4.7720091701648, -4.586001907570166, 0.5968763543431059, 5.50458937803328, 0.45751723021481194, 0.5148452845649332, -4.456593546329383, 0.017011200997468112, -5.263131927993734, 0.036166511479514885, 0.3373318554642009, 0.5863707816698613, 0.6693792282965989, -0.14764346182539334, -0.5126664117557436, -1.2530895737667322], "rss": [0.8678431099314478, 0.8476552503297689, 0.5707762499364827, 0.022406363085462233, 0.7530656151496128, 0.6153119804416495, 0.4256026102573826, 0.6330953291286513, 0.5223051388829577, 0.5969586381384755, 0.6986287155095161, 0.5594828260115033, 0.4160696742158414, 0.382879901842195, 0.3734646161852051, 0.38048328712549984], "rn16": [0, 0, 1, 1, 1, 1, 1, 0, 0, 1, 0, 0, 0, 0, 0, 0], "pos": [0.0338, 0.6657]}