{"time": 60655940.0, "tag": 1, "phase": [-4.8789794711357, -4.929614017923676, -0.2729211672599919, 4.7367880711619215, -0.43772042656113036, -0.4576852797773092, -5.22583089950862, -0.07000355032257355, -0.5039743468808942, -1.128644942364897, -1.3231887469066306, -0.8971563640747662, -1.0953145472370438, -2.067211314329781, -2.2648891017289134, -2.867259086166836], "rss": [0.6534345977211028, 0.5844853181774368, 0.5996823665050096, 0.012470182921155523, 0.8162680845475502, 0.9307555047534855, 0.43444120534140185, 0.4319943180116415, 0.6211138481195522, 0.8727483802664475, 1.0195680385968533, 0.7719524971528757, 0.669200385997462, 0.6419760236641694, 0.6467121669977934, 0.6514661281938108], "rn16": [0, 0, 0, 0, 1, 1, 1, 1, 1, 0, 0, 1, 0, 0, 0, 0], "pos": [0.0253, 0.5347]}