{"time": 60555897.0, "tag": 1, "phase": [-4.8762379225192705, -4.899671920825844, -0.260002745050159, 4.429996094801433, -0.4878012529086294, -0.5200566008702576, -5.334278843202432, -0.22515633181827566, -0.5959799543570425, -1.2003242262243559, -1.4700021729814838, -1.0317533752886994, -1.2369805822069055, -2.246744428506462, -2.3753200446782743, -3.075028307051353], "rss": [0.5711336731080096, 0.5275142802859923, 0.6452098022553906, 0.013675439558612385, 0.8284777462339001, 0.9838292688909059, 0.4501592195814972, 0.4502492606274261, 0.6388636933654324, 0.9707669159124829, 1.0065631433236308, 0.7835613364278221, 0.687208395233348, 0.6811192292761536, 0.6747156032868101, 0.6540126863109722], "rn16": [0, 0, 0, 0, 0, 0, 0, 0, 0, 0, 0, 0, 0, 0, 0, 0], "pos": [-0.0117, 0.5132]}