{"time": 60555897.0, "tag": 1, "phase": [-4.837578395081394, -4.898242886303711, -0.34484301193611366, 4.543652657412181, -0.4857548846812909, -0.5292551491733419, -5.353368490071608, -0.2464245566130039, -0.5993528253540992, -1.179310609179819, -1.4576722450845718, -1.0386950182155474, -1.257567276154408, -2.17869705919806, -2.3676001114591867, -3.0837939363999247], "rss": [0.6062027936517751, 0.5608741810699606, 0.6427080825374727, 0.012174629036458091, 0.8395724295097258, 0.949425096376439, 0.4397216911245849, 0.4304163644515075, 0.675288243726022, 0.9723699804098839, 1.0591958689796837, 0.7677206311914408, 0.6828436111251429, 0.6616123430517002, 0.6848702228274228, 0.6646991388168034], "rn16": [0, 0, 0, 0, 0, 0, 0, 0, 0, 0, 0, 0, 0, 0, 0, 0], "pos": [-0.0218, 0.5031]}