{"time": 60327895.0, "tag": 1, "phase": [-3.701824264986775, -4.762850519759759, 1.5058752391950592, 1.6065012105867251, -2.1191015010255887, -0.14855515936691677, -0.011398457674833384, -3.5061805400245967, -2.9218423547441255, -4.58958310490966, 2.51402746804258, 4.008179183612995, -0.31026732336683815, 0.011631199583881119, -1.4357085525477653, -0.9191107480397329], "rss": [0.35601763211625337, 0.4492260218368559, 0.4081484899199883, 0.04032130722677172, 0.8862572797319784, 0.737255504117344, 0.7375196530831766, 0.6090755519270125, 0.21308138989621309, 0.4391555232847089, 0.401360629194172, 0.27948826482444467, 0.5332489047109792, 0.4524247867653219, 0.5571562357864186, 0.41205612823184606], "rn16": [1, 1, 0, 1, 1, 0, 0, 0, 0, 0, 1, 0, 0, 0, 1, 1], "pos": [0.051, 0.5219]}