{"time": 60327895.0, "tag": 1, "phase": [-3.5056597963844776, -4.805389100349861, 1.603573684260616, 1.5540654848911921, -2.1283281415482582, -0.16959237184216014, 0.01601808240691316, -3.498113322129646, -2.936241247612353, -4.585131501066178, 2.550489757014498, 3.9817627335289223, -0.2917559993163904, -0.03478496394373472, -1.477283918185171, -0.8770260770661312], "rss": [0.33653172443043705, 0.4703999209995708, 0.40004259340877624, 0.04242983110855172, 0.8782829154494931, 0.7417945410752229, 0.7549966423906538, 0.611702431111333, 0.1966040122090337, 0.4108390954637501, 0.39088796135923487, 0.28886579039102717, 0.5297617678537108, 0.4718905414964695, 0.5395369905682292, 0.42029511120734847], "rn16": [0, 0, 0, 0, 0, 0, 0, 0, 0, 0, 0, 0, 0, 0, 0, 0], "pos": [0.1074, 0.5395]}