{"time": 60327895.0, "tag": 1, "phase": [-3.775922257426308, -4.730432032831118, 1.6592181507414774, 1.6136854031025447, -2.112654655008947, -0.08930176117587374, -0.015313518225955836, -3.4669754171440883, -2.893088965319776, -4.515848997616951, 2.686243279514126, 4.0327237560364235, -0.2925347396884296, -0.017893176068922156, -1.4283874220422788, -0.9057717959915776], "rss": [0.3636732616430568, 0.48222645228512145, 0.407443765331471, 0.04054413213233761, 0.9127194969836643, 0.7444961494671534, 0.7349999915241107, 0.6213027239664826, 0.2367984713682244, 0.43233747005814915, 0.4475417309609442, 0.2801141285528129, 0.5851873380262377, 0.4405027704023922, 0.6026742482208783, 0.431666342120135], "rn16": [0, 0, 0, 0, 0, 0, 0, 0, 0, 0, 0, 0, 0, 0, 0, 0], "pos": [0.1544, 0.5557]}