{"time": 60345586.0, "tag": 1, "phase": [0.15223459460458777, -1.2447410730677069, 1.9060007997781596, 3.526938906077773, -0.257163211633237, 0.7951066093021446, -3.563595447835133, -5.393333328201038, -3.898499606674805, -4.145718714643914, 1.3360249632314816, 1.7134189996978164, 0.3983942912167666, -0.26069379785894364, -0.5740365846105637, -0.7787122227310035], "rss": [0.3685458915290523, 0.2277447515712766, 0.6298591228210659, 0.020435653972628146, 0.756633304265184, 0.4354764038728178, 0.45707116076861076, 0.3971146993787168, 0.20468241127045272, 0.3922287352211952, 0.6255871520889661, 0.6090280252875693, 0.4411247877080972, 0.83541429162477, 0.46832361471067413, 0.6656550000629566], "rn16": [1, 0, 1, 0, 1, 0, 0, 0, 1, 0, 0, 0, 0, 1, 0, 0], "pos": [0.1499, 0.5565]}