{"time": 60345586.0, "tag": 1, "phase": [0.08002405481474995, -0.6980309946298684, 1.9183552503647954, 4.195035765408421, -0.44535039356511563, 0.3980043041361192, -3.57880402010418, -5.2279868253665445, -4.095418731677389, -4.355370815870003, 1.5080696425767248, 1.8587845327197192, 0.486849877812765, -0.4017589363582117, -1.0256698054724696, -0.8622377449771045], "rss": [0.4762100967192235, 0.3351544423664945, 0.6937286516653128, 0.008414041948151743, 0.5277582134790545, 0.3622893287418819, 0.31411195470164543, 0.41672010080634275, 0.2045891314601674, 0.7885534245022917, 0.5756218342141253, 0.47810630082182254, 0.83408112396833, 0.627114891256305, 0.30706346079722735, 0.8601756171677277], "rn16": [0, 0, 0, 0, 0, 0, 0, 0, 0, 0, 0, 0, 0, 0, 0, 0], "pos": [0.1563, 0.5592]}