{"time": 59739906.0, "tag": 1, "phase": [-4.924240527744473, -0.48833752114130835, -1.955574345348022, 0.40566255790665195, 2.10467378307943, 3.006825189164793, -1.4945248694369895, -4.833223543570683, -0.1638589875429517, -2.4501580352630685, -2.6135649565325934, -1.1116025047654947, 1.7034192977159401, 1.9902307889382906, 0.5139363846641669, 1.0341672706234422], "rss": [0.38843241758557084, 0.5622934484695828, 0.4754162249863657, 0.010622456767925044, 0.358701114857505, 0.21953041263498876, 0.30771946854516097, 0.502442346078168, 0.4247468934805272, 0.24228603650667951, 0.41667491181772487, 0.11442433079940459, 0.5763716263910421, 0.4739485213937081, 0.531696130582244, 0.4301207709419604], "rn16": [0, 0, 0, 0, 0, 0, 0, 0, 0, 0, 0, 0, 0, 0, 0, 0], "pos": [0.1169, 0.5798]}