{"time": 60158625.0, "tag": 1, "phase": [-4.885170416310496, -4.631467954908602, 0.30078308038077556, 5.306602173797594, 0.24528665973413288, 0.18168259481548277, -4.6376898261027995, -6.1920491389868655, 0.6025845296880248, -0.32839538271467306, -0.4154967202674861, -0.06249033063753773, 0.18960395875713498, -0.937088843474367, -1.0102658373867635, -1.7639505775078976], "rss": [0.8862951366845494, 0.8237708133755852, 0.5314117839153931, 0.018904913964644457, 0.707975555455017, 0.7566575598366679, 0.47594095062740144, 0.49900746033754934, 0.576684338126929, 0.6288085913997055, 0.7185556052315653, 0.7371683068466384, 0.5256247381099436, 0.5042848854637058, 0.4983804055335417, 0.5254459663744679], "rn16": [0, 0, 0, 0, 0, 0, 0, 0, 0, 0, 0, 0, 0, 0, 0, 0], "pos": [0.0352, 0.6448]}