{"time": 59739906.0, "tag": 1, "phase": [-4.862518100519045, -0.40202268841124633, -2.0898186475127027, 0.19310591262792842, 2.282448474556487, 2.893893115823589, -1.4329071567318237, -4.787964170066512, -0.1660379231482334, -2.546931270640622, -2.622704720864989, -0.48881004334852274, 1.6930410795340816, 1.9341272561775815, 0.516557150118746, 1.0776132841959665], "rss": [0.42679981541216117, 0.6181217635675906, 0.4072360109366774, 0.010917082977481698, 0.34817747060292803, 0.2023856071057569, 0.30510434854011687, 0.5174177221090029, 0.37265353510919297, 0.18496909881055115, 0.4146631037661772, 0.13287621229972224, 0.5901365211982063, 0.4755304827630637, 0.5652822683674115, 0.45343938539629175], "rn16": [1, 1, 0, 1, 0, 0, 1, 0, 0, 1, 0, 1, 1, 0, 0, 0], "pos": [0.0897, 0.5997]}