{"time": 59739906.0, "tag": 1, "phase": [-4.943121411154488, -0.3673763905880292, -1.973307789166247, -0.013108083049136798, 2.2648284373809866, 2.896614872114996, -1.565026744076172, -4.793552142560617, -0.18493936373575193, -2.550948555374176, -2.600083968639901, -0.9492346323005476, 1.6685618936629423, 1.9366260107391762, 0.5887468885432305, 1.0420430526999642], "rss": [0.40226040998563173, 0.6195502310268465, 0.48528838413656844, 0.008482031441064923, 0.33074584448203437, 0.2012547373284349, 0.26720768175355325, 0.5390800026382853, 0.3996600917386565, 0.2346792555697701, 0.40494747497677236, 0.11445988277328113, 0.5719474814839131, 0.5003202786945038, 0.6640412275161736, 0.45507305117694996], "rn16": [1, 0, 1, 0, 1, 0, 1, 0, 0, 1, 0, 0, 0, 0, 1, 1], "pos": [0.0677, 0.6164]}