{"time": 59961461.0, "tag": 1, "phase": [-4.611724528064795, -4.581258085095778, 0.7593161620068126, -0.533563668326956, 0.6530557685134365, 0.6199245458345616, -4.744730306336276, -6.095337068069432, -4.754439143560147, 0.5757430959686116, 1.1218691069120066, 1.5760739489226747, 1.4658407641518472, 0.9514096251130846, 0.34783938916500334, 0.16037811686420533], "rss": [1.0016312456466525, 0.840121343472044, 0.5143905912872031, 0.02732730740851742, 0.8364498103455708, 0.46898323253773494, 0.4677458091360986, 0.7721990561832752, 0.5786241403909649, 0.6802097403768207, 0.6196319439189204, 0.5475040112628551, 0.47001981434255147, 0.4478876633227932, 0.48384920768756373, 0.5133381116419938], "rn16": [0, 0, 0, 0, 0, 0, 0, 0, 0, 0, 0, 0, 0, 0, 0, 0], "pos": [0.103, 0.5936]}