{"time": 59961461.0, "tag": 1, "phase": [-4.7217215071698675, -4.517084106414617, 0.834075832822643, -0.5170793247887291, 0.5505612584962493, 0.6538422074956888, -4.70880190978305, 0.06345604050368348, -4.773564098379845, 0.5481655704396247, 1.141268533812728, 1.5674720759560494, 1.4653272263492556, 0.8600707714071031, 0.38172403167164237, -0.04610966995711718], "rss": [0.9386236800554509, 0.8935270343082581, 0.5390204710079701, 0.028264964485253726, 0.7596566025130385, 0.4854841290060841, 0.5000332747952526, 0.7264210621128526, 0.5670583927223677, 0.6446932070612812, 0.6305758624086195, 0.5126390069049557, 0.4796694211971807, 0.48684659910496647, 0.49192868782516, 0.41920288157563873], "rn16": [0, 0, 0, 0, 0, 0, 0, 0, 0, 0, 0, 0, 0, 0, 0, 0], "pos": [0.1274, 0.5731]}