{"time": 59961461.0, "tag": 1, "phase": [-4.614348226958915, -4.510435436255751, 0.9054881832786906, -0.42999631266469196, 0.6455735292781274, 0.6827828432178029, -4.775660879195312, 0.055887655415813864, -4.798711372871546, 0.5595698758780008, 1.1501995977021162, 1.5866837774356497, 1.4799941017889204, 0.629910868765683, 0.39785895857345954, 0.11618610278623076], "rss": [0.9946968420821202, 0.8397518968147577, 0.5892688514973426, 0.02863048028267039, 0.7753482120218703, 0.4649031025910551, 0.5034491991444905, 0.7397108691747208, 0.548215302294211, 0.6607082982357919, 0.6456363962483791, 0.5263239405771405, 0.43777595730015556, 0.4579694569266942, 0.4936635195345574, 0.4528236958779167], "rn16": [0, 0, 0, 0, 0, 0, 0, 0, 0, 0, 0, 0, 0, 0, 0, 0], "pos": [0.1466, 0.5541]}