{"time": 60150347.0, "tag": 1, "phase": [-2.1801076812764117, -3.426215545264516, 0.8500185998700888, 4.951095632640651, 0.18951774452221493, 0.6696244535758644, -4.086029514752377, 0.06723142115810354, 0.8624112107571391, -0.10409393100216957, -0.6854775111036399, 0.03990361004517884, -1.239735876948661, -1.8117757817859403, -2.41548140486319, -2.6609565656110865], "rss": [0.6543291535169187, 0.7223741460677728, 1.0188713188883232, 0.026642811496542115, 1.2543510515313911, 1.4908171592152217, 1.0143441643236153, 1.1303579528583863, 0.9337013091657234, 1.2209448590404897, 1.4730324881618762, 1.1412565108887827, 1.6799434845373011, 1.5466010031366717, 1.7076685418418787, 1.5138214037558337], "rn16": [1, 1, 0, 0, 1, 1, 1, 0, 0, 0, 0, 0, 0, 0, 0, 0], "pos": [0.0634, 0.5585]}