{"time": 60150347.0, "tag": 1, "phase": [-2.0550701809772765, -3.4433993818262283, 0.906235193355303, 4.852352352060367, 0.15090917857048847, 0.6011269237114749, -4.141509415305743, -0.0828175434733116, 0.8733842439711794, -0.10478682557980834, -0.7333263932731027, 0.08475367258123367, -1.2320233100366331, -1.7576122819808278, -2.3955672528274343, -2.56204546644485], "rss": [0.6804620480591616, 0.7327174070937921, 1.0236169744613905, 0.027453268424789748, 1.237287078253205, 1.50809800870938, 1.0447284002387471, 1.2163788818660248, 0.92663054757468, 1.1901950061389426, 1.518622834293102, 1.1144524777925333, 1.7051586480566634, 1.4595714837301093, 1.666649763588164, 1.43926055097732], "rn16": [1, 1, 1, 0, 1, 0, 0, 1, 1, 1, 1, 0, 0, 1, 1, 0], "pos": [-0.0056, 0.5642]}