{"time": 60150347.0, "tag": 1, "phase": [-2.072152378133738, -3.585933499735788, 0.8291590025905213, 4.83974981688842, 0.057479441012492916, 0.623486841621624, -4.037916859449808, -0.04462685349903639, 0.9021121934764857, -0.07356834597916673, -0.6792480424505817, -0.004674757829807863, -1.3505512550915668, -1.7610918388365442, -2.404126468477312, -2.547436829761307], "rss": [0.6588777159142227, 0.7279562859887199, 1.0698434291236125, 0.03218034833649687, 1.2705684696475097, 1.5125375352688664, 1.0261032605340312, 1.1745409091670256, 0.9109765802585068, 1.1954692890391658, 1.4963565115692317, 1.1236808889374512, 1.7241463460457014, 1.4924327279164102, 1.7269925024288761, 1.4810342374315781], "rn16": [0, 0, 0, 0, 0, 0, 0, 0, 0, 0, 0, 0, 0, 0, 0, 0], "pos": [-0.057, 0.5685]}