{"time": 60150347.0, "tag": 1, "phase": [-2.2808650053056656, -3.497270171786593, 0.7945036950331688, 4.852324896297368, 0.1381802577111032, 0.6199850621744447, -4.1372171198493595, -0.037994294098516956, 0.8557882049565548, 0.013485774374537352, -0.630237273702489, 0.02369938784542658, -1.2956119488462798, -1.821726834527526, -2.4472403953134467, -2.6621734620166473], "rss": [0.6273914564095807, 0.7184692214358578, 1.040395221799861, 0.0268509589805514, 1.2347844665199554, 1.447532648158176, 1.0018812856204542, 1.226506279920514, 0.9600200721688751, 1.1396056655037412, 1.4519620954152175, 1.1353752699688926, 1.6828980214216729, 1.4679964713277776, 1.7413005686314735, 1.5592251735669576], "rn16": [0, 0, 0, 0, 1, 1, 0, 0, 0, 0, 0, 0, 0, 0, 0, 1], "pos": [-0.0982, 0.5725]}