{"time": 60422792.0, "tag": 1, "phase": [-4.650722886531954, -0.014308612038664847, 0.07558693025102275, 1.6596958219850588, -2.425953144278016, -0.9492017946891609, -1.3849681581960018, -4.306364678810256, -4.239634275714307, 0.5689737858993007, 1.555813076602705, 2.6760415970033904, -0.49417781426150054, -0.30357642698650655, -1.682737742643112, -1.1825845809517719], "rss": [0.6608724621116757, 0.6129608254129294, 0.5982959319373938, 0.03716819538980452, 0.8006520445325892, 0.729013061510828, 0.7516230564990843, 0.6638116831836655, 0.3077780587647314, 0.5081588433326555, 0.5295896008467762, 0.33382277937365906, 0.6949292681786791, 0.6349509895007532, 0.735943223865372, 0.64957140324039], "rn16": [0, 1, 0, 0, 1, 1, 0, 1, 0, 1, 0, 0, 1, 0, 0, 1], "pos": [-0.0028, 0.5776]}