{"time": 60158625.0, "tag": 1, "phase": [-4.859888071622171, -4.67553375519329, 0.27912538993043307, 5.1836147478325465, 0.2555185499411321, 0.29809994415062446, -4.534869934802016, -0.011029149701395458, 0.6145436805832225, -0.3539001935362638, -0.22294104673552573, 0.07087815623319149, 0.12992709574352923, -0.8418306855520827, -1.0001873228094533, -1.7961503370771172], "rss": [0.8286783058400421, 0.7956923230766689, 0.6042526862010673, 0.01577425736318004, 0.7040337874996947, 0.7769098517502774, 0.47195247222951453, 0.5359949718072754, 0.5682575453227198, 0.6460660117891874, 0.8025264208410481, 0.7052961331919425, 0.4765939176103798, 0.5286910715907515, 0.5519538077246384, 0.49987179140780685], "rn16": [0, 0, 0, 0, 0, 0, 0, 0, 0, 0, 0, 0, 0, 0, 0, 0], "pos": [0.0367, 0.6251]}