{"time": 60422792.0, "tag": 1, "phase": [-4.623248111416746, -0.05379795475639293, 0.03170302752011396, 1.659688700218956, -2.44214972012783, -1.0059464267167864, -1.393706984931448, -4.329364479501364, -4.218695090972135, 0.5065484239130724, 1.5587961778776187, 2.658306912847527, -0.49240935013698084, -0.28574559838489944, -1.619353175679035, -1.1827073865566566], "rss": [0.7192354582038517, 0.6079268830080267, 0.5845251594947465, 0.03234862053156245, 0.8442645887433584, 0.8049212275455512, 0.8235704538481053, 0.6585918404338296, 0.3064959069331743, 0.5271137840692455, 0.5550182408198603, 0.3016894101557115, 0.7210064516642317, 0.6131548294099526, 0.7037720212551741, 0.6337398331160297], "rn16": [0, 0, 0, 1, 1, 1, 0, 0, 0, 0, 0, 1, 0, 0, 0, 0], "pos": [0.075, 0.5823]}