{"time": 60422792.0, "tag": 1, "phase": [-4.662354793524916, -0.03286764736177794, 0.020971578881895145, 1.6110339717970747, -2.4498137371914557, -1.0042355239852687, -1.342699128563597, -4.319139038082047, -4.265888313948993, 0.4639573565655162, 1.5608476108964129, 2.7212733947740886, -0.5572336540888481, -0.35270965746570604, -1.6897878647216438, -1.250413219327332], "rss": [0.6651583113597476, 0.622310644503842, 0.5641479059346972, 0.032771402362452705, 0.8170102872251466, 0.7403226846653452, 0.7467217647763638, 0.6625569985199076, 0.3114266591870468, 0.5019283142561873, 0.537537481166212, 0.3207779500092485, 0.7187363352977005, 0.6317683491096172, 0.6995759070810075, 0.6488214240239981], "rn16": [0, 0, 1, 0, 0, 0, 0, 0, 0, 0, 0, 0, 1, 0, 0, 0], "pos": [0.1358, 0.5868]}