{"time": 60422792.0, "tag": 1, "phase": [-4.658971903703311, 0.003151876459615899, 0.04814612011943458, 1.698051086249917, -2.46992367937329, -0.9613380935870917, -1.3821736177036514, -4.2873598693271475, -4.22229453460861, 0.45571230764542814, 1.5513154488302583, 2.6908270173653177, -0.5173238449137515, -0.3359558494150616, -1.639209524537186, -1.1566298723949386], "rss": [0.6651214186544175, 0.5940438278140016, 0.5803675762255688, 0.032654694805227306, 0.8198994305098435, 0.7708705130728679, 0.7875125243869329, 0.6423971028733824, 0.29928746245797744, 0.5252297401526933, 0.5451872358763503, 0.3415022010924764, 0.7200181875532108, 0.6272850047957802, 0.6844025932196065, 0.6405970001597144], "rn16": [0, 0, 0, 0, 0, 0, 0, 0, 0, 0, 0, 0, 0, 0, 0, 0], "pos": [0.1844, 0.5909]}