{"time": 59800536.0, "tag": 1, "phase": [-4.84268313566408, -4.598506073418025, 0.27131283783407134, 5.187190693939549, 0.25298109354534914, 0.30178676648763925, -4.704191263817768, 0.03922893767378177, 0.5621557000590687, -0.3545879511054846, -0.21105433854085892, -0.003968208826918618, 0.14071420489148467, -0.9494563045691607, -1.047622873103496, -1.738425016912875], "rss": [0.8791444439462157, 0.804960110453274, 0.6438881849710937, 0.01662834522568235, 0.720264232716299, 0.7888571457538445, 0.4964940827692302, 0.5333747286119205, 0.6047017180234939, 0.647610113550916, 0.7994661337814849, 0.7393566647339296, 0.5212311493844289, 0.5303346327380729, 0.5146328647849344, 0.5171348022168137], "rn16": [0, 1, 1, 0, 1, 0, 0, 1, 0, 1, 1, 1, 1, 1, 0, 0], "pos": [0.1561, 0.5731]}