{"time": 59800536.0, "tag": 1, "phase": [-4.7551940454628, -4.550299878527146, 0.24882704746384135, 5.290191357899314, 0.2414270895549464, 0.23574378713028454, -4.5290922367444395, 0.07241444785768669, 0.6731664932421091, -0.36934418820842985, -0.2555445090103142, -0.009571434156620429, 0.06208306116030582, -0.8609341962128195, -0.9974603664822899, -1.8307152800336945], "rss": [0.7954671458803201, 0.8479654751528874, 0.6689684216776282, 0.016035066573959374, 0.7363966306498695, 0.7700805720537507, 0.477076620357811, 0.5222297804905499, 0.5740258648093811, 0.6454579389946409, 0.8029086657344822, 0.7312284297870462, 0.5227745788118611, 0.5187876074656435, 0.4647249624412587, 0.5281382995499387], "rn16": [0, 0, 0, 0, 0, 0, 0, 0, 0, 0, 0, 0, 0, 0, 0, 0], "pos": [0.1334, 0.5566]}