{"time": 59800536.0, "tag": 1, "phase": [-4.8441306290932875, -4.559196462230087, 0.263464053938045, 5.331361692353576, 0.319302281558821, 0.22982641659742664, -4.510285319472195, -6.17284633669475, 0.5173829160398689, -0.3548144738388692, -0.39677007364349365, 0.017581551049405286, 0.03123700298496157, -0.7816671140403731, -0.9121725489389116, -1.7093954838806664], "rss": [0.8727418044093456, 0.8537651395079281, 0.6133243517164758, 0.018387495228100775, 0.6754765331158036, 0.7987157478373638, 0.4845913421633242, 0.5391090335660383, 0.5790392240965797, 0.6517255542899137, 0.8043136268725672, 0.7405161076281116, 0.4769364515008871, 0.5215009782331383, 0.4426294429195444, 0.5302762729082195], "rn16": [0, 0, 0, 0, 0, 0, 0, 0, 0, 0, 0, 0, 0, 0, 0, 0], "pos": [0.1197, 0.5394]}