{"time": 59901502.0, "tag": 1, "phase": [-4.777461589675292, -4.609545127685972, 0.3571687455860323, 5.312141378281472, 0.3167989625706359, 0.33478479206487965, -4.62978993467539, 0.05721576009991658, 0.6663748756971626, -0.24557299162534907, 0.009299544098454487, 0.18033321021056992, 0.2866137064643486, -0.6454055732279004, -0.7987232120180745, -1.573266043025697], "rss": [0.8320235983748955, 0.8196149944977458, 0.5717311761091733, 0.019154771724208288, 0.7351074104870075, 0.7405431367377111, 0.46511157851051177, 0.5674695432865184, 0.5732987662002168, 0.6439771458972412, 0.7381038128632599, 0.6942726064904118, 0.45489166617926724, 0.4662297569113435, 0.5033006775476028, 0.49192206099661995], "rn16": [0, 1, 1, 0, 1, 1, 0, 1, 0, 1, 1, 0, 0, 1, 0, 1], "pos": [0.1125, 0.5239]}