{"time": 59901502.0, "tag": 1, "phase": [-4.859821329721292, -4.573172099406397, 0.4203710970086628, 5.363901059663773, 0.33434025969038605, 0.37601827133501553, -4.516653733060671, 0.059654193001994926, 0.69928271494561, -0.24995252083322805, -0.05220592664641398, 0.1967334871806692, 0.32981655502984264, -0.6774129264642071, -0.8066269671311823, -1.5083376577481502], "rss": [0.895002795409819, 0.8305829047078019, 0.5310708137207925, 0.02038496774667795, 0.7014964255675425, 0.7191280006254295, 0.479070622017716, 0.5791733904180573, 0.5764492286430841, 0.66090065457664, 0.7069693600496676, 0.6699826549044355, 0.42610460404932454, 0.46670551405692134, 0.5779032543776501, 0.4531436462339437], "rn16": [0, 0, 0, 0, 0, 0, 0, 0, 0, 0, 0, 0, 0, 0, 0, 0], "pos": [0.1013, 0.5102]}