{"time": 59901502.0, "tag": 1, "phase": [-4.7633448408911185, -4.634748764056209, 0.4165008049139874, 5.2849338786666635, 0.34143110613583894, 0.30538853923976417, -4.566689663475299, 0.0643548386785735, 0.7237286155411145, -0.2069963676067157, -0.08749187074083166, 0.23055159515920587, 0.33198059487652554, -0.6810592138079502, -0.8373611053875396, -1.507086423159298], "rss": [0.7940589124580005, 0.8283621185184179, 0.5493261941318438, 0.019000815241916356, 0.7088456441766561, 0.7254626276626248, 0.4755018914012697, 0.49574083162681415, 0.5777273983972889, 0.6117474141165822, 0.7198215825337562, 0.6468604224955422, 0.4279237959270548, 0.4673460911610809, 0.4944143826942318, 0.46476278752592315], "rn16": [0, 0, 0, 1, 1, 0, 0, 0, 1, 0, 0, 0, 1, 0, 0, 1], "pos": [0.0926, 0.4977]}