{"time": 59901502.0, "tag": 1, "phase": [-4.808699674947536, -4.63710688005994, 0.3657327830622792, 5.363898977895056, 0.3161356334508779, 0.4078455182945495, -4.443896757341362, 0.018224249034816342, 0.7337324373262581, -0.23898255488165443, -0.0022543585878727623, 0.19523721107774916, 0.33627743118452824, -0.6122309799343363, -0.8460856986395251, -1.4992284260606938], "rss": [0.8242723995029528, 0.8408244529671819, 0.5956913558021654, 0.016994534648093678, 0.7121912413247939, 0.6904119922046835, 0.4848996320952361, 0.5776153341014318, 0.5638256782116061, 0.6287765764228551, 0.772567952743609, 0.6779800502960716, 0.47036594300251683, 0.45751297015919556, 0.4383438067553435, 0.48970627024874624], "rn16": [0, 0, 0, 1, 0, 0, 1, 1, 0, 0, 0, 0, 0, 0, 0, 0], "pos": [0.0879, 0.4852]}