{"time": 60158625.0, "tag": 1, "phase": [-4.8468075073667585, -4.64658397206482, 0.23014961720325802, 5.259611737606832, 0.23729888923052134, 0.2718742771811371, -4.362931720065846, 0.05319241071479164, 0.6481559358764182, -0.3367443563071495, -0.2110116574985586, -0.05255497391127695, 0.24595044121625187, -0.7151653869527824, -0.9277693427262057, -1.7511831330638712], "rss": [0.8957025040325336, 0.8273430799302629, 0.5891736069727878, 0.01648420105903684, 0.7257055382656109, 0.7489305318684243, 0.4855478194916086, 0.5261079473241999, 0.5944076963358732, 0.6262249287579825, 0.7213071099664603, 0.7314845119642723, 0.43881556722828124, 0.5096459368438991, 0.5522617843784857, 0.53939489092732], "rn16": [0, 0, 0, 0, 0, 0, 0, 0, 0, 0, 0, 0, 0, 0, 0, 0], "pos": [0.0404, 0.6058]}