{"time": 60528756.0, "tag": 1, "phase": [-4.037853047967705, -4.161910159137581, 1.943637151575307, 1.6897819057191759, -1.887921158139791, 0.0160957861620461, -5.963958476900501, -3.0087936375655526, -2.2738217321897656, -4.216315924301783, 2.9675593253910244, -1.7385498164291207, -0.1971441692703545, 0.11268605164058651, -1.3622492305786738, -0.6876938646577836], "rss": [0.1981422539745101, 0.4649360197042704, 0.47659549438077564, 0.04747081433148469, 0.9877276674090594, 0.8511803655216391, 0.7720200695613999, 0.7087827849944691, 0.2543513690512796, 0.4331611506902312, 0.4323617067561007, 0.31154138367480017, 0.45529632492199446, 0.29832204625088043, 0.4488948792082953, 0.3141459820726834], "rn16": [0, 0, 0, 0, 0, 0, 0, 0, 0, 0, 0, 0, 0, 0, 0, 0], "pos": [0.1391, 0.5097]}