{"time": 60528756.0, "tag": 1, "phase": [-3.7901687167713494, -4.23999892538939, 2.0778937475175043, 1.7128935552301627, -1.937354718333948, 0.019086383670094298, -5.861538119219452, -3.0417442645545223, -2.25887122920556, -4.315993929861314, 2.852444812498122, -1.7447789380413425, -0.19777632410565338, 0.05653647404501738, -1.3825988927695732, -0.809540698290501], "rss": [0.19105495653510843, 0.4893974999681822, 0.5075207868467791, 0.049212792573234194, 0.988219182719046, 0.8490655173774995, 0.8351304863697597, 0.7139583959770783, 0.24690739305494033, 0.43136701084515416, 0.4477170157332327, 0.296772595368663, 0.528310973430787, 0.3386664568752728, 0.50478529656987, 0.33228986288456897], "rn16": [0, 0, 0, 0, 0, 0, 0, 0, 0, 0, 0, 0, 0, 0, 0, 0], "pos": [0.1758, 0.5326]}