{"time": 60528756.0, "tag": 1, "phase": [-4.014894798976886, -4.251884739553856, 1.951520427068509, 1.6728875204635054, -1.8548714305750837, -0.008115707270354156, -5.946602330007469, -3.080782394078337, -2.1756209939142597, -4.244483503243597, 2.8775594933902164, -1.7084708381094371, -0.22443327744054975, 0.11085416295668732, -1.3728035854056004, -0.8130961808299756], "rss": [0.20662503942769161, 0.47825231926975587, 0.48900994232087275, 0.050281762892108416, 1.0789687513280413, 0.8633325963341032, 0.8301116176103767, 0.7164943875466965, 0.261880205094419, 0.44932072582102794, 0.4520344769532589, 0.3008223756350653, 0.5275123829459997, 0.3368681790559499, 0.5236446768933002, 0.351986638469054], "rn16": [1, 1, 1, 0, 0, 0, 1, 1, 0, 1, 0, 0, 0, 1, 1, 1], "pos": [0.2094, 0.5538]}