{"time": 60528756.0, "tag": 1, "phase": [-3.9129971898494778, -4.180520901499522, 2.0182209935154707, 1.6563410230026145, -2.0745036915386392, 0.026882305197744927, -5.903161634853319, -2.994793469838196, -2.1613432042917062, -4.407761216444703, 2.8056721238130407, -1.6705809563147866, -0.17532643271264814, 0.12012603498698726, -1.367535343929516, -0.7750834390252725], "rss": [0.18893357185781123, 0.4995542300220211, 0.5110627673982059, 0.05142120216847924, 0.9635356038174844, 0.8566166132855392, 0.7905599322931232, 0.660022305185463, 0.2682491931522047, 0.42961563213371146, 0.44652961378184786, 0.312244415464846, 0.49793264956609873, 0.35040526170526054, 0.5154922391749035, 0.4098195711467938], "rn16": [0, 0, 0, 0, 0, 0, 0, 0, 0, 0, 0, 0, 0, 0, 0, 0], "pos": [0.2342, 0.5737]}