{"time": 60442337.0, "tag": 1, "phase": [0.003228429126800325, -1.0674823797366941, -2.893568703058602, 0.10443652654613134, 1.5433044876568696, 2.524603301407736, -2.3192236340223413, -5.061889429663784, -2.0343192883169063, -3.5578355143208524, 2.692349074313248, 3.992652326651524, 0.3846678620731272, 1.0267891039782342, -0.5374005911356614, 0.1648501607115409], "rss": [0.5580148735916347, 0.6412693199146536, 1.1050955016759763, 0.018840794693024476, 1.6139599407671523, 1.3261893195393757, 0.7137187012336521, 0.9864386866290871, 0.564019784392837, 0.8232311195997779, 0.8455489340046729, 0.7719424280775178, 1.0080311278925247, 1.0350090149763684, 1.0945904632353294, 1.055460225008452], "rn16": [0, 0, 0, 0, 0, 0, 0, 0, 0, 0, 0, 0, 0, 0, 0, 0], "pos": [0.1592, 0.5876]}