{"time": 60442337.0, "tag": 1, "phase": [-0.10010717170953232, -1.1524374251445535, -3.020508634369559, -0.2082151092821256, 1.2633101152251607, 2.532432857993194, -2.294267992947617, -5.798831620183504, -1.8191796787664594, -3.4184489976527592, 2.7740792446001805, 4.081706879045624, 0.4037775457579065, 1.0317392258622697, -0.768373128167005, 0.07958834300657958], "rss": [0.5736063898197777, 0.6077602380074001, 1.1024624302879704, 0.01778524311145385, 1.267413887386162, 1.2658031000194894, 0.8363146452061422, 0.6820104579662706, 0.5937343919013974, 0.812874554380744, 0.6773766978005247, 0.7772209393640146, 1.0781944107350074, 1.0970095753018296, 0.9874785032592178, 1.0539437304458246], "rn16": [0, 0, 0, 0, 0, 0, 0, 0, 0, 0, 0, 0, 0, 0, 0, 0], "pos": [0.1089, 0.6026]}