{"time": 60442337.0, "tag": 1, "phase": [-0.0034602049412173486, -0.93600517222946, -2.7838725082825477, -0.06921846786315111, 1.2803052357226026, 2.5685802930629755, -2.355228303842525, -5.658979234007127, -1.7886696180066282, -3.0222499683970687, 2.679000056411441, 3.9989466919839876, 0.2967307548974538, 1.0129895368628927, -0.6706421132752416, 0.6209281618033604], "rss": [0.5855570880775842, 0.6103392647744242, 1.1232440040094123, 0.018745875062628328, 1.320144493692069, 1.423161745764958, 0.8669856669638034, 0.7603331130552338, 0.6495692551683595, 1.1234389768341548, 0.6988215115122708, 0.8604597092441237, 1.1788578818784987, 1.040817592274097, 1.0693177219611263, 0.7846905338477844], "rn16": [0, 0, 0, 0, 0, 0, 0, 0, 0, 0, 0, 0, 0, 1, 0, 0], "pos": [0.0707, 0.617]}