{"time": 60442337.0, "tag": 1, "phase": [-0.019156015016570827, -0.7264048455273704, -2.7262412441572654, 0.23154965383532078, 1.2954197769475626, 2.6231885567715225, -2.5617984955109003, -5.428029237166208, -1.8097615397708506, -3.053762689814497, 2.5525170436932036, 4.204089712240062, 0.4019104210779587, 0.9209124802596633, -0.8321155296990881, 0.18407513374368323], "rss": [0.6202057022234961, 0.5615428018568626, 0.9339210314462613, 0.03418791520902361, 1.4731305116297915, 1.3487343313920113, 0.872667308625191, 0.9813108644432882, 0.6177582626652748, 0.9782867573859392, 0.9412975183207802, 0.8591535088579862, 1.0058242658296361, 1.019402681596483, 0.9939727731268384, 1.084486790501189], "rn16": [1, 0, 0, 1, 1, 1, 1, 0, 1, 1, 1, 1, 0, 0, 0, 1], "pos": [0.0284, 0.634]}