{"time": 60651914.0, "tag": 1, "phase": [-3.299335163061153, -4.445304516150612, 0.039663518818016746, 4.416757015955232, -0.4281505241484583, -0.17424830256627155, -4.9446329877667345, -0.4887057462029816, -0.15492684233858167, -0.8936561149517707, -1.5181284331270428, -0.9339668757640736, -1.6874876194315809, -2.5094637942350597, -2.8474317479178275, -3.327494420034605], "rss": [0.8086781238031998, 0.9464428110145031, 1.0665997254525352, 0.026251288041051965, 1.2738532359576535, 1.5442238770176444, 0.770516562158462, 0.9416870146910452, 1.1536419623948748, 1.4793877748041937, 1.545454975661737, 1.2260067646567334, 1.6574345445179715, 1.2805759325770039, 1.6202672668334521, 1.4138683585708847], "rn16": [0, 0, 0, 0, 0, 0, 0, 0, 0, 0, 0, 0, 0, 0, 0, 0], "pos": [-0.0157, 0.6252]}