{"time": 60651914.0, "tag": 1, "phase": [-3.363233875843333, -4.481164525511664, -0.07978948610878311, 4.351511958240133, -0.48039281493351665, -0.15547457551417465, -4.885029207245681, -0.42256490445497175, -0.15063490840196603, -0.9340301285876391, -1.5122678125440443, -0.9159552200471035, -1.6821771654124347, -2.4983655980507073, -2.8529504336652867, -3.3460941256277987], "rss": [0.688764742204935, 0.8729837422521929, 1.0853653610276157, 0.026041653120890677, 1.368563738946071, 1.6211919852050776, 0.8975188032044037, 1.050492945423124, 1.2418472108531984, 1.429023779660621, 1.6354481168719002, 1.1635836600580611, 1.730397633851794, 1.4659195175363025, 1.5833426945185105, 1.377797670470323], "rn16": [0, 0, 0, 0, 0, 0, 0, 0, 0, 0, 0, 0, 0, 0, 0, 0], "pos": [-0.0543, 0.6177]}