{"time": 60258711.0, "tag": 1, "phase": [-4.80175532389576, -4.584567547207191, 0.34791007590039547, 5.313544753790765, 0.4018484797578544, 0.33323289315277504, -4.522480374796916, 0.07947947927116639, 0.7673181881384803, -0.20184357623992732, -0.1550669764288542, 0.17386221581421646, 0.32163026195517674, -0.6405603051340338, -0.7548094759666739, -1.5681854491568226], "rss": [0.853942390742515, 0.8135683267965398, 0.5675880683930274, 0.01708439637862813, 0.6579300325652581, 0.7116380927597471, 0.46775335124273204, 0.5354117019748248, 0.5835621977658955, 0.6015890002256409, 0.7162830256885461, 0.6540692889307665, 0.39358377337964245, 0.44266076649234654, 0.4506103755679694, 0.4581059228260381], "rn16": [0, 0, 0, 0, 0, 0, 0, 0, 0, 0, 0, 0, 0, 0, 0, 0], "pos": [0.0463, 0.5874]}