{"time": 60651914.0, "tag": 1, "phase": [-3.384701496951977, -4.457089778840759, 0.044143839495165475, 4.507087787952529, -0.45940585340381257, -0.13390332577877206, -4.959558129972704, -0.4125016854180399, -0.18573830721214768, -0.9217703892254533, -1.4875565442900047, -0.9868757464233284, -1.6933102492758292, -2.492452956498326, -2.852599001001364, -3.379887232034365], "rss": [0.7972341073089836, 0.9630527778001668, 1.078150471517831, 0.017910372052537028, 1.3226109032689575, 1.618598288208343, 0.7804066477842087, 0.9846277300138845, 1.121620262816795, 1.5233920713238907, 1.7067141423994627, 1.1314583874754542, 1.6444761525465414, 1.430159599394718, 1.6358610376974922, 1.4108222050613703], "rn16": [0, 0, 0, 0, 0, 0, 0, 0, 0, 0, 0, 0, 0, 0, 0, 0], "pos": [-0.0818, 0.6101]}