{"time": 60437977.0, "tag": 1, "phase": [-4.59769804703505, 0.1353755340226912, -1.5230897559175525, -0.08532769403196294, -3.8525341529437678, 3.855719507010816, -1.205769365701651, -4.765817687162624, 0.21524309089493077, -1.7862676796197121, -1.8360800055353164, 0.2458830681968619, -4.151851612767865, 2.5697302031037, 0.9424437655327003, 1.7981839378167164], "rss": [0.4353361763199863, 0.6153005937797059, 0.4045991331695491, 0.013807594691980478, 0.7131842158400392, 0.44464414334604185, 0.5516931457733185, 0.5907070726015184, 0.4405010726279243, 0.3229852506248465, 0.424300792741069, 0.2849528930949704, 0.7651162902760535, 0.5579853870077893, 0.7370753149993197, 0.6446462640373941], "rn16": [0, 0, 0, 1, 0, 0, 0, 1, 0, 0, 0, 0, 0, 1, 0, 0], "pos": [-0.0569, 0.6212]}