{"time": 60437977.0, "tag": 1, "phase": [-4.684950572648119, -0.019992463244904446, -1.5227046939908724, 0.042315462702483764, -3.85679321302493, 3.8329982162655902, -1.242950452300316, -4.695192807552305, 0.22592475048060612, -1.8458032099448345, -1.7756501595101906, 0.3548042802018585, 2.0243203684551956, 2.6127824332541962, 0.8949425443222276, 1.749042417384415], "rss": [0.4094855603494943, 0.5236981746174986, 0.44405024971976065, 0.01802480479940738, 0.7060846846218725, 0.4186158467132547, 0.45100452871353164, 0.6169201299199533, 0.439353725878198, 0.3534433592796813, 0.4378662626688153, 0.3160130763779164, 0.6944852260686303, 0.5264466537956622, 0.6701684280124138, 0.6164495737907489], "rn16": [0, 0, 0, 0, 0, 0, 0, 0, 0, 0, 0, 0, 0, 0, 0, 0], "pos": [-0.0442, 0.6322]}