{"time": 60437977.0, "tag": 1, "phase": [-4.713008582292557, -0.059469681272400265, -1.5179909003113665, -0.01502730144653519, -3.8536947205798593, 3.824140135682036, -1.2127318155870286, -4.692221122466332, 0.21687021701569886, -1.8062218885494132, -1.8263383649685903, 0.1636895793833717, 2.0495081088024873, 2.59517476148292, 0.9120793191215366, 1.760134256743225], "rss": [0.4096968736811907, 0.5361573427399231, 0.46874044629024025, 0.013857922156422993, 0.7038643801047473, 0.43091574635930646, 0.5571827079178562, 0.6210189855199538, 0.4181628910039045, 0.3044785527990343, 0.3820376559139084, 0.26711596084844175, 0.7082432861918218, 0.6357359236548673, 0.7149828063687702, 0.6044009855251318], "rn16": [0, 0, 0, 0, 0, 0, 0, 0, 0, 0, 0, 0, 0, 0, 0, 0], "pos": [-0.0341, 0.6424]}