{"time": 60342151.0, "tag": 1, "phase": [0.3559344367364856, -0.9997438681491966, -2.914446728416279, -0.6946361578021243, 1.0904958333263033, 2.3321090292501516, -2.8605797268371567, -5.436003017194388, -1.9176851383883506, -3.491397371671244, 2.7005197511700048, 3.885541193534042, 0.6254502114604519, 1.0070280459579393, -0.434447061657947, 0.2639848499278674], "rss": [0.4159179726351224, 0.7081823369623143, 0.9038228253700125, 0.015221167758449516, 1.1168430747944067, 1.042339996304106, 0.6784401527373328, 0.6695334259422737, 0.45229888562446857, 0.7709679117437133, 0.7793524640596055, 0.6823085908471539, 0.8227096450791488, 0.9172404772808906, 0.7915942423067311, 0.8334269594458552], "rn16": [0, 0, 0, 0, 0, 0, 0, 0, 0, 0, 0, 0, 0, 0, 0, 0], "pos": [-0.0477, 0.6533]}