{"time": 60342151.0, "tag": 1, "phase": [0.2696565833657236, -0.9857722302533873, -3.0153867023886023, -0.5425893982828502, 1.0390442880851518, 2.2961800467043503, -2.756752202957106, -5.304715726461087, -1.8800163709186675, -3.3420307582000888, 2.6367983844035474, 3.860233238646929, 0.5176981284834579, 0.9460357310372396, -0.6378398282974342, 0.009637335674109404], "rss": [0.40651759495884937, 0.6722679977106849, 0.8666527680032534, 0.007097647739032596, 1.1505383486791299, 1.0305170655298974, 0.6406766658346991, 0.7442907730618744, 0.4298724686765007, 0.8585094805189089, 0.778711607423006, 0.6158129562850834, 0.8287576369277057, 0.9353067182925745, 0.858219923444534, 0.9156045326867586], "rn16": [1, 0, 0, 0, 1, 1, 1, 1, 0, 1, 0, 0, 1, 1, 1, 1], "pos": [-0.0611, 0.6648]}