{"time": 60342151.0, "tag": 1, "phase": [0.39710196054765756, -0.9330891885065691, -2.9641609499493655, -0.4377378601470907, 0.9841896273101375, 2.2984767640007338, -2.566588544832854, -5.339988366382016, -1.7873588951136243, -3.3089040151460742, 2.5887464728978657, 3.9049468301274506, 0.6069793746983234, 1.1233338477691825, -0.60701987538893, 0.05959483618826278], "rss": [0.46977065469112, 0.6473245006707035, 0.902898900196457, 0.011126935849952876, 1.0827237166509278, 1.01868066374092, 0.7158608014833789, 0.7511868183964, 0.46648060248956214, 0.908841203365518, 0.7815851911173421, 0.6252566510763327, 0.8287045089223236, 0.9870194435667651, 0.7963440065100136, 1.001660884197038], "rn16": [0, 0, 0, 0, 1, 1, 1, 1, 1, 1, 1, 1, 0, 0, 0, 0], "pos": [-0.0765, 0.6766]}