{"time": 60337933.0, "tag": 1, "phase": [-4.673012596475265, 0.13332634674566402, -1.3064674004408705, -0.07657435551932457, -3.7986284973277162, 3.959557459897792, -1.1985826940781217, -4.727499041521097, 0.3743472227059743, -1.6316516900225762, -1.5441437889919787, 0.21125557145714668, -4.132670225369185, 2.8302833419904645, -5.199393869486845, 1.9017552409170724], "rss": [0.37021534741588485, 0.5315423418628165, 0.3940211413753281, 0.014765353244070122, 0.7802514045772211, 0.4997223725713288, 0.5307215448026965, 0.5883268287191499, 0.36298549951638365, 0.2859184085417395, 0.39297012850632507, 0.2367654947486054, 0.6372778123298595, 0.678684262130755, 0.691824764756454, 0.5885454361434482], "rn16": [0, 0, 0, 0, 0, 0, 0, 0, 0, 0, 0, 0, 0, 1, 0, 0], "pos": [-0.0545, 0.6829]}