{"time": 60337933.0, "tag": 1, "phase": [-4.587339317660245, 0.15424236441303485, -1.3259629654926892, -0.19745283693422477, -3.7213798426566345, 3.9689785560337754, -1.141895736611384, -4.72505993443349, 0.36821408262116284, -1.5893134971116958, -1.5040361904522688, 0.4402509458754904, -4.124606644627367, 2.804577339369019, -5.259390110712014, 1.9191269702826956], "rss": [0.40235295398503207, 0.5310692426150179, 0.43288611924746734, 0.015896951786011873, 0.7869096515262926, 0.5146916431089054, 0.48723911842067585, 0.580039937837086, 0.370139600458956, 0.32500592364969433, 0.4474776219769502, 0.28341338045762754, 0.7073901367157684, 0.6473222270894932, 0.7254262447673003, 0.6139765119502613], "rn16": [0, 0, 0, 0, 0, 0, 0, 0, 0, 0, 0, 0, 0, 0, 0, 0], "pos": [-0.0313, 0.6895]}