{"time": 60337933.0, "tag": 1, "phase": [-4.5742157655616875, 0.018372734575127225, -1.3228824198111822, -0.045466449700571676, -3.7993757768743253, 3.962225776508947, -1.197550395463166, -4.683014777063063, 0.3598964898984738, -1.7199079930256327, -1.5537127435901845, 0.23736771609545726, -4.128199547292651, 2.8506504559909205, -5.26346455536676, 1.9357985532565924], "rss": [0.4201271806749149, 0.47622825201182456, 0.4639584810218723, 0.016244251073352155, 0.7664894431724426, 0.4753386834197886, 0.5452325092578839, 0.5934169186104608, 0.40650994162620346, 0.32163899496255627, 0.4199912758116793, 0.22703137315098607, 0.7424101024048413, 0.6725181829784596, 0.7157942481428639, 0.6341340682970279], "rn16": [0, 0, 0, 0, 0, 0, 0, 0, 0, 0, 0, 0, 0, 0, 0, 0], "pos": [-0.0184, 0.695]}