{"time": 60258711.0, "tag": 1, "phase": [-4.8532029454933445, -4.5568211424664495, 0.29224981371559505, 5.448808403505881, 0.3729762775190012, 0.2641607775226982, -4.447523100437985, 0.06100213956448686, 0.7405111980662409, -0.19247098273988228, 0.03338845804056221, 0.19625046052405182, 0.3566783106742111, -0.5443288712402844, -0.7335397060642295, -1.3467691817492582], "rss": [0.9248482304941933, 0.7848509618065113, 0.6241079219030111, 0.01882566043360571, 0.69464241617082, 0.7110149285925584, 0.46974082001915146, 0.5313026172115333, 0.5756345596909301, 0.6184054005915969, 0.7458901543455619, 0.6894719224431817, 0.43261632674878797, 0.4744719164060024, 0.39634288411310936, 0.4832932363429447], "rn16": [0, 0, 0, 0, 0, 0, 0, 0, 0, 0, 0, 0, 0, 0, 0, 0], "pos": [0.0567, 0.5694]}