{"time": 60337933.0, "tag": 1, "phase": [-4.420584427714826, 0.13836481577864657, -1.3907588186059865, -0.05608446572066139, 2.3416610696178477, 3.8905339154411847, -1.1789958781760086, -4.684099671045663, 0.39887477708484687, -1.6956419845366746, -1.485444490319395, 0.46308750164858736, -4.12603737359569, 2.7539599668390147, -5.247615238553504, 1.927677358040141], "rss": [0.44005315517056354, 0.507554189021028, 0.4286640923101536, 0.016419911330984707, 0.7640547698694329, 0.49096621173745275, 0.5513325923355492, 0.5882504720062928, 0.3911286307352815, 0.3061405952303199, 0.4299350575711708, 0.29963883244133555, 0.679174434383015, 0.6258083413796153, 0.6933235147469584, 0.6354887853621145], "rn16": [0, 0, 0, 0, 1, 1, 1, 1, 0, 0, 0, 0, 0, 0, 0, 0], "pos": [-0.0037, 0.7022]}