{"time": 60182866.0, "tag": 1, "phase": [-4.638922990648783, -0.12214692967948393, -1.6125848342225106, 0.20005791800217, -3.820255058695388, 3.667590920374832, -1.2410975150829018, -4.790680424998381, 0.1657366054949545, -2.0366885881265393, -1.8391660411108934, -0.02725470816107456, 2.0034484029204034, 2.506152501430113, 0.8973638835583846, 1.6163321208576489], "rss": [0.4233008309533846, 0.567705397026686, 0.45073507971193766, 0.01287416589270321, 0.6125831447683224, 0.349931520139165, 0.4707714720283603, 0.523742313831251, 0.4696428029983316, 0.35569601337680345, 0.44649270276771325, 0.2528490717963756, 0.7360720435639307, 0.6024276017467375, 0.7693258271664349, 0.52273160923445], "rn16": [0, 0, 0, 0, 0, 0, 0, 0, 0, 0, 0, 0, 0, 0, 0, 0], "pos": [-0.0037, 0.7137]}