{"time": 60182866.0, "tag": 1, "phase": [-4.657750869117077, -0.1373900599778337, -1.6024662796322648, 0.16264008099163885, 2.421277304462733, 3.632664277032177, -1.262697550254071, -4.753032937996409, 0.15773345021421514, -1.9542639702181872, -2.0626210172562036, 0.029888169884323412, 1.9837463169319802, 2.518769212446957, 0.8359676473462936, 1.6848038594249954], "rss": [0.4513487464143387, 0.5420878326871361, 0.48892505784392354, 0.013984544815617173, 0.6165464091333153, 0.3980960469343244, 0.45279828001213845, 0.6291394495667237, 0.4428743280073535, 0.29747836806302164, 0.37811276862763965, 0.26335689129697765, 0.7422864803790125, 0.6058754370197771, 0.7529868265264443, 0.6073586117873978], "rn16": [1, 1, 0, 1, 1, 1, 1, 1, 1, 1, 1, 0, 0, 0, 0, 1], "pos": [-0.0017, 0.7184]}