{"time": 59966006.0, "tag": 1, "phase": [-3.8771579629747706, -4.089368222562094, 1.857844662635805, -0.052058055171047446, 0.937312969142836, 2.114944791219478, -4.168619829040651, -5.430507716272682, -3.5438058555953535, -3.843945719850601, 3.0294722287976157, 3.878027870084487, -2.9518004932381112, 2.3761852912455446, -4.081719542560311, 1.6305256848551568], "rss": [0.5667483565104777, 1.3912034014783854, 0.8448251193888399, 0.03596202928996261, 0.3903931527235686, 0.38915474409110495, 0.8862839559369927, 1.0967292291495307, 0.7350607188648068, 0.7232881052173965, 0.31133838375974376, 0.693168508557453, 0.5820993385423958, 0.7405262403028141, 0.5931409787165269, 0.8524010548757519], "rn16": [0, 0, 0, 0, 0, 0, 0, 0, 0, 0, 0, 0, 0, 0, 0, 0], "pos": [0.0684, 0.6904]}