{"time": 59966006.0, "tag": 1, "phase": [-3.7215147434034694, -4.076891305249146, 1.9226061138410033, -0.05216390900209733, 0.9449202412250707, 2.1207249609355108, -4.072697876806503, -5.275389111935968, -3.5895210705392753, -4.122161182940291, 2.866763879305468, 3.9023391669385106, -2.922030280141006, 2.381287875955412, -4.017841181668597, 1.5841836863710224], "rss": [0.7789338009909004, 1.2853427049727364, 0.9874895005176629, 0.03930431210731591, 0.5029221375369667, 0.4255255280395343, 0.9994210728311277, 1.3434845009531584, 0.7732110768849523, 0.6013941337614339, 0.32000604684019474, 0.67648682315138, 0.512034740174034, 0.8369402408529562, 0.5488738102384614, 0.8382143954094725], "rn16": [1, 1, 1, 1, 1, 1, 1, 1, 0, 0, 1, 1, 0, 1, 0, 0], "pos": [0.1197, 0.6631]}