{"time": 59966006.0, "tag": 1, "phase": [-3.6645579648335422, -4.06379363460338, 1.7900808373310866, -0.15147981231044616, 1.0785737762596233, 2.1482938936889515, -4.115939909194654, -5.444952589156294, -3.53635315548376, -4.104583556497967, 2.987385917234888, 3.8554764866226674, -2.99747056398121, 2.3626578077114324, -4.011457786855551, 1.6200543139977854], "rss": [0.6501271661729457, 1.3419116403474038, 0.7618877720697407, 0.03762633497407491, 0.4833701789850526, 0.42631993930019996, 1.0302297821642121, 1.142042552168212, 0.714724975070876, 0.6711947587733269, 0.2399733257213032, 0.6357102185531966, 0.6223058541691138, 0.8162245334037899, 0.6436904562738496, 0.7898097177321257], "rn16": [1, 0, 0, 1, 0, 0, 0, 0, 0, 0, 0, 1, 0, 1, 0, 1], "pos": [0.1636, 0.638]}