{"time": 59966006.0, "tag": 1, "phase": [-3.780044953582145, -4.02185557487223, 1.8140299440736047, -0.19930392903048233, 1.0556128137686414, 2.0368419249829333, -4.142138718286236, -5.557548942115967, -3.54823073321885, -3.96988555938168, 2.9195853691728746, 3.8863698666103477, -3.1098601117034157, 2.439374413167684, -4.077345744660129, 1.578520563262544], "rss": [0.7061941795068178, 1.3397502044389002, 0.7499742279261445, 0.03542895858606622, 0.5105732078012304, 0.3962838338141353, 0.9535814138580995, 0.9827916480938562, 0.7890644378712379, 0.7097779232834477, 0.3295454433487384, 0.6612137488245916, 0.620693761863979, 0.8300665449263739, 0.48950876582969055, 0.8406832261910133], "rn16": [0, 0, 0, 0, 0, 1, 0, 0, 0, 0, 0, 0, 1, 1, 1, 0], "pos": [0.1982, 0.615]}