{"time": 59857874.0, "tag": 1, "phase": [-4.859978322223474, -4.885338883688445, -0.2908209393922488, 4.820666336151584, -0.17586955561067508, -0.26202421534249765, -5.064670429186311, -0.09718305482532275, -0.12373299138822125, -0.9012353059269894, -1.0098789328453317, -0.5962248880110048, -0.655236374587401, -1.6520915956577171, -1.8381549739745546, -2.5414394138622014], "rss": [0.7241293980941934, 0.6022260739345503, 0.6332249057236278, 0.011998695770069075, 0.7307347463056163, 0.8390510771848061, 0.42781208842176355, 0.41254600607832004, 0.5383726150845524, 0.7340485906609884, 0.901535738459189, 0.7768840798757419, 0.5935836318753137, 0.6617296279800674, 0.5102974858524226, 0.6227944326074044], "rn16": [0, 0, 0, 0, 0, 0, 0, 0, 0, 0, 0, 0, 0, 0, 0, 0], "pos": [0.157, 0.5954]}