{"time": 59857874.0, "tag": 1, "phase": [-4.949900848972704, -4.816715457273319, -0.17038170247521828, 4.840621861577445, -0.16014887739720718, -0.29626483980952867, -5.022053295501546, -0.09881017708175444, -0.11514323531733917, -0.8678243212352641, -0.908027639592259, -0.6146838336353433, -0.6569749100952913, -1.6327424593649373, -1.7530161996299287, -2.486240879575896], "rss": [0.7141953865671953, 0.6651447176338283, 0.5936317572729757, 0.012809682169220543, 0.7571720692601407, 0.8375201105035539, 0.4281152007174026, 0.43516767722534166, 0.5703596226487714, 0.7442929351605222, 0.9528556317125895, 0.7458031872257265, 0.5929402091028295, 0.6359164053518276, 0.5540261485552335, 0.6260644031655084], "rn16": [0, 0, 0, 0, 0, 0, 0, 1, 1, 1, 1, 0, 0, 0, 0, 0], "pos": [0.125, 0.578]}