{"time": 60258711.0, "tag": 1, "phase": [-4.86662076652015, -4.504411744043917, 0.3373907881131928, 5.407337923835216, 0.32863324081572765, 0.36697862178266605, -4.47193931793386, 0.030431596576503406, 0.7611855328932053, -0.22062235879300873, -0.07668594344237196, 0.16901131532654468, 0.4051378073599552, -0.6652831013241284, -0.746718437544549, -1.4907491705475275], "rss": [0.9575144433414277, 0.8239477711460808, 0.5667411683414213, 0.016636852307193306, 0.7101653722627201, 0.7041457525596163, 0.4458984992787308, 0.5613308028073563, 0.5526386564298823, 0.6215695233446152, 0.7097630701264698, 0.7133005076481896, 0.4856096970900308, 0.47032243397302703, 0.49059204498428927, 0.44530094871361153], "rn16": [0, 0, 0, 0, 0, 0, 1, 1, 0, 0, 0, 1, 1, 0, 0, 1], "pos": [0.0618, 0.5524]}