{"time": 59857874.0, "tag": 1, "phase": [-4.905791433338512, -4.803702849697316, -0.21217061313566538, 4.868243042201484, -0.1995653540064416, -0.1932932328717254, -4.966642361406118, -0.11329768158683962, -0.1744044330345409, -0.9031922818236883, -0.9774568779858318, -0.6548937747310797, -0.6721565240531571, -1.6128443070906815, -1.780719018398906, -2.4378140666532335], "rss": [0.7189115958258412, 0.7010186182891637, 0.6251333679683324, 0.012561306757650974, 0.7340058852184669, 0.8815876139155091, 0.44243652394093086, 0.4255359573288007, 0.5428888613311403, 0.743326271043046, 0.9597450330341951, 0.7779793375288852, 0.6080336583342842, 0.647555459468568, 0.5893614800728959, 0.6534842519839152], "rn16": [0, 0, 0, 1, 0, 0, 0, 0, 0, 1, 0, 0, 1, 0, 0, 1], "pos": [0.0984, 0.561]}