{"time": 59909215.0, "tag": 1, "phase": [-3.079073203235723, -3.7817348636844654, 2.5706852320130045, 0.2472797924675758, 1.8509940751248029, 2.8087431109788534, -3.827614157043328, -5.18403152192187, -2.896142156965002, -3.0706871078329385, -2.5625302754409267, -1.5946560373122285, -2.5480446505811303, 2.817560668069103, -3.6693352418163783, 2.0848934178399823], "rss": [0.6685143680171117, 1.8123358152987288, 0.9537614994557692, 0.04414539220865904, 0.4415725380473786, 0.44781860590701716, 1.0803462908157813, 1.2003166399334089, 0.7418625455344512, 0.747473435308414, 0.3732890506501818, 0.6576334898639608, 0.43613434497013903, 0.8534921753435379, 0.43811046292328826, 0.796921133729654], "rn16": [0, 0, 0, 0, 0, 0, 0, 0, 0, 0, 0, 0, 0, 0, 0, 0], "pos": [0.1469, 0.546]}