{"time": 59909215.0, "tag": 1, "phase": [-3.0623586831123615, -3.593260282633226, 2.2383734270614903, 0.3272069202577583, 2.069406832053095, 2.732708480084265, -3.841692193084519, -5.332491723046094, -2.9151237454944114, -3.172669112068797, -2.509994862069862, -1.6904655071813521, -2.4444647810821833, 2.858879528566248, -3.7055325962108814, -3.9705064104883894], "rss": [0.7430231855591379, 1.3755790944271349, 1.0717902846511398, 0.03430613776027759, 0.5095631135600999, 0.44138528232539376, 0.915558130112496, 1.2903929070086924, 0.658193631178348, 0.836933343073932, 0.5470049130470622, 0.580120663770299, 0.44844586804246145, 0.8047057504776731, 0.5275192563568508, 0.8842523640386061], "rn16": [0, 0, 0, 0, 0, 0, 0, 0, 0, 0, 0, 0, 0, 0, 0, 0], "pos": [0.1894, 0.5304]}