{"time": 59909215.0, "tag": 1, "phase": [-3.1470826273659007, -3.6526994876191927, 2.2930028207096718, 0.30179676129040534, 1.9908752365783973, 2.848059637576595, -3.690356968620387, -5.245021004787629, -3.0075322967097575, -3.369518896154436, -2.826838218771507, -1.6206037236592703, -2.5374799722400425, 2.849217096133661, -3.5506166538211743, 1.957389192920992], "rss": [0.7393524773961206, 1.4165355208630575, 0.8335768852915436, 0.03318370416421569, 0.4191078635674348, 0.41543720495169967, 1.1662211693633817, 1.2768068623228546, 0.8306652568295432, 0.9610934584451922, 0.4111285198719952, 0.6835068875810295, 0.553553757160832, 0.8140315090476018, 0.5313499698645114, 0.7111321100072208], "rn16": [1, 0, 1, 0, 1, 1, 1, 1, 1, 0, 0, 0, 0, 0, 0, 1], "pos": [0.2162, 0.5143]}