{"time": 59909215.0, "tag": 1, "phase": [-3.1796629706353787, -3.6552666458868304, 2.3134948559162094, 0.4391211253218317, 1.9155814413154046, 2.6389719472364606, -3.7239134262146796, -5.340234193718803, -2.8961555127233964, -3.13230926146447, -2.6126126868366515, -1.5179073487776855, -2.5968722668629436, -2.9562966127251404, -3.6505336143924403, -3.984485327758991], "rss": [0.7428181811051013, 1.4888818184661754, 0.8674458625042744, 0.03681022734350433, 0.27868183366039495, 0.5380094065224226, 1.054577046934731, 1.3140562266023201, 0.8280409144198937, 0.8993216986020447, 0.37466853674584777, 0.6768643195016959, 0.6349888571078515, 0.7778057510451496, 0.400001860221726, 0.7769095235786307], "rn16": [0, 0, 0, 0, 0, 1, 0, 1, 1, 0, 0, 1, 0, 1, 1, 0], "pos": [0.2451, 0.5007]}