{"time": 60031971.0, "tag": 1, "phase": [-2.2924316475501683, -4.265268457104104, 1.305329354476732, 1.0980453455071344, -2.505489995484752, -0.6061441115257138, -0.14769228308315263, -3.3698090050750915, -2.4233649749123765, 1.5037723573263413, 1.8916738379940017, 4.17734866811748, -0.7811712963168012, -0.5042293796501034, -1.9731669524431559, -1.2881859138600147], "rss": [0.3755420935856342, 0.8921891293618527, 0.7540630786256479, 0.05967133762861411, 1.2127107400411021, 1.107312603136889, 1.3534878377518014, 1.3873041280482499, 0.7070063834483257, 0.5998281500152852, 0.8656024289267036, 0.7878163185351573, 0.568311186932041, 0.8294696346300194, 0.5895575132216135, 0.7858700850104389], "rn16": [0, 0, 0, 0, 0, 0, 0, 0, 0, 0, 0, 0, 0, 0, 0, 0], "pos": [0.2573, 0.5276]}