{"time": 60031971.0, "tag": 1, "phase": [-2.121649759676561, -4.310741731629824, 1.347921509198775, 1.1204783444840516, -2.4993000827958345, -0.6532367612070342, -0.09531313969628963, -3.507172584018133, -2.511392511002129, 1.4873574955728495, 2.029596485310995, 4.162932345472863, -0.9244464702176967, -0.4001014374717575, -1.9748511928298205, -1.425565738858678], "rss": [0.3317698314766198, 0.836387066600266, 0.7839958246398497, 0.05189703055825342, 1.1806883798229648, 1.2148747726156253, 1.370659711944852, 1.4018301828076012, 0.6638886702249361, 0.6676673343021788, 0.8586992148892768, 0.7968030267417394, 0.5683019235403532, 0.8480605735672471, 0.5572621583752918, 0.8981814464829698], "rn16": [0, 0, 0, 0, 0, 0, 0, 0, 0, 0, 0, 0, 0, 0, 0, 0], "pos": [0.2671, 0.5527]}