{"time": 60031971.0, "tag": 1, "phase": [-2.75321481226387, -4.273200553543253, 1.3021104266924264, 0.9982900913739798, -2.6415519324930616, -0.6126843288559456, -0.13275362794584478, -3.6605485041950314, -2.630168030521666, 1.4557458954000675, 1.9605069310591048, 4.307169022899095, -0.877072551274467, -0.42483478195945756, -1.8857599053016982, -1.2505624426569777], "rss": [0.3391938178407056, 0.8874750055590102, 0.7375859569425678, 0.06123050267159813, 1.210771688853573, 1.1298938361277946, 1.295111874157853, 1.46005378967726, 0.6607388253581178, 0.447063554477943, 0.8261252980597681, 0.7783095243790558, 0.5942165131574959, 0.8327966020567574, 0.6470343772533701, 0.7971455050084805], "rn16": [0, 0, 0, 0, 0, 0, 0, 0, 0, 0, 0, 0, 0, 0, 0, 0], "pos": [0.2766, 0.5744]}