{"time": 60031971.0, "tag": 1, "phase": [-2.3517762999475873, -4.377006884558494, 1.1493447706080515, 1.0104973685031817, -2.6398852196138796, -0.4333567041590507, -6.151410977960065, -3.429077772349868, -2.435225823009769, 1.4610970778534231, 1.8308676093123963, 4.247448101964781, -0.927737009449382, -0.536385554257301, -1.9801197471486005, -1.3140927836098804], "rss": [0.4272518772024737, 0.9236312031116327, 0.9203533507760366, 0.060895546243763164, 1.2969215048179135, 0.970738224140709, 1.2933157441054404, 1.509246666908343, 0.6670123491976898, 0.4864320820873641, 0.9729070619155291, 0.7258860470381103, 0.6092540985845435, 0.9229343069381508, 0.5927235208694889, 0.7892571741333844], "rn16": [0, 0, 0, 0, 0, 0, 0, 0, 0, 0, 0, 0, 0, 0, 0, 0], "pos": [0.2802, 0.5963]}