{"time": 60058461.0, "tag": 1, "phase": [-4.903085885904927, -4.729615818154774, 0.1384090673588632, 5.260708673726768, 0.13327680223656102, 0.11047990633606286, -4.753762652650609, -0.056273654180420074, 0.3709336765512994, -0.514245939117622, -0.5115268140612478, -0.16916233424581884, -0.05237459625838958, -1.2026411149818435, -1.2355111664777982, -2.0331578470077694], "rss": [0.8195798517767915, 0.766269298937747, 0.6038404127513641, 0.014774107300854891, 0.7177887724092538, 0.8135902077136138, 0.4703850147138666, 0.5115920380669003, 0.5998924757605466, 0.6634828297803594, 0.8128415165241408, 0.7145892312956439, 0.4768621285156904, 0.5634034272238584, 0.5460740736214235, 0.5666245252037542], "rn16": [0, 0, 0, 0, 0, 0, 0, 1, 1, 1, 0, 0, 0, 0, 0, 0], "pos": [0.2318, 0.5774]}