{"time": 60258711.0, "tag": 1, "phase": [-4.7925813836518145, -4.6129198961332, 0.3561644684696632, 5.376488435905705, 0.2866181130536162, 0.3694137730612208, -4.512687280120199, 0.03914507743498774, 0.7699912670000333, -0.23243595913322657, -0.04865355890163589, 0.2232472841154165, 0.3286815493994053, -0.6252168292824625, -0.7569493394725855, -1.4407394002453175], "rss": [0.9024343581118288, 0.852713585250971, 0.5862261067480817, 0.0186708220182719, 0.7400980279145397, 0.7101031145888163, 0.4618831652107661, 0.5779356822885718, 0.5768793508016047, 0.6443782504273372, 0.7759924537099486, 0.6356641718246666, 0.45878108875251455, 0.46725494084563796, 0.4541349540669896, 0.47155222686242326], "rn16": [0, 0, 0, 0, 0, 0, 0, 1, 0, 0, 0, 0, 0, 1, 0, 0], "pos": [0.0659, 0.5365]}