{"time": 60058461.0, "tag": 1, "phase": [-4.845595757453694, -4.6888389486453015, 0.1567599949096316, 5.190488229167462, 0.2146198782956822, 0.19568388555314975, -4.69134064730243, 0.006338808985971944, 0.3907534317474055, -0.6701261224565901, -0.3919525773807981, -0.1966380403527881, -0.08632957911546446, -1.1439475933773404, -1.1900362210938646, -1.9711150813228704], "rss": [0.8234423834003215, 0.7928079719006604, 0.5571487634051915, 0.0168640006044155, 0.7088627086940618, 0.8183578539688507, 0.46400186702278906, 0.4783794627073967, 0.5672009115653913, 0.6769721857635137, 0.8205445697481651, 0.7217180432104441, 0.5321651165948768, 0.5740606683449079, 0.41338431375161494, 0.5689519514869532], "rn16": [1, 1, 0, 0, 1, 1, 1, 1, 1, 1, 0, 1, 0, 1, 0, 1], "pos": [0.19, 0.5599]}