{"time": 60058461.0, "tag": 1, "phase": [-4.87175032454625, -4.685852067179088, 0.0626169567493497, 5.304739249791602, 0.12040985674958571, 0.14752694639953212, -4.84490148540509, -0.09352521360308064, 0.3949817237481801, -0.5506258754656441, -0.4858932253706029, -0.1402657292793854, -0.06418216615836325, -1.0851646964469956, -1.1562964062105088, -2.001833058874875], "rss": [0.8684199474025506, 0.7746270618220024, 0.6118206183011987, 0.01579383153073506, 0.7301893961965653, 0.7921345911918818, 0.4715240103775666, 0.5532913884856963, 0.5843654377263512, 0.6824307081304044, 0.7880584409040323, 0.7321153691904569, 0.4797550609400195, 0.5560237069948888, 0.4703377652258076, 0.556940678754122], "rn16": [0, 0, 0, 0, 0, 0, 0, 0, 0, 0, 0, 0, 0, 0, 0, 0], "pos": [0.1627, 0.5434]}