{"time": 60322406.0, "tag": 1, "phase": [-4.817655456582656, -0.14733266965348868, -0.10349692436680126, 1.644470484756424, -2.474131819234121, -1.0794523764907369, -1.4970508602679569, -4.353350406157696, -4.290523661871896, 0.3605968020435961, 1.4648701177353864, 2.6092996097456966, -0.5542805706329974, -0.43038073415020583, -1.7447491522080616, -1.2163739576295014], "rss": [0.6789448169155547, 0.6075529753163594, 0.6190578420125882, 0.03559024659825054, 0.8073501314179546, 0.7530352121693237, 0.7830595653639926, 0.6542011645008768, 0.3109988102167881, 0.5246999496562179, 0.5398215923090213, 0.34465683547192244, 0.7148430082939934, 0.6330755061619937, 0.7465253688856017, 0.6215714980806244], "rn16": [0, 0, 0, 0, 0, 0, 0, 0, 0, 0, 0, 0, 0, 0, 0, 0], "pos": [0.2074, 0.5504]}