{"time": 60322406.0, "tag": 1, "phase": [-4.748505876204671, -0.16607910985831476, -0.07082933087477211, 1.6506621450576078, -2.4635123872364835, -1.0517543174964434, -1.4753678966114394, -4.374620851778782, -4.284397495545056, 0.3482769746668508, 1.4598807055049159, 2.5993717061283004, -0.6292695187731929, -0.42265211803989, -1.7050716065680642, -1.2745295435354818], "rss": [0.6567175092330301, 0.5783359059822246, 0.6305582684955792, 0.037443792411461056, 0.8417422727409194, 0.767216613352068, 0.7808769649208225, 0.6940348256202793, 0.30830695256129353, 0.5151699496242274, 0.5757922402764695, 0.3476572337280316, 0.7230221704095579, 0.6456429765482228, 0.7481955069419206, 0.6525035602770854], "rn16": [0, 0, 0, 0, 0, 0, 0, 0, 0, 0, 0, 0, 0, 0, 0, 0], "pos": [0.2417, 0.557]}