{"time": 60322406.0, "tag": 1, "phase": [-4.798790171095968, -0.15366031776191091, -0.10662174674665023, 1.6662688952464926, -2.507820982964416, -1.0693960978912325, -1.4725834468153005, -4.382110812496971, -4.296980238370216, 0.40120184055990515, 1.4223153933023767, 2.6118379341135576, -0.6016101517332437, -0.32404045228154943, -1.702050469427663, -1.2255546736611806], "rss": [0.726772208805225, 0.5742861190269957, 0.5738943013067168, 0.038009878595729414, 0.9311756589416633, 0.7336932319113254, 0.7568028480504179, 0.7084805653965226, 0.3101861351582649, 0.5237738312919874, 0.6348544785756199, 0.3526258054170699, 0.7181014761111983, 0.6299744195401734, 0.7329166659373343, 0.6416396999723377], "rn16": [1, 0, 1, 1, 1, 0, 0, 1, 1, 0, 0, 0, 0, 1, 0, 0], "pos": [0.2706, 0.5631]}