{"time": 60026315.0, "tag": 1, "phase": [-3.9056206418175687, -5.4112734679761765, 0.9695869853210812, 1.5833983005828347, -2.1988263188468533, -0.3894510261723396, -0.5424550891924356, -3.8279355361899134, -3.5401559070941397, 1.3753737753532314, 2.259514415986034, 3.5070924740667513, -0.3143313409887206, -0.07593307354884382, -1.3848429249215815, -0.9430230405879968], "rss": [0.5671851665189241, 0.52821727957414, 0.40991708347614114, 0.037189518351332045, 0.8268884989517501, 0.7276564614300401, 0.6968407265455806, 0.5638322441853219, 0.22444121040895365, 0.40567074335089653, 0.4221028492994417, 0.26082075046275877, 0.6044889298699582, 0.529019249610346, 0.6351306549108442, 0.5488378625614675], "rn16": [1, 0, 0, 0, 0, 1, 1, 1, 0, 0, 0, 0, 0, 0, 1, 1], "pos": [0.2884, 0.5719]}