{"time": 60026315.0, "tag": 1, "phase": [-3.9114360099037793, -5.369098863586415, 0.9517778541804867, 1.6074384462816576, -2.210813698075921, -0.3302969119437915, -0.5015519725829316, -3.842182852335406, -3.564708464106815, 1.3545930908911703, 2.2512733643647223, 3.497737424370737, -0.2827832187048892, -0.05316838097100786, -1.4520698610146319, -0.8953748124047949], "rss": [0.5563143150090548, 0.506888161659951, 0.41579005067635477, 0.03261814227861231, 0.8411001728905886, 0.6736691973629031, 0.7049818951626597, 0.5692203512609461, 0.2172916550645191, 0.43348633328819397, 0.40522471589360537, 0.2594352901775246, 0.6051289862592195, 0.542980330801887, 0.6055089792472312, 0.5494416339791948], "rn16": [0, 0, 0, 0, 0, 0, 0, 0, 0, 0, 0, 0, 0, 0, 0, 0], "pos": [0.301, 0.5803]}