{"time": 60026315.0, "tag": 1, "phase": [-3.9247473418069836, -5.315553758932738, 1.0045795844142922, 1.6631267408268535, -2.1610250414282746, -0.351870543857161, -0.47870189535677055, -3.817799037355452, -3.586247131701031, 1.3486005106415007, 2.2066749128342082, 3.5247378048500204, -0.33545618310940784, -0.0015732331717489834, -1.4176464861669587, -0.9159246992786695], "rss": [0.5659630808130479, 0.4873827508818104, 0.4517810472748595, 0.033649080301390126, 0.8122871805434642, 0.7185577670875826, 0.6809424518848182, 0.5639710882641844, 0.22006055451186673, 0.3965312830250337, 0.42259377879159027, 0.257558792938885, 0.581609369410604, 0.5658499241247689, 0.6102830312354581, 0.5271291049134728], "rn16": [0, 0, 0, 0, 1, 1, 0, 0, 0, 0, 0, 0, 0, 0, 0, 0], "pos": [0.3111, 0.5881]}