{"time": 60026315.0, "tag": 1, "phase": [-3.933284092765617, -5.379172663535126, 0.9869136958064518, 1.6120672922361876, -2.1917684484490674, -0.38044278943638, -0.5091225890694, -3.809406148801009, -3.508951009347097, 1.374112648824456, 2.277483277507645, 3.5111447571491574, -0.3504470410195467, -0.05536578561953767, -1.4404910119309187, -0.99457320945146], "rss": [0.5390647963938137, 0.514718152062248, 0.4333753652010846, 0.0342959134298217, 0.829126267551319, 0.737202025182301, 0.6785542948816017, 0.5673254501918609, 0.2238453747729417, 0.40300865641743217, 0.40963630765160486, 0.26336715499838664, 0.5977763054443256, 0.5682080274840571, 0.606288677264867, 0.5661227367284904], "rn16": [0, 0, 0, 0, 0, 0, 0, 0, 0, 1, 1, 1, 0, 0, 0, 0], "pos": [0.3201, 0.5966]}