{"time": 59926231.0, "tag": 1, "phase": [-3.967733611204167, -5.546793463343587, 0.7680556380547403, 1.5769170134698123, -2.203340378640072, -0.4825462302772727, -0.6328301596214647, -3.978536964416651, -3.7397203400554133, 1.166769238005296, 2.1212204256812774, 3.2834416899470846, -0.3723628571464531, -0.13473461513585172, -1.4611153128644454, -0.988154308213711], "rss": [0.5711504657576226, 0.5253558233944419, 0.40572796974167924, 0.029772278165499853, 0.7890700791393856, 0.6975942219840815, 0.6944002796164214, 0.590169993096401, 0.2544699656407314, 0.4100557628871941, 0.43648704678464817, 0.2856952930535905, 0.6436552104056603, 0.5784053681953987, 0.6110142055287275, 0.5694376198602445], "rn16": [0, 0, 1, 0, 0, 0, 0, 1, 0, 0, 1, 0, 0, 0, 0, 0], "pos": [0.327, 0.602]}