{"time": 60479311.0, "tag": 1, "phase": [-3.3403343103708893, -3.8194814088854345, 1.185358894056774, -0.13872805433578295, -3.1488209857093206, -0.9545056499135207, -5.9592615396842055, -3.107203131329693, -1.9780491139429055, 1.517114042587352, 1.5876220987013576, 3.7811306529116515, -1.9268864600668247, -0.8886048127971938, -3.1860792597504064, -1.7317036303203412], "rss": [0.6607131833931617, 0.7612106960619145, 0.6537194041721972, 0.033131524877387956, 0.6387522346985072, 0.8250872947737754, 1.0062910160544, 1.1676101601188553, 0.6995364307468767, 0.5410123574086162, 1.1071214961953229, 0.5827281585803675, 0.5030422024068029, 0.8759874337862724, 0.39021726480608593, 0.8442647986959191], "rn16": [0, 0, 0, 0, 0, 0, 0, 0, 0, 0, 0, 0, 0, 0, 0, 0], "pos": [0.0202, 0.6498]}