{"time": 59926231.0, "tag": 1, "phase": [-4.0442581239449895, -5.546328951944162, 0.7509756515750922, 1.682756186527039, -2.212182512471503, -0.47226005325412657, -0.7139008181320508, -3.972780251850291, -3.76107619102746, 1.274445104038845, 2.1004505255804924, 3.3083469776806305, -0.36239669858601076, -0.1383632751944166, -1.464512521667493, -1.003686181270048], "rss": [0.5859002539618223, 0.5383580505176994, 0.44890697380103284, 0.03307449728747166, 0.795494077504248, 0.7166655112667393, 0.7044719785490599, 0.5702899732212044, 0.26178005697252793, 0.4344351348428136, 0.4286414243841175, 0.2770685634916202, 0.605784197953085, 0.5915256819297803, 0.6237904152372422, 0.6006954671119986], "rn16": [0, 0, 0, 0, 0, 0, 0, 0, 0, 0, 0, 0, 0, 0, 0, 0], "pos": [0.3335, 0.6082]}