{"time": 59926231.0, "tag": 1, "phase": [-3.999913515098349, -5.549948776582825, 0.8036649042031552, 1.5275818436939108, -2.233824025918005, -0.45771530097702384, -0.685477528567707, -3.96641007762802, -3.7613706739210904, 1.188777777262881, 2.085827312935479, 3.317041314859883, -0.32674810241148833, -0.08503894377299945, -1.4891348006635456, -0.9547041482073517], "rss": [0.6068657679722302, 0.5308710197443803, 0.41941429793056556, 0.032306227163312065, 0.8053213150765177, 0.7110018514427799, 0.694481223464699, 0.5914776178304668, 0.24696183796152882, 0.4330749146841986, 0.44294938491353186, 0.2901541401845858, 0.6496954177780068, 0.5916119846561811, 0.5895515588552259, 0.5844276263757251], "rn16": [0, 0, 0, 0, 0, 0, 0, 0, 0, 0, 0, 0, 0, 0, 0, 0], "pos": [0.3378, 0.6127]}