{"time": 59926231.0, "tag": 1, "phase": [-4.0161879002391405, -5.535947907770028, 0.8060827924722913, 1.6646783426198626, -2.2300509470097603, -0.505113521539253, -0.6461153344160544, -3.9739263391388913, -3.697091979762524, 1.1985397903891102, 2.1282453685976828, 3.288226000209611, -0.3931445785694775, -0.09972968224547657, -1.4637568805508312, -0.940772266553696], "rss": [0.5811832011186308, 0.5174449675815445, 0.43506011370282077, 0.032998095295384014, 0.7985784203491192, 0.7058797311609933, 0.6945219257327129, 0.5539249916150848, 0.2574753937246941, 0.3961437282150708, 0.447158683467012, 0.29260970913850876, 0.5975811673656003, 0.5964191056618133, 0.605783544572297, 0.6093615232977688], "rn16": [1, 1, 0, 1, 1, 1, 0, 1, 1, 0, 0, 0, 1, 1, 1, 0], "pos": [0.3421, 0.6181]}