{"time": 59790651.0, "tag": 1, "phase": [0.19614021037505003, -1.5479034218056105, 2.2915575971486737, 4.270524908377192, 0.49311557437108033, 1.8511908319161963, -2.552664633638997, -5.223450600665111, -2.757213187669214, -4.320131418459262, 1.6313201632501875, 2.097916636704507, 0.7130927516394872, -0.1437896443999443, -0.5923988920210876, -0.8075925108816107], "rss": [0.536899553329064, 0.5667170637945913, 0.34842265193980576, 0.006680377749204674, 0.16288459655616672, 0.19338458654828466, 0.4641030285039336, 0.618986292645804, 0.19724336567479311, 0.6139558956908967, 0.7107580531344505, 0.19508316221822156, 0.8725335663410705, 0.7907514159604969, 0.9516821342863874, 0.6906769251120495], "rn16": [0, 0, 0, 0, 1, 1, 1, 1, 1, 0, 1, 0, 1, 0, 0, 1], "pos": [0.2378, 0.6248]}