{"time": 59790651.0, "tag": 1, "phase": [0.2611189806598082, -1.5045585815155167, 2.0034402516694163, 2.8637699554039253, 0.46534435397921536, 1.9200457822513162, -2.7185542778298633, -5.455470165357894, -3.0152447559329456, -4.135159127297362, 1.53912049969035, 2.3603246604719272, 0.5753697114367171, 0.09585644012222608, -0.5651167150917216, -1.0075497924421144], "rss": [0.5979174429505069, 0.4311048674441715, 0.30237805246549265, 0.0012560540261567043, 0.16988306748455634, 0.1754605418320665, 0.6235717073252834, 0.6971548398638637, 0.22956811017849288, 0.5222932518347865, 0.7207480265107302, 0.3369619996630836, 0.9831138810252645, 0.7960224838975114, 0.9744792199129957, 0.7500138061113588], "rn16": [0, 0, 1, 1, 1, 1, 0, 0, 0, 0, 0, 0, 0, 0, 0, 1], "pos": [0.1896, 0.6229]}