{"time": 59790651.0, "tag": 1, "phase": [0.14839057802668254, -1.5182170679021425, 2.1598202205360346, 3.223962642941886, 1.1236140229141398, 1.8822164473528225, -2.623719910700249, -5.596100138886593, -2.852886876578225, -4.303516678519145, 1.5831969141318012, 2.3291505018203313, 0.5218815758292497, -0.15806406251458824, -0.607992253474519, -0.9585160974642901], "rss": [0.5627123211074837, 0.5985675683137011, 0.3219623154010062, 0.004247721994303735, 0.1119046824664946, 0.2397539459781905, 0.5131238844713156, 0.8312090855372612, 0.1449493098186801, 0.5530577764606595, 0.7170513414522991, 0.2779384613188188, 0.9038717846637014, 0.774326553969776, 0.9843529153264752, 0.699522190605659], "rn16": [0, 0, 0, 0, 1, 0, 0, 0, 0, 1, 1, 0, 0, 0, 0, 0], "pos": [0.1429, 0.6221]}