{"time": 59790651.0, "tag": 1, "phase": [-0.0606372272084057, -1.3389107041264967, 2.2926117097003025, 3.229084760573422, 0.22817044015328825, 1.9232542943232682, -2.60034855719613, -5.198497186417953, -2.8245353240418116, -4.354699333113741, 1.4106914474130192, 2.2155607691226407, 0.69119794655358, -0.023449989218700965, -0.5729035026715823, -0.9514043005346297], "rss": [0.5316483058051884, 0.537523285009275, 0.30988721550944454, 0.0016274890892519049, 0.18390129744657965, 0.14923840822263645, 0.5927420281745653, 0.6465325841268694, 0.16154934401794915, 0.5254877576956817, 0.8018192975062844, 0.273928644485858, 0.8975369261171534, 0.6877800963036814, 1.1192100942697805, 0.8163201871464449], "rn16": [0, 0, 0, 0, 0, 0, 0, 0, 0, 0, 0, 0, 0, 0, 0, 0], "pos": [0.0955, 0.6239]}