{"time": 60116185.0, "tag": 1, "phase": [-0.8845433498863711, -2.1006851334558947, -2.0870655290390774, 0.4504938360917252, -3.3223814140646746, 4.111769465599347, -2.886589394366462, -5.097437238975324, 0.24054010696853467, -1.8851712745763913, -0.17748862917088837, 0.6859523695262673, -1.3482303075632447, -1.2603498531141817, -2.3980878403981185, -2.0519291688806494], "rss": [0.4252571080497348, 0.36959076427692944, 0.4860781378146332, 0.04481877240151096, 0.9103311340640634, 0.7713222711036791, 0.37883729141842054, 0.669907424035302, 0.3048806228682743, 0.4708665126738237, 0.5716540252130989, 0.4037379069906566, 0.645570021741766, 0.6192630588917859, 0.620944929384023, 0.6379540399091382], "rn16": [0, 0, 0, 0, 0, 0, 0, 0, 0, 0, 0, 0, 0, 0, 0, 0], "pos": [0.1562, 0.6133]}