{"time": 60116185.0, "tag": 1, "phase": [-0.6143543401197629, -2.117689568195784, -2.0373766816089156, 0.4231709669785919, -3.4287781036047305, 4.002788319964236, -2.9884803554547945, -5.3602970549095605, 0.2663077222867076, -1.9088749801452962, -0.21651049624223456, 0.6737673626923851, -1.210659537609679, -1.1632612395194224, -2.352762372241793, -2.026100941512191], "rss": [0.48571349875375713, 0.3765285273863511, 0.5023823093997234, 0.04683887469038102, 0.8523676656811482, 0.7719793984904451, 0.43130592976755355, 0.5287565276997986, 0.33835046033690314, 0.532796525275501, 0.5951207185864239, 0.3690465350350179, 0.6672226346147301, 0.6464108405193835, 0.6698981022685176, 0.6468540839953747], "rn16": [1, 1, 0, 1, 1, 1, 1, 0, 0, 0, 0, 0, 1, 0, 1, 1], "pos": [0.2075, 0.6041]}