{"time": 60116185.0, "tag": 1, "phase": [-0.6289439736030147, -2.0452285411500006, -2.1012894963365434, 0.48685335392304285, -3.3209324143343806, 3.846497818596185, -2.8245147560309407, -5.281419195904045, 0.3746860309200475, -1.8746027066621878, -0.21479966017004304, 0.752279408179926, -1.3640689681230542, -1.202596049977019, -2.378399388449933, -2.1475920762877783], "rss": [0.5128337784948257, 0.4146877898682201, 0.4832286490747144, 0.04751883981234668, 0.8541085126175247, 0.689418138971525, 0.3846791234806562, 0.5471819358031654, 0.31023024601086246, 0.48868458454902003, 0.5229748844923039, 0.4133830150190378, 0.6047642594503028, 0.6336109193711821, 0.6208023236322574, 0.599617344196044], "rn16": [0, 0, 0, 0, 0, 0, 0, 0, 0, 0, 0, 0, 0, 0, 0, 0], "pos": [0.2486, 0.5969]}