{"time": 60479311.0, "tag": 1, "phase": [-3.9290421471775234, -4.1474598955586774, 1.1018095367887781, -0.06536894655527004, -3.077220479217571, -1.016241128969895, -6.188725719866909, -3.203339340613898, -2.2566068411026317, 1.4043483015676086, 1.6533754973795323, 3.9499295022893692, -2.0008277238944974, -0.8970546509786402, -3.188267050047396, -1.9000317033327585], "rss": [0.5328473741660904, 0.7379346446535427, 0.593359708894534, 0.021795809639853118, 0.6046986840900026, 0.760775663458085, 1.1445427072341607, 1.206122683744441, 0.6021878489639285, 0.708913808605015, 1.0488998879451856, 0.6457717329825516, 0.45572865149236474, 0.8516923541428972, 0.40870907009670326, 0.6891121014845853], "rn16": [1, 0, 1, 1, 0, 1, 1, 0, 1, 1, 1, 0, 0, 0, 1, 1], "pos": [0.0497, 0.6868]}