{"time": 60232662.0, "tag": 1, "phase": [-3.190689983651772, -4.6841447598710255, 0.586715293779443, 0.5502473522951523, -2.52125232974725, -1.1496407943198832, -0.7065889888231895, -3.9937476331375033, -3.0418803397337806, 0.9865093376086069, 1.117418205229704, 3.5422351590030363, -1.5779727561500676, -1.2589874066392963, -2.6982938329220914, -1.9813013640705641], "rss": [0.22414289742536822, 1.176861360693674, 0.6560805085676685, 0.044885029778403404, 1.2470134893253506, 0.9250927702050747, 1.2599846579300114, 1.5514362527722858, 0.7482000456954255, 0.49507791438789117, 1.0540166022633068, 0.8643891051346516, 0.7632449673789171, 1.0012025109419462, 0.766801321737969, 1.0869210694411842], "rn16": [0, 0, 0, 0, 0, 0, 0, 0, 0, 0, 0, 0, 0, 0, 0, 0], "pos": [0.2549, 0.6142]}