{"time": 60232662.0, "tag": 1, "phase": [-3.263833546536774, -4.754654896850603, 0.5796997318971617, 0.5545950212975059, -3.097070195609381, -0.9709204087028398, -0.5782840010180692, -3.928697948385364, -3.126792352420846, 1.0342807548224215, 1.075341218693155, 3.561819679943236, -1.7064715193651567, -1.2051609362216846, -2.6917243408899365, -1.9968782665830052], "rss": [0.33452610355320833, 0.9939790811310809, 0.6910582915097568, 0.05270746803521201, 0.7742095537052713, 1.0359693384993554, 0.985011306960086, 1.7575179800761924, 0.6907155517007765, 0.6282956280046068, 1.0420792878546625, 0.8931336685412303, 0.6405698266472276, 1.0121122582865383, 0.7271013792221028, 1.1229695242865017], "rn16": [0, 0, 1, 0, 0, 0, 0, 0, 0, 0, 0, 1, 1, 1, 1, 0], "pos": [0.2583, 0.6335]}