{"time": 60232662.0, "tag": 1, "phase": [-3.265492325082216, -4.771424529726707, 0.7246449366203834, 0.6013759156926302, -2.929166215368186, -0.9467263147591296, -0.5674089517156529, -4.043776099994111, -3.101328262295386, 0.7448683779534988, 0.9750091618287959, 3.3530175643092353, -1.7378705386964621, -1.2156900093453376, -2.6585875036829263, -1.9748161042531018], "rss": [0.4062189803006576, 0.6578213249336906, 0.73996189873109, 0.05026071129256643, 0.8739589794956655, 1.0262820434394553, 1.1652174913860118, 1.4018626556803517, 0.7314042632188198, 0.5590526632688774, 1.0013765579373766, 0.7347087447652222, 0.6206011891930823, 1.0344801366237726, 0.7921401947451404, 1.1501559354281286], "rn16": [0, 0, 0, 0, 0, 0, 0, 0, 0, 0, 0, 0, 0, 0, 0, 0], "pos": [0.2562, 0.6484]}