{"time": 60232662.0, "tag": 1, "phase": [-3.1636978774058058, -4.79799847970284, 0.7305100528674543, 0.5806473524290954, -2.6086999051532045, -0.8954222748626821, -0.5586078886191199, -4.023176334166916, -3.0746037898730325, 0.9208234657060232, 1.0279274895152295, 3.472446384257556, -1.6537704831681448, -1.2849327750918624, -2.7369626284756396, -2.1065407497810558], "rss": [0.5059977999551215, 0.9864847094206664, 0.7781200683028402, 0.049638142137095234, 1.174506372911698, 1.0549183471521932, 1.13582126685384, 1.5285743465753714, 0.7318807159664614, 0.6021900619783136, 1.0406029887230088, 0.8107220650333258, 0.7010462914315241, 1.0476516711519384, 0.7754234115221013, 1.118567937461533], "rn16": [1, 1, 1, 0, 0, 1, 0, 0, 1, 1, 1, 0, 1, 1, 0, 0], "pos": [0.2524, 0.6639]}