{"time": 60659414.0, "tag": 1, "phase": [-4.676152718722342, -4.5532339415209275, 0.5589188954490232, -0.6030763250141384, 0.5746366755101996, 0.5885233541728101, -4.512866670845354, 0.06912719423070302, -5.02426736582052, 0.2428319905717844, 0.6509802043201289, 0.9772042064470748, 0.9466661010466826, 0.38519080033506714, -0.11702830238326278, -0.4017603237413139], "rss": [0.911853119996461, 0.8153453072346324, 0.4526130283841404, 0.026871550250078598, 0.7017079644823203, 0.5181858619297025, 0.4140994263251728, 0.7351659515862498, 0.512670831033291, 0.5832863667435021, 0.6225293995032944, 0.4945383292509862, 0.39288495728711104, 0.42857135628753956, 0.4487782214830138, 0.43470854246251117], "rn16": [0, 0, 0, 0, 0, 0, 0, 0, 0, 0, 0, 0, 0, 0, 0, 0], "pos": [0.2363, 0.6384]}