{"time": 60659414.0, "tag": 1, "phase": [-4.733275762514852, -4.559561494007954, 0.6525227935248714, -0.5319917678811694, 0.5796068028892264, 0.5242911434766302, -4.551494802228937, -0.04303419788041252, -5.0322970132922915, 0.20471686842428394, 0.6632082288327943, 0.9547198129935726, 1.0073994563234527, 0.533152989220463, -0.13753670186860534, -0.5267208103685407], "rss": [0.8999878837813136, 0.8762497934396739, 0.4849696107752511, 0.024212418946367567, 0.7624442010672169, 0.5684289172261979, 0.4893594410859903, 0.6138439462431264, 0.519284936262753, 0.6509802506571074, 0.6161543711092979, 0.5346007233715787, 0.4237668780314768, 0.4122800450672227, 0.4547270378390265, 0.3848860532785953], "rn16": [0, 1, 0, 0, 0, 0, 0, 0, 0, 0, 0, 0, 0, 0, 0, 0], "pos": [0.2236, 0.6147]}