{"time": 60659414.0, "tag": 1, "phase": [-4.707253138969742, -4.555168911470988, 0.7112895631704083, -0.6563636639120367, 0.5459782184198868, 0.5950588399087056, -4.5282534930469645, 0.019224540624524167, -5.072278622506818, 0.2474431930868357, 0.7045704072091883, 0.9534998554872128, 0.9002142435091145, 0.30770686892346377, -0.08847278650565826, -0.27578644945356967], "rss": [0.8598911643867714, 0.8621125790577977, 0.5502086459665636, 0.023112369767109887, 0.6558923339721296, 0.5114227873574058, 0.39482455916250747, 0.6835301851696791, 0.5705342447647108, 0.668655083283747, 0.6619704702123831, 0.5693611567023958, 0.3815175902515572, 0.3912197288640409, 0.5056192387940459, 0.4092813164305107], "rn16": [0, 0, 0, 0, 0, 0, 0, 0, 0, 0, 0, 0, 0, 0, 0, 0], "pos": [0.2134, 0.5927]}