{"time": 60607007.0, "tag": 1, "phase": [-3.7840872148618203, -4.055790346896348, 1.7983587916192734, -0.23871070443697517, 0.8544616685195451, 2.122440900408581, -4.124836392987526, -5.466434609093833, -3.554440376984976, -4.07307704143288, 2.593150718979387, 3.9251536804200233, -3.1124510873090867, 2.640458136240618, -4.213072418437532, 1.5127407880747692], "rss": [0.6465170574559288, 1.29632171754444, 0.8715743434137851, 0.040475036275522194, 0.4526831938778272, 0.3868738118206429, 0.9433744905464803, 1.1940586467728218, 0.7478277572709062, 0.7115213791424259, 0.3726138536452268, 0.7065462105164295, 0.770695827048199, 1.0291760707007094, 0.5364170840140958, 0.7934469073331758], "rn16": [0, 0, 0, 0, 0, 0, 0, 0, 0, 0, 0, 0, 0, 0, 0, 0], "pos": [0.2368, 0.5733]}