{"time": 60607007.0, "tag": 1, "phase": [-3.9399772035683447, -4.050550713473152, 2.033990378586442, -0.10112919429863965, 1.0435938015696298, 2.2423255738339507, -4.109239048945973, -5.491953839035991, -3.4831403108698575, -4.006014208829841, 2.7394155645811793, 3.8702610183260373, -3.1046215973166595, 2.498430495603397, -4.2160511704072965, 1.6262656912929792], "rss": [0.7036472314005852, 1.3082207817206855, 1.0046313860704503, 0.038386872103091454, 0.5262685915833772, 0.3905708627690706, 0.9587670358652619, 1.1305042335766127, 0.7712871175709587, 0.7429593462146973, 0.3832941928348047, 0.6291396591358783, 0.6028462723993095, 0.8609321824662459, 0.7644755868685611, 0.8898272396100974], "rn16": [0, 1, 0, 0, 0, 0, 0, 1, 1, 0, 0, 0, 1, 0, 0, 1], "pos": [0.2522, 0.5551]}