{"time": 60607007.0, "tag": 1, "phase": [-3.812830172096612, -3.97415550070735, 2.0032783525464115, -0.12688372474620646, 1.0984034056258976, 2.1099795153229643, -4.038675823243791, -5.258872431374785, -3.5421257684898144, -3.8186304762535057, 3.0108099281027294, 3.9275349940658075, -2.972413660981961, 2.498272993091975, -4.095013303265446, 1.6698175601912852], "rss": [0.7142693750785145, 1.3700351853600192, 0.9805520119910316, 0.03781638675916094, 0.5233821575573565, 0.4152446854608957, 1.006473721282939, 1.3072948608598165, 0.7682371477827641, 0.7199905538323097, 0.31640119264463845, 0.690855285737445, 0.5935226103409175, 0.8396974433405029, 0.691211649381956, 0.7919608230764663], "rn16": [0, 0, 0, 0, 0, 0, 0, 0, 0, 0, 0, 0, 0, 0, 0, 0], "pos": [0.2684, 0.5381]}