{"time": 60488439.0, "tag": 1, "phase": [0.19881141229280308, -1.3894369384016705, -3.100272778577695, -0.3645276653731586, 1.7676460140100505, 2.671963191824108, -2.1947002210444913, -5.263444135414508, -1.9711023336715157, -4.244277499520819, 1.8710026877049066, 3.1294419155191564, 0.7207013276656391, 0.4570390296342216, -0.4809691815499737, -0.47260049713386976], "rss": [0.5281385656596115, 0.5486302801311835, 0.3724051344072648, 0.0012975360174224241, 0.4207183584728987, 0.20155324467210578, 0.520322193467802, 0.6410666942150249, 0.2411345778630344, 0.3397405671176271, 0.6225282055522008, 0.1850296477358873, 0.8946123018918413, 0.5227370671012892, 1.0301281564989209, 0.5576630822549683], "rn16": [0, 0, 0, 1, 1, 1, 0, 0, 1, 1, 1, 0, 0, 0, 0, 0], "pos": [-0.3398, 0.7985]}