{"time": 60479311.0, "tag": 1, "phase": [-4.24237140382824, -4.0433063765525, 1.1720667535777145, 0.30221770981668117, -3.2769987697396297, -1.0781405336531502, 0.06421083278167838, -3.082377022859775, -1.8704931226613735, 1.4690365906588105, 1.4925057946985152, 3.849711255490151, -2.305295519135089, -0.9769698801771355, -3.677729011086818, -1.8242540712274122], "rss": [0.38470238662335454, 0.6113689810164235, 0.6755565782505195, 0.028862605876219513, 0.5191921096747097, 0.7830046931004684, 0.8421409893113595, 1.1958888964038006, 0.607266656035198, 0.6109518483820059, 1.0876925075743247, 0.5611571622242381, 0.5302659257138794, 0.82957433029476, 0.5305990763749314, 0.7823708763814285], "rn16": [1, 1, 0, 1, 1, 0, 1, 0, 0, 0, 1, 1, 1, 1, 0, 0], "pos": [-0.0479, 0.8478]}