{"time": 60518321.0, "tag": 1, "phase": [0.12411245113657987, -1.2129424419264752, -1.2236604220448666, 0.900013737731032, -2.9840894348658407, 4.56086653887934, -2.172701768890837, -4.856029818661695, -5.064721907111905, -0.9678284044962927, 0.3977031012731626, 1.8061034865417402, -0.990613964362169, -0.7918146505137714, -2.1094364752982697, -1.6442525084922868], "rss": [0.6455899073394428, 0.3386253017546651, 0.5935266506278627, 0.049158996390885924, 0.9436860065904727, 0.813186290698698, 0.5052576861704096, 0.7174950132557051, 0.34263789702967246, 0.5000165551569902, 0.565281589973707, 0.4736163306519347, 0.6952877118265243, 0.6240378381675324, 0.7092805916339164, 0.575160190853158], "rn16": [0, 0, 0, 0, 0, 0, 0, 0, 0, 0, 0, 0, 0, 0, 0, 0], "pos": [0.2941, 0.5399]}