{"time": 60518321.0, "tag": 1, "phase": [0.43779754015891204, -1.1378267927384191, -1.3865850421344004, 0.9616320369117497, -3.0647401097253195, 4.519018415297672, -2.332931452977599, -4.706816256003396, -5.133389063524569, -0.9965958504420314, 0.4475776265200131, 1.50080742434951, -1.0990269747815054, -0.7163574624015104, -2.1557045919985147, -1.6564993388315816], "rss": [0.6488947230706456, 0.4717510647772428, 0.5462662860541362, 0.051533437986736985, 1.0383785243322872, 0.8294940037137023, 0.5825870437196666, 0.6993908531873251, 0.31579987501703993, 0.4780785165852866, 0.6172817703539333, 0.4135531790452349, 0.7011698573797013, 0.5878788679229734, 0.680368502876787, 0.6257750443586637], "rn16": [0, 0, 0, 0, 0, 0, 0, 0, 0, 0, 0, 0, 0, 0, 0, 0], "pos": [0.3288, 0.5411]}