{"time": 59920521.0, "tag": 1, "phase": [-5.393331862272387, -0.5216774573004583, -0.5959408296450558, 1.3844417184170323, -2.637584761731459, -1.3218241536144621, -1.8096801210970528, -4.505037350074467, -4.555705161921418, -0.22516494559965783, 0.9809716390574693, 2.275252191644506, -0.7778891157671536, -0.5398023207363126, -1.8766823343176198, -1.350827406532387], "rss": [0.7042679649067464, 0.5249225626336315, 0.6220200611314263, 0.04509604429950357, 0.9393784130805977, 0.8387193156738595, 0.7146049499465171, 0.7457573231890368, 0.31599882531227397, 0.5086795381809419, 0.6630520989617544, 0.3965172199607345, 0.7855257432677584, 0.5940676436755453, 0.748148706588713, 0.6128546349668258], "rn16": [0, 0, 0, 0, 0, 0, 0, 0, 0, 0, 0, 0, 0, 0, 0, 0], "pos": [0.3404, 0.5456]}