{"time": 59920521.0, "tag": 1, "phase": [-5.351865248923151, -0.5298517824417441, -0.5350203445647583, 1.3915288585327477, -2.668017891363005, -1.3289846250630786, -1.77984651930146, -4.575729832080667, -4.574220150070376, -0.24442020654317131, 0.9667448119691666, 2.1631748713035037, -0.7338930545533502, -0.44904450203257806, -1.8795143473817464, -1.3270184182945348], "rss": [0.5854250055291372, 0.49135305802467244, 0.6143760552904155, 0.04397587526888786, 0.9869063216766265, 0.8557919889104296, 0.6810278592852232, 0.7849923735405291, 0.31270540719831424, 0.5258846931289614, 0.6157684472239314, 0.4083773915819999, 0.749050784767349, 0.587294603363828, 0.7253332509841149, 0.5891999011611558], "rn16": [0, 0, 0, 0, 0, 0, 0, 0, 0, 0, 0, 0, 0, 0, 0, 0], "pos": [0.3497, 0.5498]}