{"time": 59920521.0, "tag": 1, "phase": [-5.259781875409966, -0.5911670961478346, -0.5875924397024566, 1.4847070432339466, -2.64934470033589, -1.338193469836143, -1.7778457603860995, -4.519913945553914, -4.567157687406484, -0.20290962294552872, 0.933023267550808, 2.1618035602920163, -0.7568678158015976, -0.6137873650636068, -1.9149110706558994, -1.4022131873429], "rss": [0.663067094622018, 0.5114701193623042, 0.6204439392239389, 0.04710871845617876, 0.9476033113171332, 0.8907935705779538, 0.6330036654830588, 0.72016481601254, 0.3231888281566429, 0.5105875181143205, 0.6219635097354695, 0.3649250890918224, 0.7556953246612264, 0.597392303699549, 0.7260257775008574, 0.5873412518924334], "rn16": [0, 0, 0, 0, 0, 1, 1, 1, 0, 0, 0, 0, 0, 0, 0, 0], "pos": [0.3558, 0.5539]}