{"time": 59920521.0, "tag": 1, "phase": [-5.312139174339403, -0.616810961445386, -0.6439442564620858, 1.4048483739521522, -2.6602356950912074, -1.3279246862151919, -1.8336236942561854, -4.530336996395702, -4.557065063094005, -0.2098582433194085, 0.9717250440857848, 2.170302311335506, -0.6877692761382579, -0.6482046332397516, -1.884122346805232, -1.3745968968401971], "rss": [0.6310541741985293, 0.4986680664441386, 0.6231922880779542, 0.04226002056557607, 0.9484311092291043, 0.8040316352856479, 0.6813637870438006, 0.7316271545212952, 0.32736290996604644, 0.4818423773761362, 0.5856500114203369, 0.395138877311341, 0.7890630143291543, 0.6655544939552163, 0.7650650869550318, 0.571098592699887], "rn16": [0, 0, 0, 0, 0, 0, 0, 0, 0, 1, 1, 0, 0, 0, 0, 1], "pos": [0.362, 0.5575]}