{"time": 60015224.0, "tag": 1, "phase": [-0.9040198805716779, -2.452254359489717, -2.2977220039111876, 0.3239189452005, -3.4335475959990323, 3.7823941403246453, -3.4474792534464482, -5.4901797546719955, 0.03208930458169279, -2.084120227172062, -0.5708010938849581, 0.4218102814507957, -1.3925820024730164, -1.3806366384533795, -2.4854328141366575, -2.19092718793655], "rss": [0.4697665013614983, 0.36896063824852365, 0.49175517732181323, 0.0454918578459274, 0.8075336903931047, 0.6858411528730952, 0.4060242843693054, 0.4976783180945397, 0.2927406823906597, 0.49866091411206787, 0.4546106500829058, 0.3508740475526774, 0.5778026136399582, 0.6161269457651706, 0.6931120720019108, 0.6703036756869672], "rn16": [1, 0, 1, 0, 1, 0, 0, 0, 1, 1, 1, 1, 1, 1, 0, 0], "pos": [0.3741, 0.5502]}