{"time": 60015224.0, "tag": 1, "phase": [-0.9538011815578433, -2.3854773824853646, -2.311247337673592, 0.19647806523521805, -3.5423540403914875, 3.840092781294251, -3.173487001209801, -5.525415294382295, 0.03492975735377479, -2.1709776356135118, -0.5095557996442603, 0.3419274599300973, -1.3977540054572546, -1.297365978321483, -2.440945297709434, -2.2155622352133135], "rss": [0.44206188362294424, 0.4314322074159801, 0.4533307455675927, 0.03999137045729945, 0.7583925512713521, 0.7443108072158633, 0.4011591791003219, 0.48607633745915485, 0.26838203362012436, 0.4595994281754624, 0.49026257182845684, 0.3399010489974803, 0.5944427100422007, 0.6866915304988942, 0.7017413140015152, 0.63008668662557], "rn16": [1, 0, 0, 0, 0, 0, 1, 1, 0, 0, 1, 1, 1, 1, 1, 1], "pos": [0.3815, 0.5441]}