{"time": 60015224.0, "tag": 1, "phase": [-0.9440253085960997, -2.3646667418756833, -2.2277075473647643, 0.3358204178084532, -3.272507994680844, 3.995238017817047, -3.4657194018044835, -5.40602823711276, 0.11097482480220178, -2.1179708107405055, -0.4539934376226023, 0.5041099280066036, -1.4244793605513864, -1.198298624148992, -2.4733728134216206, -2.2570501676134156], "rss": [0.5017322371096811, 0.43278920263367227, 0.46639354582537834, 0.044041242565342184, 0.9372987006047269, 0.8213492999745934, 0.398142871708116, 0.5089948628659013, 0.2553747707511354, 0.44181747525336224, 0.46313712459869166, 0.3920417398750006, 0.581979096333288, 0.722392116753919, 0.6345400154010354, 0.6205243700324486], "rn16": [0, 0, 0, 0, 0, 0, 0, 0, 0, 0, 0, 0, 0, 0, 0, 0], "pos": [0.3897, 0.5377]}