{"time": 60044984.0, "tag": 1, "phase": [0.28087944664893794, -1.5071152300777098, 2.7252015843219506, 2.0781904197114334, 0.5498898819279255, 2.033353380355628, -2.526056759677082, -5.101539498918553, -2.57490313412563, -4.247611366990656, 1.581594337957093, 2.351559039572289, 0.6541459255557303, 0.08513159255316136, -0.5380960046653886, -0.7679312213292131], "rss": [0.5116199997262519, 0.4816168792802932, 0.42022315910564007, 0.005901041232008995, 0.21856358474792764, 0.16479494189229893, 0.5682722592894192, 0.5705012420298523, 0.17412073833833291, 0.5023381195056561, 0.679755658864799, 0.23709191497434587, 0.9240444271120125, 0.5423185871415324, 0.9274086795251612, 0.5808280144057308], "rn16": [0, 0, 0, 0, 0, 0, 0, 1, 1, 0, 0, 0, 0, 0, 1, 0], "pos": [-0.0926, 0.8447]}