{"time": 60015224.0, "tag": 1, "phase": [-0.8583597136372914, -2.419408023290228, -2.287119556162338, 0.32189508724443616, -3.393304343595295, 3.9242371724625045, -3.43848305267858, -5.477782051687871, 0.009522120925397726, -2.076135638818062, -0.5102416765499296, 0.48129769939042955, -1.379439282564427, -1.4465044713202726, -2.5025759512448134, -2.2316772858321365], "rss": [0.5972107557346429, 0.33632833930847494, 0.473114134420426, 0.03920171715821534, 0.8753818214490077, 0.7829349756745353, 0.39142071780984006, 0.4494120276796867, 0.3227715876720223, 0.45162663557660293, 0.543758048694768, 0.3785430506865109, 0.6432869020053833, 0.5814450238982426, 0.5986714545647173, 0.6012915980774359], "rn16": [0, 0, 0, 0, 0, 0, 0, 0, 0, 0, 0, 0, 0, 0, 0, 0], "pos": [0.3947, 0.5322]}