{"time": 60459101.0, "tag": 1, "phase": [-4.725217054986441, -4.610584075447067, 0.6123741421654696, -0.7178086986288106, 0.4984076540016561, 0.4771525958641618, -4.4378139122159315, 0.011938629455795269, -5.250025629295047, 0.009538793409862523, 0.3231622334895425, 0.5806515358756055, 0.6887680294485303, -0.13613579029211256, -0.42570977697776713, -0.9495445317909482], "rss": [0.956617410554004, 0.8441504514769076, 0.5983391214375052, 0.020999854239465217, 0.669216774131364, 0.6062167314022184, 0.4135790966625223, 0.5610269381381114, 0.5718336711362881, 0.633342293358773, 0.6700556599634984, 0.6050976834119463, 0.45515922834584766, 0.3908364905252348, 0.4435462788334164, 0.376444960567611], "rn16": [0, 0, 0, 0, 0, 0, 0, 0, 0, 0, 0, 0, 0, 0, 0, 0], "pos": [0.3387, 0.5169]}