{"time": 60459101.0, "tag": 1, "phase": [-4.715430517337002, -4.510152202201294, 0.5781779593207451, -0.713335971293815, 0.5134607204459251, 0.4784181190210275, -4.458410901232458, 0.03567120456528228, 1.0027700953460905, 0.005112041222266717, 0.3245864443751567, 0.6316949847261037, 0.6249187310013327, -0.1384739934747247, -0.4618147836862623, -1.0024469765745392], "rss": [0.9365487544448776, 0.8488485826053239, 0.4893881674014295, 0.01951982066277944, 0.6131954412276899, 0.6249470064670383, 0.42373274890582435, 0.6291260634143815, 0.5787804124384209, 0.6123859333121849, 0.660547296323509, 0.5733012495670688, 0.4345830842830907, 0.4015841330422645, 0.40584939977619733, 0.4175977452317862], "rn16": [0, 0, 0, 0, 0, 0, 0, 0, 0, 0, 0, 0, 0, 0, 0, 0], "pos": [0.2914, 0.5032]}