{"time": 60459101.0, "tag": 1, "phase": [-4.703645271740088, -4.581771717127316, 0.5874476244181428, -0.7296730408078096, 0.4934451194472117, 0.5128919679801238, -4.418130868643141, 0.04271088221957031, -5.243446628235249, 0.039215909227297896, 0.3278113204002671, 0.5917612622906908, 0.6987129554957157, -0.17271961975662764, -0.4430189505916584, -0.9940835318875706], "rss": [0.7718762850400119, 0.9113815760282817, 0.44022717519193005, 0.01923561375177132, 0.666850173446211, 0.5851785148621553, 0.44304724164593, 0.678352060313429, 0.5414144091550807, 0.6130778534152179, 0.6239785188924062, 0.6068124420737918, 0.46479244166625955, 0.39614480699158916, 0.4140131185753153, 0.38932676102206293], "rn16": [0, 0, 0, 1, 0, 0, 1, 1, 1, 0, 0, 0, 0, 0, 0, 0], "pos": [0.256, 0.4899]}