{"time": 59793666.0, "tag": 1, "phase": [-2.0686637044503917, -3.439527763815281, 0.9890790804703277, 4.935752424789989, 0.1802826468715505, 0.6700500108839149, -4.063127330060913, -6.169243332531254, 0.9595657023607571, -0.06458752490296926, -0.6618988489573011, 0.13931646449321256, -1.2818321399668375, -1.6896073032242362, -2.3502805231339594, -2.555419407407297], "rss": [0.5932583217939038, 0.7592798503522682, 1.0165364470518279, 0.028066960012848818, 1.2385547766249239, 1.4532938538297089, 0.9586962101265588, 1.2052483047844402, 0.9113427216799168, 1.2025562932243645, 1.5061997427003024, 1.0886962512540308, 1.7050350904951364, 1.5238459932845931, 1.6387047026564276, 1.4710679056737528], "rn16": [0, 0, 0, 0, 0, 0, 0, 0, 0, 0, 0, 0, 0, 0, 0, 0], "pos": [0.1509, 0.4986]}