{"time": 59793666.0, "tag": 1, "phase": [-2.1044644767071494, -3.389528899224611, 0.9865161381205843, 4.8753302898830615, 0.1340776467682291, 0.6721883643853677, -4.157823700306013, -6.142362702153117, 0.9319868825589603, 0.02855021449170092, -0.62069326598788, 0.03247141871301795, -1.268060255165274, -1.7311469490982159, -2.421959338491966, -2.504089820368261], "rss": [0.6954297884112528, 0.7475567937966807, 1.0130810956279177, 0.02677958800982734, 1.2406858303250672, 1.445738196384699, 1.0648786674325046, 1.0862253383630973, 0.8985752445497419, 1.1708684804114327, 1.5547628431641378, 1.112848863819038, 1.7320277122473895, 1.4854057136490724, 1.6721821556282623, 1.4445906703031204], "rn16": [0, 0, 0, 0, 0, 0, 0, 0, 0, 0, 0, 0, 0, 0, 0, 0], "pos": [0.0645, 0.5084]}