{"time": 59793666.0, "tag": 1, "phase": [-2.040606838873693, -3.482445346438447, 1.0112674237211194, 4.926666954104726, 0.13503852960583562, 0.7421144749333453, -4.014612157119745, -6.196018319693971, -5.247606672198103, 0.0425442522891315, -0.5117753077330159, 0.2630596395982283, -1.3404780912739458, -1.6847522075470849, -2.356873729005641, -2.594252833681919], "rss": [0.68906626308979, 0.7757044407609426, 0.9708060187371952, 0.02744872971058054, 1.325217178791927, 1.4253889060506462, 0.8288117042231662, 1.1620418147747358, 0.878754607388834, 1.1686678945804119, 1.4969488383752791, 0.9977924314411291, 1.742753822614318, 1.5188133070716636, 1.7001865711475006, 1.4602894394070218], "rn16": [0, 0, 0, 0, 0, 0, 0, 0, 0, 0, 0, 0, 0, 0, 0, 0], "pos": [-0.001, 0.5165]}