{"time": 59793666.0, "tag": 1, "phase": [-2.023389897451633, -3.380696860805081, 0.7807811802065083, 4.877127776942048, 0.12690533750796706, 0.6448599632621348, -4.129104823054176, -6.144289085183356, 0.9562271478426729, 0.027843235163032665, -0.5799583024890932, 0.09642540660939658, -1.2553700576494906, -1.6803057381065836, -2.410108283803491, -2.4841619418058887], "rss": [0.6408529819599692, 0.7116692872316605, 1.1747525789729003, 0.02884473195151706, 1.3004161786372008, 1.4463058976115188, 0.962588409737269, 1.0943677774487606, 0.8961576855071066, 1.16528789797083, 1.4067013965359911, 1.0780309516035753, 1.7139461246794554, 1.4985821824271217, 1.692233310794895, 1.4811991633235349], "rn16": [1, 1, 1, 0, 0, 1, 1, 0, 1, 1, 0, 0, 1, 0, 0, 1], "pos": [-0.0594, 0.5267]}