{"time": 59808348.0, "tag": 1, "phase": [-3.3604076670882588, -3.699774462892314, 2.208442550320742, 0.09269493153244124, 1.2530649714987612, 2.7913159501508003, -3.860765857234658, -5.389641444264543, -3.0554833392671, -3.5014495554252676, -2.8992540763826793, -1.7234704362939386, -2.4967477509241798, 2.829702717600986, -3.6643843592719865, 2.0741756623220438], "rss": [0.6959112382356478, 1.427958129568937, 0.9475780060068252, 0.03678910640531457, 0.38315901823625376, 0.3973225744225244, 0.9093950619000639, 1.3465388735470638, 0.7424087835234962, 0.8288199189552045, 0.37475245826781944, 0.5957352988126052, 0.594287572647958, 0.7746519076603812, 0.5340971996774223, 0.8496656034601978], "rn16": [0, 1, 0, 1, 1, 0, 0, 0, 0, 0, 1, 1, 1, 1, 1, 1], "pos": [0.0204, 0.5126]}