{"time": 59808348.0, "tag": 1, "phase": [-3.4910823190103804, -3.780140264858778, 2.1868785908664745, -0.07915497302584473, 1.3464905124694035, 2.5116621475578853, -3.8495126396427, -5.314128946546108, -3.1629801597997105, -3.6181807737314307, -2.964469256098848, 4.368585444605767, -2.5296595909155197, 2.9096134766200685, -3.7329603841425003, 2.1253459853892753], "rss": [0.6211218264562078, 1.504803045815664, 0.9675262403027535, 0.034336278416521565, 0.3500559839900638, 0.48228224246590334, 1.0989604437150493, 1.32934560453423, 0.8104090713883689, 0.8831893010688542, 0.41770634991481614, 0.6851367071823772, 0.4896141163264562, 0.8033598191761141, 0.6020987200379304, 0.815175058322633], "rn16": [0, 0, 0, 0, 0, 0, 0, 0, 0, 0, 0, 0, 0, 0, 0, 0], "pos": [0.0855, 0.4989]}