{"time": 60044984.0, "tag": 1, "phase": [0.20478584516191267, -1.37213252406248, 2.5090835495602906, -0.4582611681021227, 0.9960333091371277, 2.1657128432669372, -2.545789784421148, -5.181386521888693, -2.438459217442388, -4.124516998602265, 1.5442907233055614, 2.30421025399259, 0.7449864243302686, 0.028699158253964047, -0.5082533733642729, -0.7665026846663964], "rss": [0.5579187636924813, 0.5359314713409848, 0.4178871151086862, 0.0020717489377239176, 0.20040323924977135, 0.1547340666218305, 0.5017549219099169, 0.5729510110779855, 0.17656181070147134, 0.44639530525964843, 0.728052382028511, 0.16020348464083053, 0.7401195346920487, 0.5707179062849546, 0.9410433258886371, 0.6576324970925359], "rn16": [0, 0, 0, 0, 0, 0, 1, 1, 0, 0, 0, 1, 0, 0, 1, 0], "pos": [-0.1228, 0.841]}