{"time": 59808348.0, "tag": 1, "phase": [-3.263814446244833, -3.7231418710105277, 2.2552877383595145, 0.25789915532449514, 1.5112096818782756, 2.6243176107283777, -3.808665240329, -5.298419097489984, -3.1081578996490227, -3.411304584890873, -2.9021690882170215, -1.7789365723346817, -2.6421172527216137, 2.6805291068886676, -3.7153829415970385, 1.9238831844241735], "rss": [0.7198577074250408, 1.5123321705139507, 0.8987122534906895, 0.03927788736453426, 0.38047974271694324, 0.418010584617998, 0.9627246430061596, 1.2360106901488925, 0.7548368430392572, 0.8079817596111097, 0.3009651494602892, 0.6515927007680021, 0.5890132760405755, 0.8365701839777916, 0.5373927742845174, 0.7865028009300756], "rn16": [0, 0, 0, 0, 0, 0, 0, 0, 0, 0, 0, 0, 0, 0, 0, 0], "pos": [0.1363, 0.4868]}