{"time": 60262487.0, "tag": 1, "phase": [-4.648269668837772, -4.602325911438345, 1.134688510394714, -0.4094616164234224, 0.7030535662857126, 0.877947058225705, -4.721493450824828, -6.17963660708683, -4.466160990715106, 0.8472029184572512, 1.4772127491523181, 2.112779252413148, 1.880243952196269, 1.0162387886480881, 0.9468906484668356, 0.4302101666786726], "rss": [0.9002829236249177, 0.8784362574459738, 0.6575003142654202, 0.03316234643546946, 0.844031418249027, 0.5004654066918987, 0.6583147781780824, 0.8205050478526456, 0.6075749624761222, 0.7136050761128299, 0.5983724079244882, 0.5965517730996164, 0.4706047152807508, 0.644201599959405, 0.5309224814260274, 0.5848392804664521], "rn16": [0, 0, 0, 0, 1, 0, 0, 0, 1, 1, 1, 1, 0, 0, 1, 1], "pos": [0.1607, 0.4736]}