{"time": 60262487.0, "tag": 1, "phase": [-4.534414199444727, -4.544831104701666, 1.1044534147234608, -0.5996113737637141, 0.6140458604303861, 0.7490957187231186, -4.727722403010696, -6.070270321372535, -4.492167372233794, 0.815378544943693, 1.3655562306867395, 2.0891726157159964, 1.9585005093327057, 1.2762690283634173, 0.6818345556693601, 0.30363826325259136], "rss": [0.9111984896411366, 0.9158584456019404, 0.6514715644041584, 0.03366891610133561, 0.8364887341384437, 0.4587194066881365, 0.655750387055399, 0.833301053233624, 0.5724136328221627, 0.7616957419300358, 0.6324677205327633, 0.5491983671233074, 0.5038943368622891, 0.6075811311289734, 0.4868230318974886, 0.5763520687903079], "rn16": [0, 0, 0, 0, 0, 0, 0, 0, 0, 0, 0, 0, 0, 0, 0, 0], "pos": [0.1787, 0.4614]}