{"time": 60262487.0, "tag": 1, "phase": [-4.4990552358853915, -4.50885175437001, 1.1163627136197396, -0.5651209701542346, 0.787908054158914, 0.8550208602593038, -4.702003095040287, -6.164492019603793, -4.527183314522119, 0.858655735215373, 1.467658865672247, 1.9906711136984905, 1.982463654963118, 1.1774023542388874, -5.170387955420059, 0.3060918029320958], "rss": [0.944384907147711, 0.9195094422402286, 0.64605165266846, 0.032156815489812876, 0.8608228115641525, 0.49175257408817735, 0.6420573451079404, 0.8155519568470164, 0.5822031366124766, 0.7772441167164816, 0.6083343560934709, 0.4912043535982438, 0.48951307652987885, 0.5844604702115321, 0.4788801802482338, 0.5617858613533432], "rn16": [0, 0, 0, 0, 1, 1, 0, 0, 0, 0, 0, 0, 0, 1, 0, 0], "pos": [0.1976, 0.4481]}