{"time": 59735685.0, "tag": 1, "phase": [-4.0275880079674575, -3.1997889206602714, 1.1218219937500098, 0.34849423027181503, -3.6676875452212436, -0.6483851826549765, -5.53482983589552, -2.4155167308495136, -2.1481074161674294, 1.484347102637235, 2.161499447280108, -1.8844653738532053, -1.267739498155371, -0.5289208900586864, -2.318808439614638, -0.9737859195182497], "rss": [0.33717852140488425, 1.479186179895871, 1.041371513514386, 0.027165937405143108, 0.18943319293412056, 0.8138274237314645, 1.708639144419413, 2.3732019063179477, 1.5257904113798464, 1.0097542103527466, 2.4880395459917635, 1.3335324464206564, 0.552765759353351, 1.873795561926463, 0.7460227796379605, 1.8623169029529671], "rn16": [0, 1, 0, 0, 0, 0, 0, 0, 0, 0, 0, 0, 0, 0, 0, 0], "pos": [0.2594, 0.4844]}