{"time": 59735685.0, "tag": 1, "phase": [-4.007578154616795, -3.321213483263835, 0.7528573530102236, -0.2780528408991829, -3.2296572217927206, 0.2171040662050392, -5.436707183480792, -2.9305251407410315, -1.6108362595331416, 1.6285313283783853, 1.7641159526469903, 4.2068674579952035, -1.0038685418073297, -0.3902304288708749, -2.5137912889782736, -1.1460218968962264], "rss": [0.5364997022159625, 1.3463830946002493, 0.8256736322244207, 0.012253006587234317, 0.34113083910848346, 1.0228042692768045, 1.2151476182170904, 1.940753656340198, 1.1966237853871433, 1.1237845431323719, 1.8593261753660446, 1.4804398511065477, 0.5970280330346285, 1.8529209491777392, 0.48428599775503245, 1.2348079399151486], "rn16": [0, 0, 0, 1, 1, 1, 0, 1, 1, 0, 0, 1, 1, 1, 1, 0], "pos": [0.1699, 0.5913]}