{"time": 59735685.0, "tag": 1, "phase": [-3.6610376022720468, -3.4616118297688354, 1.2196255848886028, 0.5475913317206615, -2.1783341029954624, -0.7070137551208953, -5.821873474397866, -2.7031978790986857, -1.7503886883197424, 1.4309277269589582, 1.9618385878219093, 4.205105601662692, -1.0778636890639837, -0.25694543730570846, -2.5588096987275297, -0.9163023261128133], "rss": [0.7516687508827808, 1.2700362183323644, 0.9273735001993666, 0.016183788262166775, 0.05735785883018702, 0.8130375645240143, 1.5417221826857275, 2.5032642868338026, 1.6493029217938244, 1.157156306276255, 2.0581836117635843, 1.1978478011287086, 0.7432513823641095, 1.4075526241941425, 0.5376118408623602, 0.9637871003979359], "rn16": [1, 1, 1, 0, 0, 0, 0, 0, 0, 0, 0, 0, 0, 0, 0, 0], "pos": [0.208, 0.6068]}