{"time": 59735685.0, "tag": 1, "phase": [-3.115591703982113, -3.393593332157462, 1.2032665618595195, 0.3197677282432352, -2.0772465021207753, -0.47882891784696935, -5.576328410405447, -2.4176100849102142, -1.6838319308114251, -4.2432440797502196, 1.6548814796126645, 3.995390688326799, -1.1600716764601104, -0.39668527037532575, -2.3290809137148063, -1.3006779086215956], "rss": [0.8604272886339008, 0.8910103882755536, 0.9933472857854805, 0.033699711943338304, 0.5281639188225926, 1.1251336355749961, 1.630027451352538, 2.4913440891615353, 1.5817099729469168, 0.8834087687914084, 1.9192642165583058, 1.263360023871856, 0.5493579199119255, 1.4480925538028488, 0.612113355402454, 1.296590545134061], "rn16": [0, 0, 0, 0, 0, 0, 1, 1, 1, 0, 0, 0, 0, 0, 0, 1], "pos": [0.1416, 0.7063]}