{"time": 60021333.0, "tag": 1, "phase": [-5.176682121753674, -0.4353770003473807, -0.566132950019767, 1.4225463807365286, -2.575607759518267, -1.2728390638633151, -1.7433882446819238, -4.49039179176298, -4.479223281977593, -0.059369762598938225, 1.1184340186934056, 2.2834238249917886, -0.6587118050823073, -0.5041719460041614, -1.8455695774874739, -1.3415581543250918], "rss": [0.675339431761199, 0.5534719525303445, 0.5926633443430864, 0.04274699023568695, 0.908314329741322, 0.8986159638972143, 0.7834436855012981, 0.7866492217702014, 0.303654015415647, 0.5084504919976464, 0.6059539298197689, 0.3608794271002651, 0.7183933900987206, 0.6004052725236356, 0.7800139332371259, 0.6300804409393952], "rn16": [0, 0, 0, 0, 0, 0, 0, 0, 0, 0, 0, 0, 0, 0, 0, 0], "pos": [0.1907, 0.6995]}