{"time": 60021333.0, "tag": 1, "phase": [-5.158002844548514, -0.4813959477293279, -0.4607573921222112, 1.4384867453374621, -2.5715795311597653, -1.284002849270734, -1.701717814557802, -4.449956622196242, -4.5157159274195475, -0.054416776762583385, 1.130828474565661, 2.2340797292784638, -0.729418302039818, -0.5155126423125338, -1.8060807302794755, -1.3841402887656493], "rss": [0.6790289483597932, 0.5046304366587138, 0.6221183075983023, 0.041629456973611166, 0.8841311088387677, 0.7956703913746377, 0.6908298903862298, 0.7091285928281564, 0.31151560281001184, 0.5305366712113634, 0.6204000894301921, 0.38843417476368514, 0.7299831922078336, 0.6491698316009537, 0.7384269454252546, 0.6330405954622106], "rn16": [0, 0, 0, 0, 0, 0, 0, 0, 0, 0, 0, 0, 0, 0, 0, 0], "pos": [0.2286, 0.6934]}