{"time": 60044984.0, "tag": 1, "phase": [0.0915681884606312, -1.4196844221836522, 2.5305430610305137, 3.776422552809228, 1.049570748430218, 2.033755006967617, -2.6418253404133094, -5.139970803850931, -2.372616263913579, -4.2041232428943385, 1.6031806915528408, 2.4316297025829225, 0.5847447628159577, -0.027462190595162764, -0.5715421533181446, -0.8114143994526608], "rss": [0.5032729445884822, 0.5026209454846894, 0.33128652543614434, 0.005026334568160911, 0.2067878632351511, 0.18882560542451657, 0.6157371786965543, 0.6036428106742024, 0.16530515959173955, 0.4481625865502487, 0.666296161827789, 0.15845539625738567, 0.987563231495428, 0.7018511825693948, 0.9360920023444436, 0.5897802599087575], "rn16": [0, 0, 0, 0, 0, 0, 0, 0, 0, 0, 0, 0, 0, 0, 0, 0], "pos": [-0.1197, 0.8291]}