{"time": 60021333.0, "tag": 1, "phase": [-5.108019802094242, -0.47934109355043475, -0.4638960031778925, 1.4426459691226785, -2.6119210346317856, -1.2627953163249421, -1.7350453274090791, -4.457464005462565, -4.502558009190885, -0.06247718380878897, 1.1224040825920127, 2.31649773785227, -0.7080036393341931, -0.5077584894040295, -1.8083506525721775, -1.3421054597376865], "rss": [0.6135557081518377, 0.5220546034882825, 0.6191979484063712, 0.04066985164659879, 0.9187180981263184, 0.7772441109195477, 0.6976803123460489, 0.7275033735704038, 0.3240070705755634, 0.4908942231225803, 0.616638000348139, 0.3756424275710761, 0.7498574680974133, 0.5935083165326887, 0.7383935197887009, 0.6401328105432558], "rn16": [0, 0, 0, 1, 1, 0, 0, 1, 1, 0, 0, 1, 0, 0, 0, 0], "pos": [0.259, 0.6877]}