{"time": 60498902.0, "tag": 1, "phase": [-4.966585834488422, -4.875499349037787, -0.21621215401165458, 4.827998701788682, -0.22050959700782213, -0.30408505895979654, -5.093106318327927, -0.010978919915162866, -0.161988749765835, -0.9516249349841874, -1.0611261301073311, -0.5865399120284946, -0.733612544548273, -1.7190998977964955, -1.8340456439114214, -2.5748303930226335], "rss": [0.7027934630123445, 0.6138743724332513, 0.5766485984249443, 0.013652471115424194, 0.7153796100412164, 0.8470509753781241, 0.42764999815599625, 0.4067467233133744, 0.5925693141248976, 0.7579149384670282, 0.8652470880581522, 0.7677103980674559, 0.5762082981447701, 0.6264001925952197, 0.5916859714242443, 0.608077422716943], "rn16": [0, 0, 1, 0, 0, 1, 1, 0, 0, 0, 0, 0, 1, 1, 1, 1], "pos": [0.2056, 0.6631]}