{"time": 60498902.0, "tag": 1, "phase": [-4.945097174340058, -4.846834595849853, -0.14986934921052722, 4.702796190512965, -0.17071580482693727, -0.26069602188536534, -5.002727647643159, -0.10019219174606997, -0.15677893389225472, -0.9049275851490823, -1.0541276071128953, -0.7082236578111847, -0.704961966500979, -1.713495435302581, -1.8004286251589408, -2.511350487042972], "rss": [0.7252930797479064, 0.6325251931505936, 0.5975189196990467, 0.012143742559670831, 0.7232976289635793, 0.8807036477674863, 0.44217709202361605, 0.43837170712660106, 0.5678094531658701, 0.7574549299801415, 0.9249043866788795, 0.7864274468188811, 0.582826306291154, 0.6428763885289206, 0.5698330912615492, 0.6195639521370222], "rn16": [0, 0, 0, 0, 0, 0, 0, 0, 0, 0, 0, 0, 0, 0, 0, 0], "pos": [0.1603, 0.6409]}