{"time": 60498902.0, "tag": 1, "phase": [-5.073267364047288, -4.821517318728556, -0.2093305240586742, 4.788853875931425, -0.17424923414810756, -0.2837818520870381, -5.034459320640354, -0.18336376069894644, -0.16192755248733448, -0.923348541459483, -1.0909921951304267, -0.5939122553534548, -0.6308494342145436, -1.6734959127761544, -1.8236997105033301, -2.5207175400887363], "rss": [0.7144638721820147, 0.6844268898766994, 0.5768901471534683, 0.009664349095438248, 0.7416034603333795, 0.8552685467682943, 0.43206037860498975, 0.4096748803010049, 0.5569855054944512, 0.7428491460400612, 0.8614725970231665, 0.7697812794043803, 0.5870896816872672, 0.6350004536433719, 0.5704466925006115, 0.6253998677016962], "rn16": [1, 0, 0, 1, 1, 1, 0, 1, 1, 0, 1, 1, 0, 1, 0, 1], "pos": [0.1273, 0.6202]}