{"time": 59747593.0, "tag": 1, "phase": [-1.0955514376819728, -2.769639323040354, 1.7078566893899998, 5.292742380754514, 0.5312001896119195, 1.2280710246311182, -3.6761734906983112, -5.840872240255371, -4.435544310779103, 0.8265578085711336, 0.1995505747526909, 1.1409139411735183, -0.7581837931594568, -1.1050542824589646, -1.8880288195650603, -1.9551620776602476], "rss": [0.5635509837219238, 0.4947154399425045, 0.9240124997716561, 0.020979477253591457, 1.0739682634573373, 1.1161898006672086, 0.8228547821837401, 0.9003543655638985, 0.5499874387863406, 0.8398796260956074, 1.0244996490860105, 0.7297804137374883, 1.3275474425366445, 1.1664517053326622, 1.3241826401256773, 1.2192334288167204], "rn16": [0, 0, 0, 1, 1, 0, 0, 0, 0, 0, 0, 0, 0, 0, 0, 0], "pos": [0.0458, 0.6269]}