{"time": 59747593.0, "tag": 1, "phase": [-1.1322611227417079, -2.754757343323489, 1.7337255261726767, 5.267903940627098, 0.5301645760281536, 1.2674189826668831, -3.5437039760754487, -5.846948456646488, -4.437889240447054, 0.8597504340874134, 0.25738948646100535, 1.1127039188881596, -0.7752998545272007, -1.1069794761398228, -1.9120020441044332, -1.9689702666724171], "rss": [0.5688964132561362, 0.5505851398068212, 0.8081797606088881, 0.02605827495118677, 1.047253949849998, 1.0744891674267254, 0.9495587127774212, 0.8424432051762193, 0.5724921077151051, 0.7956697918392814, 1.073191509001951, 0.702399408350743, 1.316078851398982, 1.151421268956857, 1.2899103222432053, 1.1874799059431966], "rn16": [1, 1, 1, 0, 1, 1, 1, 0, 1, 1, 1, 0, 1, 0, 0, 1], "pos": [-0.0194, 0.6331]}