{"time": 60628793.0, "tag": 1, "phase": [-3.7767175156642803, -4.031844412297231, 2.073872128498834, 1.5861961468497667, -2.05781060747218, 0.04483080794759009, -5.921119326012971, -2.9949398585063918, -2.3246052585449775, -4.325968679267952, 2.8059338020298634, -1.6478552966082605, -0.33515445548109624, 0.24233041307140055, -1.4398042929052373, -0.6979094084572169], "rss": [0.10628342642749658, 0.49265509360897414, 0.603997149661752, 0.05386988847333542, 1.0055586176527296, 0.9321944740417257, 0.8737957658188344, 0.7659584389258633, 0.2970701343999592, 0.46287512601669667, 0.5216014248066236, 0.3184620644748839, 0.44216782091700424, 0.3137706831730585, 0.40052184647757216, 0.3475295676499086], "rn16": [1, 0, 0, 1, 1, 1, 1, 0, 1, 0, 0, 0, 1, 1, 1, 0], "pos": [0.049, 0.6477]}