{"time": 60628793.0, "tag": 1, "phase": [-3.82032731445911, -4.113800758843863, 2.0288245100622966, 1.568685906408371, -2.060368391556605, -0.04903093985858842, -5.894742220921225, -3.1372481730089685, -2.2558849247484716, -4.194106630547653, 2.9679820548924085, -1.6849715589620469, -0.4375507123469409, 0.09104485459632825, -1.4050387391404024, -0.7453427472597633], "rss": [0.09207057719831083, 0.519251240868645, 0.5593382341357475, 0.053023636350901536, 0.9821650455112002, 0.8904972861278702, 0.9233429324185112, 0.7647039332093613, 0.2991696286206945, 0.42884181414890354, 0.4768350798877357, 0.3507260405635622, 0.39542273393171745, 0.33653747264373296, 0.45518395209432355, 0.373329762179206], "rn16": [0, 0, 0, 0, 0, 0, 0, 0, 0, 0, 0, 0, 0, 0, 0, 0], "pos": [0.1073, 0.6642]}