{"time": 60628793.0, "tag": 1, "phase": [-3.4578587809535986, -4.053752756711771, 2.0681852851796068, 1.6285963997918098, -1.888334731064444, -0.0893934865795889, -5.8877645937839755, -3.0380448726597997, -2.1556299440707014, -4.4285395926252535, 2.9556950260513166, -1.6068196439653901, -0.35487066076477136, 0.04681977635565179, -1.4337752559466317, -0.7589034636760204], "rss": [0.11645381070264964, 0.5942549527990089, 0.5603396234443111, 0.052066078843663086, 1.1535446956453765, 0.8768774092249083, 0.929137002607375, 0.8050503471183478, 0.30581609914461694, 0.45351859493811847, 0.5045721827804495, 0.3171784115474521, 0.45296906940032644, 0.356482256043654, 0.41096361658187647, 0.33530192085510513], "rn16": [0, 0, 0, 0, 1, 0, 0, 1, 0, 0, 0, 0, 0, 0, 0, 0], "pos": [0.151, 0.6782]}