{"time": 60198064.0, "tag": 1, "phase": [-4.744543408742187, -4.9721929107662355, -0.3166666684946709, 4.409132165818583, -0.46034041195139513, -0.5303803813070214, -5.32911518792566, -0.13974115239996232, -0.6005164521297133, -1.182339780949649, -1.4997041057769602, -1.0255214290798342, -1.273968520790566, -2.2749473042528776, -2.3821823797524906, -3.092801389837196], "rss": [0.6724711541342113, 0.6176242925623248, 0.6516108526353481, 0.01545875011052609, 0.866400908126382, 0.9660728474558214, 0.4889885021155835, 0.45466967581687, 0.663473352227802, 0.9766967037313645, 1.0045912802119796, 0.830615839286002, 0.7236806500355474, 0.6473244431093431, 0.697364507899163, 0.7086032626195026], "rn16": [0, 0, 0, 0, 0, 0, 0, 0, 0, 0, 0, 0, 0, 0, 0, 0], "pos": [0.1049, 0.6569]}