{"time": 59753621.0, "tag": 1, "phase": [-3.560056338455198, -4.589822667591095, -0.12998458004413618, 4.410084307195956, -0.4586895151251006, -0.24921549226934925, -5.062901754807936, -0.4836444335183767, -0.2945896892126205, -1.0378198794350204, -1.6225761766981628, -0.9642022493580247, -1.7384635610661103, -2.587814812939647, -2.8669417716229972, -3.333140138244386], "rss": [0.7428247751634869, 0.9001029591782401, 1.0956492456910458, 0.023945708197008753, 1.298912096398087, 1.5141770948521005, 0.8043470741487821, 0.8057606577574635, 1.1302098381601675, 1.4872009908166435, 1.4623892049120895, 1.2199079168379419, 1.534200621324313, 1.3003656499394456, 1.6219952667041024, 1.294936456350831], "rn16": [0, 0, 0, 1, 0, 0, 0, 0, 0, 1, 0, 0, 0, 0, 0, 0], "pos": [-0.1317, 0.8061]}