{"time": 60198064.0, "tag": 1, "phase": [-4.815618091383649, -4.89482449504284, -0.4097705739687148, 4.497106774620171, -0.48334754359533805, -0.557483349241896, -5.3022040551429, -0.15992375400631254, -0.6044511634369001, -1.1900006226169833, -1.4913621730359063, -1.047198628671496, -1.2898937978810652, -2.2117934913241313, -2.408002845505319, -3.077676322802498], "rss": [0.5935641529801365, 0.568506589779094, 0.6539706727235272, 0.013553949400016993, 0.8259224294375573, 0.9457243853176324, 0.501528940871846, 0.4607557340312222, 0.66195746802181, 0.9392032117019051, 0.9236556437336235, 0.7924580941793377, 0.7729578045615683, 0.655473073058336, 0.7564644054467462, 0.6555843982504947], "rn16": [1, 1, 1, 1, 1, 0, 0, 1, 0, 1, 1, 0, 1, 0, 0, 1], "pos": [0.0679, 0.6371]}