{"time": 60198064.0, "tag": 1, "phase": [-4.798748893155434, -4.936630250486596, -0.20723675414927964, 4.547808853998836, -0.48129393383005414, -0.532224107918793, -5.309135024172001, -0.28397573057515757, -0.5873685350478184, -1.1538987781942827, -1.4839493494229665, -1.0333481626826004, -1.2288104918617073, -2.2960797575752965, -2.416999209288007, -3.1078266102132925], "rss": [0.5895837629869047, 0.6122427731610444, 0.6174290073801585, 0.013054573815036597, 0.8415656640862035, 0.9562912982972545, 0.4985045923351183, 0.46331712109734774, 0.6491262229620881, 0.9216310012625731, 1.0046218278121841, 0.8289319736989821, 0.7706863900401157, 0.7255417868408852, 0.7037670461553461, 0.6723899848587459], "rn16": [0, 0, 0, 0, 0, 0, 0, 0, 0, 0, 0, 0, 0, 0, 0, 0], "pos": [0.0393, 0.6194]}