{"time": 60707080.0, "tag": 1, "phase": [-3.6934054885389918, -3.9388002561538924, 2.116836686087248, -0.04644790963570955, 1.059076734431979, 2.4706497734944803, -3.902841787393494, -5.285533767230191, -3.403059097379102, -3.7742068308227275, -3.016827116416576, 4.215335658143291, -2.7662267994773266, 2.791703638974485, -3.9647699635848896, 1.777551904891382], "rss": [0.48945262452025357, 1.5217969754296425, 0.8449384110721049, 0.03572171178883211, 0.42847289672644534, 0.43022307857672004, 0.7929619424691458, 1.2374173671347617, 0.7489053347704631, 0.7906591306437265, 0.31605769935534056, 0.6197732269636358, 0.5872041346511694, 0.8774938177932217, 0.5854719783580775, 0.8492931872572654], "rn16": [0, 0, 0, 0, 0, 0, 0, 0, 0, 0, 0, 0, 0, 0, 0, 0], "pos": [0.0971, 0.5984]}