{"time": 60707080.0, "tag": 1, "phase": [-3.6095401528297573, -3.975347925322377, 2.302349546787944, 0.01569846605804015, 1.2365610768147692, 2.5148908191662906, -3.9636863367905164, -5.081605746951868, -3.3092766942274903, -3.829686249174679, 3.1899150218068186, 4.17871589642554, -2.706521375608517, 2.71829811875422, -3.8949595571078284, 1.8103476462864607], "rss": [0.5596656342861364, 1.4089296813916488, 0.9801921661541887, 0.035838844973633245, 0.47915365264709087, 0.42773803697048585, 1.100055178895396, 1.165166730177115, 0.7848672282533105, 0.8051542727742493, 0.35894328775022133, 0.7081147515700169, 0.6272121314709964, 0.937854516390718, 0.672461778872825, 0.7970382008030124], "rn16": [0, 0, 0, 0, 0, 0, 0, 0, 0, 0, 0, 0, 0, 0, 0, 0], "pos": [0.1411, 0.5782]}