{"time": 60707080.0, "tag": 1, "phase": [-3.520188882929173, -3.958534099673622, 2.0575985033058077, -0.01148382681952409, 1.2283099827043937, 2.388548976914634, -3.9783897142033973, -5.382173554489407, -3.2201120733122996, -3.6176710252358992, -3.061196370394561, 4.1934822314586855, -2.8458060241417273, 2.877899498374426, -3.857768628532018, 1.8551119524345536], "rss": [0.6515754781003288, 1.459614944436137, 0.843435159061934, 0.03900803013590413, 0.49698834362618555, 0.4217876668867244, 1.0447027551948855, 1.26158634662952, 0.7665254139949557, 0.7927722652569927, 0.35413107489788304, 0.7036042261526315, 0.5605053009104937, 0.9615740577909868, 0.4339195369193901, 0.9409316590458916], "rn16": [0, 0, 0, 0, 0, 0, 0, 0, 0, 0, 0, 0, 0, 1, 0, 0], "pos": [0.1821, 0.56]}