{"time": 60707080.0, "tag": 1, "phase": [-3.646999844729278, -3.8242191445641676, 2.1082470136200557, 0.1331651778031615, 1.311453991170918, 2.4624140835176695, -3.9490761875570515, -5.14930373916855, -3.406434127353651, -3.5333016519261866, 3.2110687066047667, 4.289029767254707, -2.823598637897649, 2.6526294979687566, -3.9401896943158756, 1.837137295536735], "rss": [0.5664085432650768, 1.4913134943520598, 0.9102431180551497, 0.04113984643986218, 0.42834013517451464, 0.424956787685522, 1.0670288781047865, 1.275175993274144, 0.7561461720540453, 0.7959956223708243, 0.28499752132351486, 0.6057206336415105, 0.6344308486964269, 0.8643284003563043, 0.5215121186336474, 0.8370620125357464], "rn16": [0, 0, 0, 0, 0, 0, 0, 0, 0, 0, 0, 0, 0, 0, 0, 0], "pos": [0.2121, 0.5427]}