{"time": 60503968.0, "tag": 1, "phase": [-4.7222618149486, -4.514698637275015, 0.8373441590485308, -0.5309375192570078, 0.5867588574138357, 0.5835300089450228, -4.720663058553748, -0.01279057961745167, -4.862572746161933, 0.41716068882247304, 1.0064090820239864, 1.3380795863406303, 1.3042992846575543, 0.6052741120989139, 0.12606119913134117, -0.12475762228416243], "rss": [0.9045417809499404, 0.9073895672269172, 0.5299283043551094, 0.025781107333128092, 0.7551415485925678, 0.5180349745173706, 0.4663784969036648, 0.6918552975829373, 0.5519728145251857, 0.6732919833293666, 0.6400888638061238, 0.5290044223434592, 0.4742233108948297, 0.36235525090741916, 0.4586867936082716, 0.4203125947492711], "rn16": [0, 0, 0, 1, 1, 0, 0, 0, 1, 0, 0, 0, 1, 0, 0, 0], "pos": [0.2101, 0.5262]}