{"time": 60503968.0, "tag": 1, "phase": [-4.669787711642245, -4.495876331667196, 0.9119269132882025, -0.6394427259872137, 0.5075428870357418, 0.6118975367733134, -4.723205306903514, 0.06732533812452557, -4.923576498654871, 0.42692182190159156, 0.9941179579580788, 1.3382591185559323, 1.1320926124293722, 0.8754076689316566, 0.060325849086852124, -0.2320387130646172], "rss": [0.9789814145728585, 0.9769436037242735, 0.579365906288617, 0.023185566419668083, 0.6756308294747152, 0.4368708912075184, 0.4672838403411986, 0.7146573504953405, 0.538306768410538, 0.6784530317330849, 0.6608558700062022, 0.53878732389658, 0.4014333548819051, 0.4323836486880649, 0.42116792736420927, 0.42004795087082974], "rn16": [0, 0, 0, 0, 0, 0, 0, 0, 0, 0, 0, 0, 0, 0, 0, 0], "pos": [0.2057, 0.5112]}