{"time": 60503968.0, "tag": 1, "phase": [-4.632373141983701, -4.55498925060302, 0.8940977431209494, -0.41266091996737275, 0.5630941588825559, 0.6635303460667832, -4.670771284605381, 0.010111554759764996, -4.867500918817459, 0.4422155903118481, 1.010274518255329, 1.2867570047841626, 1.2075653618280842, 0.6018333932170596, 0.15164857631958162, -0.1156943274480986], "rss": [0.949286079171376, 0.8706347618461439, 0.5673704668739927, 0.027619714219047027, 0.73787827085268, 0.4647032958245951, 0.49464933107180203, 0.6878980270528786, 0.5679121697925629, 0.6395734860634665, 0.6367100576687404, 0.5135567366244884, 0.42209363511627596, 0.4257562959253627, 0.4485694763824515, 0.42359939564008997], "rn16": [0, 0, 0, 0, 0, 1, 0, 0, 0, 1, 1, 0, 0, 0, 0, 0], "pos": [0.2046, 0.4967]}