{"time": 60363179.0, "tag": 1, "phase": [-4.51455303260814, -4.570218374045869, 1.2511557983382637, -0.49361221666446164, 0.7475089627213961, 0.8082157489589303, -4.777161460611775, -5.967123696015723, -4.410607075599588, 0.9662929114148506, 1.6872582624453105, 2.253039585568065, -3.9760735959046114, 1.1876134435817745, -5.125297791354776, 0.3796258929507679], "rss": [0.8725245243642056, 0.9234782417921755, 0.6499848416217251, 0.035225494088667895, 0.8492879402499264, 0.45929920253367407, 0.7228960599317752, 0.8063043137641449, 0.6250046628221169, 0.7713783658770054, 0.5795552255429776, 0.5785980582874416, 0.5102362690629063, 0.7232127825188605, 0.504740239087766, 0.6730340278561924], "rn16": [0, 0, 0, 0, 0, 0, 1, 0, 0, 0, 0, 0, 1, 0, 0, 0], "pos": [0.2202, 0.4817]}