{"time": 59753621.0, "tag": 1, "phase": [-3.551168336746831, -4.592245033502087, -0.12764223205159345, 4.369231735469517, -0.5000934696616628, -0.2551868595019511, -5.082294664850959, -0.3960987797991051, -0.29678866499342527, -0.9831104839277888, -1.5780731688065124, -1.0668072498926127, -1.7101353196836122, -2.5779732358585132, -2.847334473794615, -3.4350642942705543], "rss": [0.8539065084866708, 0.8954702256138926, 1.0647530657356026, 0.023106185995758206, 1.3322261661168762, 1.6081886688567664, 0.69128413347038, 0.9381520866411512, 1.194878246835989, 1.4957857781466868, 1.5800122304006328, 1.1343217805873569, 1.54422041949508, 1.250636503884001, 1.6021533914864805, 1.312847868302701], "rn16": [0, 0, 0, 0, 0, 0, 0, 0, 0, 0, 0, 0, 0, 0, 0, 0], "pos": [-0.1412, 0.7847]}