{"time": 60363179.0, "tag": 1, "phase": [-4.615622314674166, -4.620200424631788, 1.0927960872102256, -0.4074769982718993, 0.6773557520995909, 0.9009425009999111, -4.800197124703631, -6.1364097226030925, -4.428985017475025, 1.0863654412017032, 1.5945137464345434, 2.2635905578288935, -3.874456731514306, 1.4628403666315175, -5.301735628647738, 0.47298631847428774], "rss": [0.947445083475396, 0.9259398950028174, 0.693253841040757, 0.033720411019111884, 0.8304739127006444, 0.48196178201112155, 0.7143972069367643, 0.8639567537641617, 0.634668542286021, 0.6741420858764312, 0.588871559149316, 0.5489697961184674, 0.5106819708033039, 0.5963617822983822, 0.4886597113428028, 0.6879113435840207], "rn16": [0, 0, 0, 1, 1, 1, 0, 0, 0, 1, 0, 0, 0, 0, 0, 0], "pos": [0.2343, 0.4686]}