{"time": 60363179.0, "tag": 1, "phase": [-4.571952821061863, -4.5777417230938315, 1.1147215115707474, -0.47892262278219233, 0.8364709428735945, 0.9698664814311792, -4.763355418123988, -6.064163783281831, -4.445050736299336, 1.0372082639283022, 1.6303000660435236, 2.250386481344088, -4.012539412057136, 1.061675667451749, -5.137960071227751, 0.4619261563351258], "rss": [0.8867940993338195, 0.9420026648497607, 0.6839472830681004, 0.03413049828228616, 0.814554682097247, 0.501939635926089, 0.7203348822568107, 0.8192483229489949, 0.6016967510211435, 0.7244677488371599, 0.56488293229196, 0.513088001237715, 0.5090643342386999, 0.7188982812097968, 0.5380061630369337, 0.6616200762519445], "rn16": [0, 0, 0, 0, 0, 0, 0, 0, 0, 0, 0, 0, 0, 0, 0, 0], "pos": [0.2542, 0.4419]}