{"time": 60351136.0, "tag": 1, "phase": [-2.6396105912981644, -3.95665337209277, 0.38969233733511205, 4.6933584933140144, -0.072824303998269, 0.37302912930569465, -4.487958248582466, -0.16496117356875617, 0.4865374527009494, -0.5035483444096794, -1.0128543895808069, -0.4042599856386768, -1.4834908687210515, -2.099875800213503, -2.6647393934911694, -2.927062501679458], "rss": [0.6539375699974206, 0.7930327616287821, 1.0685592818748701, 0.030187030097172822, 1.2831880184577553, 1.5722850639068646, 0.9276184214570818, 1.111531823346311, 1.1836042888929192, 1.3570801422217695, 1.678315046325603, 1.2119069312546686, 1.807832121710743, 1.5464700430729437, 1.7789688323676696, 1.5440960657773206], "rn16": [0, 0, 0, 0, 0, 0, 1, 1, 1, 0, 0, 1, 0, 0, 0, 0], "pos": [0.1543, 0.4509]}