{"time": 60351136.0, "tag": 1, "phase": [-2.52975919604064, -3.911085874880236, 0.32441376922423254, 4.720316514675779, -0.13299073704029252, 0.2907066235346898, -4.428994359039071, -0.22853934730865344, 0.35937007996798753, -0.45076489029190525, -1.1684948552149572, -0.5259719754393972, -1.4820436425815364, -2.1244987286681263, -2.654298696950678, -2.8732193563761177], "rss": [0.6390809134561317, 0.8129514286888229, 1.0730275154660496, 0.0276297928969578, 1.3059620254914377, 1.5771260611473639, 1.034694189026964, 1.153414992115289, 1.0895049446357294, 1.390955427961298, 1.5717461245811606, 1.2088642746067986, 1.8018745786303343, 1.4646577758313848, 1.7757646102905296, 1.6289358367499442], "rn16": [0, 0, 0, 0, 0, 0, 0, 0, 0, 0, 0, 0, 0, 0, 0, 0], "pos": [0.0719, 0.4609]}