{"time": 60351136.0, "tag": 1, "phase": [-2.610795921926518, -3.8889368304043, 0.3991291259585797, 4.5699175371477505, -0.11646741454905674, 0.20917480872844307, -4.460009935506426, -0.2036863349136553, 0.44125077718313355, -0.6016403091604271, -1.055258814249713, -0.4619169763084763, -1.5946046629818222, -2.1089920090461645, -2.6857109700523836, -2.946233332522496], "rss": [0.7667673829414494, 0.8718499195703775, 1.0850761017363746, 0.028383845996574848, 1.2691517103506191, 1.5003348348456613, 1.0013492992368185, 1.172952336031735, 1.1047889628741943, 1.2554867274175163, 1.6688508665928277, 1.2714728568522693, 1.6896202498046486, 1.5536402008591945, 1.750919090979809, 1.5644444301126963], "rn16": [0, 0, 0, 1, 0, 0, 1, 1, 1, 1, 0, 0, 1, 1, 0, 0], "pos": [0.0048, 0.4695]}