{"time": 60704195.0, "tag": 1, "phase": [-4.566912807587688, -4.5397068022058065, 0.9899939692859894, -0.6203718594122347, 0.6772322090493045, 0.60601829975286, -4.80512105935949, -0.04653081690597061, -4.712415066375522, 0.5867012849980211, 1.2226030336424085, 1.6819437415912937, 1.5217886582882945, 1.0419525899900641, 0.33811732695720664, 0.18310966702055675], "rss": [0.9759161376334657, 0.9647705637118983, 0.6289101249388126, 0.02800413957853329, 0.8932805236529213, 0.45235201855643864, 0.543303499110518, 0.762228616180404, 0.5716141251529822, 0.6597712844859572, 0.6495889065698617, 0.47000271636014557, 0.43662355298741984, 0.47748840069019827, 0.42527166308338504, 0.5226554695046154], "rn16": [0, 0, 0, 0, 0, 0, 0, 0, 0, 0, 0, 0, 0, 0, 0, 0], "pos": [0.0512, 0.4577]}