{"time": 60704195.0, "tag": 1, "phase": [-4.731938117280329, -4.585304546119844, 0.860596791339717, -0.5497572517099218, 0.710979722488344, 0.6117552761511992, -4.840607722977371, -0.06576593721413415, -4.7253664380974705, 0.5721300103157179, 1.2446025541849013, 1.6922492279643688, 1.4488136625408274, 1.0255904343487596, 0.41382405728823546, 0.17142846394259004], "rss": [0.9495338801735773, 0.9127428624236898, 0.6274635883139875, 0.029732373902022557, 0.8747462306770337, 0.48630470389420405, 0.5223209894962172, 0.7677137629238889, 0.568230593015175, 0.6851069869352159, 0.6176413692596276, 0.5200078866188502, 0.42949276985166945, 0.48311615652736517, 0.41218163768669974, 0.5065537109882473], "rn16": [0, 0, 0, 0, 0, 0, 0, 0, 0, 0, 0, 0, 0, 0, 0, 0], "pos": [0.0902, 0.4457]}