{"time": 60704195.0, "tag": 1, "phase": [-4.7134012816898725, -4.563784299774927, 0.9401867784476694, -0.6531710113840035, 0.6255593934126839, 0.6685283504692793, -4.911621896609031, -6.1758434177656225, -4.682099418514145, 0.6002016290876451, 1.2095419608775797, 1.6021374804357844, 1.5717146389730354, 0.9082363645661855, 0.1563575035728797, 0.17187794322241956], "rss": [0.9963010053354706, 0.887821959005191, 0.6598945236766408, 0.028379580193421572, 0.8380285254228129, 0.4704300840419424, 0.5291102324304241, 0.806918139648912, 0.5831268474449702, 0.7257142519272235, 0.6348142662964221, 0.5023944309237791, 0.46669580747277506, 0.4822588681238749, 0.3892834106873633, 0.5114614873520209], "rn16": [0, 0, 0, 0, 1, 1, 1, 1, 0, 0, 1, 0, 0, 1, 1, 1], "pos": [0.1164, 0.4363]}