{"time": 60704195.0, "tag": 1, "phase": [-4.730534718095035, -4.578398385479402, 0.9385550854623633, -0.46035755071051865, 0.6150237308018046, 0.6075972432468644, -4.884411366875863, 0.04990424982552, -4.680855186571705, 0.6131455793837974, 1.2636655759947273, 1.6705799591625243, 1.415953786206046, 0.9058987362925559, 0.3206970484851066, 0.1547488488567097], "rss": [0.9043432779658374, 0.9006042363478712, 0.6265130709829815, 0.027546536788501327, 0.8557146486642075, 0.488692000135487, 0.5566173742796173, 0.7396163775799551, 0.5843724995378222, 0.7543715600148208, 0.6703294125316853, 0.46091259280221075, 0.4183527643769862, 0.525314254224973, 0.42474268565431256, 0.4827799345308682], "rn16": [1, 1, 0, 0, 0, 0, 0, 1, 1, 0, 1, 1, 0, 1, 1, 1], "pos": [0.1409, 0.4268]}