{"time": 59753621.0, "tag": 1, "phase": [-3.572234862339492, -4.60075864511945, -0.10098204793953648, 4.247996304875594, -0.5147252489598213, -0.2875239464933661, -5.065934768300409, -0.43430488454951455, -0.3366275845993334, -1.0450680108707195, -1.582430189117597, -1.1339891405301192, -1.7345826908271351, -2.5330286338857713, -2.805847847562015, -3.418736933643393], "rss": [0.7905695972231883, 0.8076999424139751, 1.0758900260190487, 0.017270608172665843, 1.2744774878936764, 1.4867260108966949, 0.7632510899554542, 0.9104345535563442, 1.2167027662251615, 1.4647905287704237, 1.5233625818238419, 1.076928015073691, 1.4952647956049978, 1.3384127422172072, 1.9871308092903817, 1.368632602645088], "rn16": [0, 0, 0, 0, 0, 0, 0, 0, 0, 0, 0, 0, 0, 0, 0, 0], "pos": [-0.1498, 0.7642]}