{"time": 59835740.0, "tag": 1, "phase": [-3.387858397173596, -3.9937601275804195, 0.8701401591967328, 0.08175218685473151, -3.1413008847022383, -1.0981079987509232, 0.015572548280402554, -3.0425986332532777, -2.012313794174411, 1.47771006503745, 1.5974880211336, 3.841574602031198, -2.3591428422825724, -1.1924724696766102, -3.759621893645172, -1.8617772912569763], "rss": [0.5191810669125133, 0.4785436683093911, 0.5419438829959646, 0.02527429597842982, 0.6293156631736193, 0.6831389801028551, 0.8377423194948318, 1.0404843958165446, 0.46369460765445947, 0.40259727088710084, 0.8372229459426492, 0.49536792778701644, 0.41720827816441014, 0.6067610842351888, 0.4311502118654712, 0.6351531183013329], "rn16": [0, 0, 0, 0, 0, 0, 0, 0, 0, 0, 0, 0, 0, 0, 0, 0], "pos": [0.0709, 0.5677]}