{"time": 59835740.0, "tag": 1, "phase": [-3.5187554092945423, -4.083610902087019, 0.6959834806355965, -0.04048348199996932, -2.9594922852402874, -0.8413592308109574, 0.06407897119610739, -3.279637556529816, -1.974028148162747, 1.3855552026072282, 1.3671746957030184, 3.7497280371111366, -2.458396740769956, -1.0375221845676152, -3.789040205579097, -1.8222762060486597], "rss": [0.49704393617183534, 0.40349941754597696, 0.498509532601745, 0.02266379320062343, 0.6275481415909662, 0.6851896007425694, 1.1625951492558975, 0.9883518767823619, 0.41712865176349856, 0.43891024490939207, 0.6982359132050453, 0.4690661389827685, 0.4123741618360846, 0.6103680238037856, 0.40688080273382526, 0.6765421945278691], "rn16": [0, 0, 0, 1, 0, 0, 0, 0, 0, 0, 0, 0, 0, 0, 0, 0], "pos": [0.0353, 0.6641]}