{"time": 59835740.0, "tag": 1, "phase": [-3.653966843970641, -4.081672683647701, 1.069689641465285, -0.12376773979027034, -3.0817052313656568, -1.0476504114931438, -0.0015575108076411048, -3.139823411508342, -2.2654044612384423, 1.4177524116558702, 1.2668041619651653, 3.80703367325022, -2.582100392595571, -1.0760018472875477, -3.679052499092229, -2.1466844856351788], "rss": [0.43276456305310984, 0.5266842700280615, 0.5082428441248548, 0.016452811492668615, 0.5616340388181962, 0.6712102664659022, 1.017477488871546, 1.0231981731818878, 0.45990468316863536, 0.4661958462027526, 0.7600523651571107, 0.47195597257833005, 0.47961896994372205, 0.5971864606881641, 0.4313590966957796, 0.572141463140127], "rn16": [0, 0, 0, 0, 0, 0, 0, 0, 0, 0, 0, 0, 0, 0, 0, 0], "pos": [0.0534, 0.7061]}