{"time": 59835740.0, "tag": 1, "phase": [-4.134639307427095, -4.22669377752729, 0.8791651266852624, -0.08092143969821741, -3.018057128689424, -1.1713235674400193, -0.10421222446194855, -3.3271624376994833, -2.0923241190724466, 1.194200281700054, 1.296865239815045, 3.6846285453274215, -2.488025817422537, -1.1550671357427649, -3.8288908272654787, -1.9063248117124512], "rss": [0.3913602553218223, 0.3547273889468283, 0.487132308099252, 0.020079910534799957, 0.6400900979605876, 0.6467066074533381, 0.8975524888125657, 0.9354556975127339, 0.3917271759860022, 0.4419161146621863, 0.678487548654209, 0.38931660170575877, 0.4275875572809503, 0.5914901946124459, 0.49501482859866314, 0.5850662089894455], "rn16": [1, 1, 0, 0, 1, 0, 0, 0, 0, 1, 0, 0, 1, 0, 0, 1], "pos": [0.0633, 0.7477]}