{"time": 60191362.0, "tag": 1, "phase": [-0.6371251128647868, -2.586146722181791, 1.9800139152504461, 5.129429890265991, 0.4237595700794373, 1.3447756312365644, -3.1735277897650094, -5.6574650839374865, -3.9787752928800533, 1.2515032855324881, 0.5815610246938022, 1.5835621132059527, -0.39855312299180845, -0.7539558898926452, -1.6628174390460697, -1.6120798367963385], "rss": [0.5105334261571667, 0.4133408042177942, 0.7235119282901428, 0.026201297912755165, 0.9915188317738931, 0.9739220240398255, 0.841543773772458, 0.7346152150187223, 0.45156362767994396, 0.5260389667803929, 0.770577836646589, 0.6197452420653553, 0.9337979408069269, 0.8159698684695659, 0.9509837298956784, 0.9706301055510685], "rn16": [0, 0, 0, 0, 0, 0, 0, 0, 0, 0, 0, 0, 0, 0, 0, 0], "pos": [0.0015, 0.7458]}