{"time": 60191362.0, "tag": 1, "phase": [-0.5591235057714816, -2.6268552881809484, 2.0311732495310113, 5.280181482123173, 0.5352510192331651, 1.3671473047887026, -3.413338021928668, -5.714190928961385, -3.969099127828266, 1.0572474966959422, 0.5277777374410116, 1.709173781774568, -0.573751406436052, -0.8566773506081966, -1.6101681677189323, -1.7008985269210863], "rss": [0.40455229233522544, 0.3791326895819033, 0.8345099092939909, 0.022306869981164656, 1.2630760030975399, 0.873356020858535, 0.6639478585190017, 0.85993108174745, 0.4724911136702183, 0.5582223243896123, 0.7648611791540537, 0.6395090851470335, 1.007057342510264, 0.8724280360560298, 1.0004596198757183, 1.0461894793234126], "rn16": [0, 0, 0, 0, 0, 0, 0, 0, 0, 0, 0, 0, 0, 0, 0, 0], "pos": [-0.055, 0.7464]}