{"time": 60191362.0, "tag": 1, "phase": [-0.7042762950624168, -2.530803461341785, 2.0808221403796674, 5.250350659835127, 0.513389321041804, 1.3806968684837644, -3.342851450491914, -5.595779371872737, -3.94987312696474, 1.199837869585432, 0.5634973087981615, 1.7549185718080311, -0.5517080045101588, -0.7772728125076107, -1.801726570559728, -1.6667672718788076], "rss": [0.4611115840276251, 0.3883889528791625, 0.692139660354156, 0.024435434282958482, 1.1048422021039672, 0.9888028724700915, 0.945928353503519, 0.8488518830830444, 0.5165848820205503, 0.5398966408922646, 0.8583722405888397, 0.5738538326726794, 1.0743855831360614, 0.7769471418055086, 0.9347339313095094, 0.9094028889790082], "rn16": [0, 0, 0, 0, 0, 0, 0, 0, 0, 0, 0, 0, 0, 0, 0, 0], "pos": [-0.0949, 0.7463]}