{"time": 60699474.0, "tag": 1, "phase": [-4.849679006617219, -4.647449637748396, 0.06703624440132495, 5.0922725874920705, 0.11098477134456464, 0.12785843474902547, -4.612245303476534, -0.0118708599813524, 0.3664720827014061, -0.5392349852651931, -0.541438930867299, -0.2778424504043373, -0.17653368187233454, -1.24001246413638, -1.2502650137849938, -1.9435466337627414], "rss": [0.8488641459427598, 0.7900802773299668, 0.6860986544658989, 0.013538460372578014, 0.7467262615437017, 0.837409858161779, 0.5035105039042692, 0.5464152882580894, 0.607959610174751, 0.6849640702130845, 0.8597040829703605, 0.7889648814542322, 0.5200471696700991, 0.575519722018439, 0.5622314527729281, 0.600452963752805], "rn16": [1, 0, 1, 1, 0, 0, 1, 1, 0, 1, 0, 1, 1, 1, 0, 0], "pos": [-0.0685, 0.7169]}