{"time": 60699474.0, "tag": 1, "phase": [-4.925290715326087, -4.793275541194743, 0.08468631411042929, 5.035156677446317, 0.1256670326548679, 0.07793649821117654, -4.762169501619784, 0.05084378057945749, 0.3347040341873635, -0.5022688087100999, -0.5629627601813275, -0.19497312626683927, -0.10226573264966288, -1.1524104339698937, -1.2413208609645365, -2.0178299075028336], "rss": [0.8318643363374446, 0.8086534304685873, 0.5929646575322429, 0.015742533981096006, 0.7445773370964853, 0.8528819737985683, 0.49482511746001273, 0.5350651344438543, 0.618721926604414, 0.6789455690502243, 0.846353464491516, 0.784253655594853, 0.6308568058426897, 0.6039569545178295, 0.5226138416044953, 0.5902634543121282], "rn16": [0, 0, 0, 0, 1, 1, 1, 1, 1, 0, 0, 0, 0, 0, 1, 0], "pos": [-0.0497, 0.6905]}