{"time": 60699474.0, "tag": 1, "phase": [-4.91460435572626, -4.723505042875923, 0.09579015853244512, 5.087209186048154, 0.10765665062183283, 0.02370486220756174, -4.75546628985382, 0.07912694814130639, 0.3274120629370856, -0.5279703277731257, -0.5357877616303894, -0.25886515922756415, -0.05779711462146098, -1.0979478232294366, -1.3165638551030043, -1.965828172758353], "rss": [0.8636347709458133, 0.8223250615721607, 0.5726397887716678, 0.01454163434857481, 0.7413397035874166, 0.8405451722677616, 0.4986682690063265, 0.502387005782402, 0.5945847061489663, 0.6657012499635854, 0.8648943882912637, 0.8153136295348844, 0.5031144102277572, 0.5766405352646479, 0.6273482411234329, 0.6038279116432788], "rn16": [0, 0, 0, 0, 0, 0, 0, 0, 0, 0, 0, 0, 0, 0, 0, 0], "pos": [-0.0346, 0.6658]}