{"time": 59753621.0, "tag": 1, "phase": [-3.576677448224294, -4.641763708493745, -0.158022761760869, 4.576031375635438, -0.4828825675337879, -0.2835504909263462, -5.073138141077111, -0.46040890775973287, -0.30141725023032717, -1.01149452312483, -1.5897768722481342, -1.0352124088918546, -1.729716891416031, -2.6118863807005797, -2.8641821085197265, -3.428800281578188], "rss": [0.6839261327672134, 0.9293066500633699, 1.0418519172234773, 0.02113803271884006, 1.2348684310319518, 1.4954370223808446, 0.7972275747465254, 0.8986480281652676, 1.2802644381600268, 1.4546926971357785, 1.5421502025515428, 1.1906427070898118, 1.502803097500088, 1.3023370090557538, 1.5177083998687366, 1.316375834102994], "rn16": [1, 0, 1, 0, 0, 0, 1, 0, 0, 0, 1, 0, 1, 1, 0, 0], "pos": [-0.1532, 0.7444]}