{"time": 59993961.0, "tag": 1, "phase": [-2.5747604525339303, -3.8290418019105443, 0.4568760793722691, 4.593358685186234, -0.09416468863292526, 0.35003919972417585, -4.416423487233532, 0.0031476954103779597, 0.47841119191325276, -0.442947574370804, -1.0946229875506932, -0.30679172201239635, -1.4837364289992323, -2.0040741130726194, -2.599315084357782, -2.9164259381013897], "rss": [0.7208576266435154, 0.826167429942455, 1.0951692772052855, 0.026057779055639267, 1.3892273863304976, 1.5647349093943064, 0.9630417932871387, 1.0873985041523402, 1.0522507935504704, 1.3158132941818268, 1.5454555674595056, 1.187129628588717, 1.791485911757704, 1.5570403555354444, 1.7641837761103294, 1.544391556803803], "rn16": [0, 0, 0, 0, 0, 0, 0, 0, 0, 0, 0, 0, 0, 0, 0, 0], "pos": [-0.0804, 0.6604]}