{"time": 59993961.0, "tag": 1, "phase": [-2.4889232126777774, -3.8601862163019165, 0.47421428784843117, 4.69582904466272, -0.1520739817613871, 0.3985154259106014, -4.427711874895664, -0.15322286973805532, 0.4693853540726973, -0.3610145395722295, -0.9431916046579224, -0.3845484639522794, -1.4905712280039995, -2.0330437690496197, -2.6692893550829884, -2.8835561886719767], "rss": [0.7693472966521301, 0.7746686714711862, 1.0760377179595395, 0.02782919787530727, 1.2861358200476338, 1.585219068616432, 0.8782092762011109, 1.1219669575346263, 1.0899257362690251, 1.3628624398729137, 1.6570329423419847, 1.1792868728638148, 1.794676772692082, 1.4279464172790033, 1.754411794039928, 1.5839435797790307], "rn16": [0, 0, 0, 0, 0, 0, 0, 0, 0, 0, 0, 0, 0, 0, 0, 0], "pos": [-0.1159, 0.6561]}