{"time": 59993961.0, "tag": 1, "phase": [-2.5501664653001046, -3.859886026361937, 0.5401246583026306, 4.730601568468771, -0.058360002121179755, 0.40218512855512456, -4.38557304753181, -0.10466284406019222, 0.48043185252157006, -0.5259435621067365, -0.9944866112193119, -0.37171928951810784, -1.4193726916624152, -2.0117951241113983, -2.66748478304106, -2.889090659132064], "rss": [0.8099483439870168, 0.8697982519045911, 1.084887417095526, 0.027672609054012046, 1.350970612714645, 1.583737347151059, 0.95939158915516, 1.0929968259818357, 1.0557012848009202, 1.2836045752581635, 1.6473273568627833, 1.1972459446656243, 1.7359583330352777, 1.5158338271673526, 1.7609740253263764, 1.6167969547680756], "rn16": [0, 0, 0, 0, 0, 0, 0, 0, 0, 0, 0, 0, 0, 0, 0, 0], "pos": [-0.1455, 0.6514]}