{"time": 59993961.0, "tag": 1, "phase": [-2.591455732406122, -3.865411769355508, 0.4560095863427676, 4.494822371485268, -0.10632089131377875, 0.2716892048835087, -4.4293964720319545, -0.19591315187083502, 0.46573577483806305, -0.361694708645792, -1.0027149142445637, -0.4001852333626348, -1.4976872065122795, -2.052542956997791, -2.5898496753165254, -2.8866122408037698], "rss": [0.7434861826324334, 0.829431472922808, 1.0846046065289288, 0.027519628180855765, 1.3093932787288776, 1.519442593989358, 1.0090746215229776, 1.1091696807336697, 1.0917451434857923, 1.355839151188416, 1.627492924104637, 1.1823538318602402, 1.7561067766159422, 1.5159421252480982, 1.802014857519621, 1.5049873419320945], "rn16": [0, 0, 0, 0, 0, 0, 0, 0, 0, 0, 0, 0, 0, 0, 0, 0], "pos": [-0.1666, 0.6482]}