{"time": 60398661.0, "tag": 1, "phase": [-4.936180452677102, -4.916501883811472, -0.2544991450604095, 4.816385289762035, -0.3578352895944491, -0.40139281011802974, -5.184719576872737, -0.0902646590633589, -0.37311215530555986, -1.0679387163305776, -1.2690410105283314, -0.799857425910873, -0.952594537372875, -1.8303890970978989, -2.0842653620786646, -2.7552127737305305], "rss": [0.6683639926624396, 0.5807069662656235, 0.5668182299785107, 0.011997964640576498, 0.7494284552077539, 0.8951954279894065, 0.45157053510300005, 0.3755054605311885, 0.5894008340306816, 0.8072211795765828, 0.914066725540384, 0.7530746216896682, 0.6318153930922129, 0.6395541216095046, 0.6484394144568478, 0.6664031727321204], "rn16": [0, 0, 0, 0, 0, 0, 1, 1, 1, 0, 0, 1, 1, 0, 0, 1], "pos": [-0.1409, 0.6271]}