{"time": 60398661.0, "tag": 1, "phase": [-4.954557621606112, -4.849270768791323, -0.25498118390969365, 4.979023717254926, -0.3456156955746523, -0.40585127727382875, -5.1931029180143975, -0.21025002010406046, -0.37773118310169407, -1.0334140790026474, -1.2481811721689953, -0.7649837087493938, -0.9367110011720868, -1.8417472722359267, -2.053662524014005, -2.776785523294909], "rss": [0.6682346256770973, 0.6496746131282249, 0.6039816101522135, 0.010806398907465986, 0.7620067485636645, 0.8696532648152789, 0.4511755697910729, 0.3912798823973579, 0.5920957514490847, 0.8152375858752771, 0.9605441533410732, 0.7724299149997619, 0.6010042381328443, 0.6498461490806875, 0.6782953592725183, 0.6444397623162379], "rn16": [0, 0, 1, 1, 1, 1, 0, 0, 1, 1, 1, 1, 1, 1, 0, 0], "pos": [-0.1165, 0.6077]}