{"time": 60398661.0, "tag": 1, "phase": [-4.998282667128267, -4.889483916343961, -0.30157423387393784, 4.787390237327418, -0.2518275216086589, -0.37949100317849593, -5.194954876402964, -0.07548255970247064, -0.3885598480213306, -1.0283819441212485, -1.1870721616367546, -0.7656331369633467, -0.9363147973543452, -1.8798231842742201, -2.0819753837659696, -2.812950640902476], "rss": [0.6768120398229613, 0.5836641153157335, 0.5961324101974634, 0.01082576028721771, 0.7265712743836529, 0.9149711102604852, 0.4578335073810369, 0.400382445249426, 0.5680979492167393, 0.8261700140616675, 1.018927023683632, 0.7210016049051928, 0.615904791972643, 0.6316386740588941, 0.6319700194743528, 0.6258155494466463], "rn16": [0, 0, 0, 0, 0, 0, 0, 0, 0, 0, 0, 0, 0, 0, 0, 0], "pos": [-0.1011, 0.589]}