{"time": 60121925.0, "tag": 1, "phase": [-5.066964187608848, -0.37170084973996564, -0.2670081667263529, 1.533174399984102, -2.5549488156903664, -1.1718533529472694, -1.6515626071649754, -4.403165415100507, -4.414635566605094, 0.11030834141975543, 1.2240737505516934, 2.4038023285470222, -0.5839917170687309, -0.525373581151105, -1.713895726650342, -1.2768482034472493], "rss": [0.625273356937051, 0.5424469802209855, 0.6270297049162656, 0.04129185584123815, 0.950095399506031, 0.7878446734757611, 0.7915468173001077, 0.7578994371544637, 0.28650966269873623, 0.5047098031834937, 0.624425500634845, 0.3481447948966645, 0.7598828304258634, 0.635524730835657, 0.7387192038066002, 0.6191780296025342], "rn16": [0, 0, 0, 0, 0, 0, 1, 0, 0, 0, 0, 1, 0, 0, 0, 0], "pos": [-0.0036, 0.5915]}