{"time": 60121925.0, "tag": 1, "phase": [-5.035241107826764, -0.33107109692895387, -0.40144479590361704, 1.4969756720928802, -2.5405269486466198, -1.2119439099449216, -1.628168885633984, -4.385439218664124, -4.411064623438191, 0.07193853030505326, 1.224635892988117, 2.4646877105757046, -0.64172062225397, -0.4542690233871295, -1.7577724194237914, -1.3331530547921329], "rss": [0.6349543884526314, 0.5752999315462226, 0.5870575479987032, 0.03726823320658858, 0.9360140166286667, 0.7737999443057846, 0.7251050513601618, 0.6846735793271284, 0.29440839419122344, 0.5240240596448745, 0.618174718297761, 0.3777702507767929, 0.7451784262572684, 0.6255386872131792, 0.7128573432898009, 0.630534768130402], "rn16": [0, 0, 0, 0, 0, 0, 0, 0, 0, 0, 0, 0, 0, 0, 0, 0], "pos": [0.0745, 0.5938]}