{"time": 60121925.0, "tag": 1, "phase": [-5.074767888945143, -0.36336984261951244, -0.3120373595881209, 1.5383596059264129, -2.5258765093493434, -1.1878375366808103, -1.6518776178014638, -4.345691786064379, -4.439387675587668, 0.10024847771757006, 1.216920193151774, 2.435383384493282, -0.6119837411346702, -0.4167196142299755, -1.7589315305780058, -1.2979789448601762], "rss": [0.5993266372971969, 0.5161790258959275, 0.6042630087001044, 0.041426914599599456, 0.8714864665129788, 0.7747332237875765, 0.698738650557791, 0.6981426655058839, 0.33167555488268025, 0.5181419143082939, 0.6358593992784684, 0.36205002337321807, 0.7512574446706836, 0.6439536676507938, 0.7436999134090148, 0.5873975501058133], "rn16": [0, 0, 0, 0, 0, 0, 0, 0, 1, 0, 0, 1, 0, 0, 0, 0], "pos": [0.1369, 0.596]}