{"time": 60403497.0, "tag": 1, "phase": [-4.668799739917371, -4.5954396460407665, 0.6922789174472911, -0.5837926468968213, 0.561112109644517, 0.5535763755508858, -4.616152271001306, 0.028448892728818453, -5.017790656800615, 0.2853794275466608, 0.8479413666176658, 1.0964208889140818, 1.0386222861493706, 0.676322375844215, -0.11719093298277228, -0.39276599801201617], "rss": [0.9912912746509898, 0.8844503537571629, 0.4997286443529083, 0.024458205723576924, 0.7393229275111934, 0.5091804301468495, 0.4765745224457064, 0.6962170796812559, 0.5817601462131997, 0.6226255232062461, 0.6507084554545203, 0.5463706589212683, 0.41981040803885483, 0.44595270748581844, 0.40570897174102943, 0.42215908975369376], "rn16": [0, 0, 0, 0, 0, 0, 0, 0, 0, 0, 0, 0, 0, 0, 0, 0], "pos": [-0.0871, 0.7142]}