{"time": 60306472.0, "tag": 1, "phase": [-4.357883029786992, -4.585894775802371, 1.44245379396232, -0.4625891900741448, 0.7833474311101795, 1.5057631996330472, -4.585630754109002, -5.812754152470286, -4.068042978470823, 1.5227032072264437, 2.2222221765616075, 2.990976201322248, -3.530636983366373, 1.7504406244275188, -4.620624617637832, 0.862650132151241], "rss": [0.6413392654763788, 1.35625433638983, 0.7701711538480339, 0.03584534721552848, 0.692420105039821, 0.4051534895742472, 0.9570800705817606, 0.9829149704510235, 0.6932233164897049, 0.7097698923751263, 0.454273744063059, 0.5986026094297827, 0.5738874083929975, 0.9615080930078178, 0.5843290700043078, 0.9240769839021306], "rn16": [0, 0, 0, 0, 0, 0, 0, 0, 0, 0, 0, 0, 0, 0, 0, 0], "pos": [0.1724, 0.5746]}