{"time": 60306472.0, "tag": 1, "phase": [-4.374912903636974, -4.45631431336415, 1.386631374126302, -0.4001820647172454, 0.8904590032639016, 1.3684391400884568, -4.5559783746113185, -5.8463503837839355, -4.08793862225974, 1.6139108226259327, 1.9941347026891036, 2.981044428194364, -3.398883972879015, 1.8485144604002526, -4.6649523756222955, 0.9611499373468801], "rss": [0.7220456087038082, 1.121201871164693, 0.8267268191847001, 0.03907849592008067, 0.6210759463009368, 0.44135674492593524, 0.9064279954265155, 1.0596912295499372, 0.6908005320001336, 0.6934004714065053, 0.44942202870481657, 0.5859517304661171, 0.4864398767649467, 0.7008627231756281, 0.5408667200152186, 0.7053036722249871], "rn16": [0, 0, 1, 0, 0, 0, 0, 0, 0, 0, 0, 0, 0, 0, 0, 0], "pos": [0.2019, 0.5537]}