{"time": 60306472.0, "tag": 1, "phase": [-4.384788344979471, -4.530434162599979, 1.424528735355759, -0.47311692959910934, 0.830560094321792, 1.332169648604029, -4.494860638063585, -5.812771365316438, -4.129081187688009, 1.504316555981423, 2.0956500369350435, 2.946315470819676, -3.5611705154226647, 1.8583571496273366, -4.76450331395027, 0.9218773577506871], "rss": [0.8177694525211159, 1.1021718790466692, 0.7371973605412965, 0.04003288527137294, 0.6693975830935297, 0.4227424283815367, 0.8127235036262741, 0.9682487947354586, 0.705652455964765, 0.7138173207783505, 0.4894879446570994, 0.6890503220564193, 0.5790296463795326, 0.6090404823864548, 0.6254141132413604, 0.7752866281459432], "rn16": [0, 0, 0, 1, 0, 0, 0, 0, 0, 0, 0, 0, 1, 1, 0, 0], "pos": [0.2248, 0.5349]}