{"time": 60282951.0, "tag": 1, "phase": [-4.6516988788832005, -0.38603411495343076, -1.771187532682406, 0.1572288589885087, 2.317268249814462, 3.4906690195739793, -1.284075151339976, -4.748930608774986, 0.03556602242771589, -2.0923467164842595, -2.275750807154418, -0.2267758838168843, 1.8702012549277418, 2.391922498559374, 0.7396462716962642, 1.484857196902649], "rss": [0.46525545504946797, 0.5400260771998406, 0.4197041592744683, 0.010852877893649731, 0.5407904273694771, 0.3203472842692909, 0.39792659536761144, 0.5673916304786755, 0.45886441958094243, 0.3115624857813762, 0.4101423098870734, 0.2043128121065373, 0.6771087775208267, 0.6385575664406268, 0.7300693386561012, 0.5505556544198245], "rn16": [0, 0, 0, 0, 0, 1, 0, 0, 0, 0, 0, 0, 0, 0, 0, 0], "pos": [0.1774, 0.5528]}