{"time": 60282951.0, "tag": 1, "phase": [-4.736234511410674, -0.19355174232401984, -1.768811136737177, 0.234235345665597, 2.3586825427327214, 3.5565212442019387, -1.330333603883466, -4.723287084586405, 0.06773473271810682, -2.114782730968365, -2.1602833269515496, -0.1444271074854946, 1.8349935501833188, 2.3146793880045093, 0.7035108922690032, 1.5044431721261426], "rss": [0.45351078643559994, 0.5949368034267021, 0.47478818395166345, 0.012548600668603927, 0.5413418752177284, 0.27952157399829497, 0.39589167007418113, 0.5488969334227494, 0.47990466871965093, 0.2817415799942575, 0.4358637069655177, 0.2187589184350379, 0.6463241058170602, 0.5553104530027427, 0.6599428749562729, 0.5841042217707794], "rn16": [1, 0, 0, 0, 1, 1, 0, 0, 1, 0, 1, 0, 0, 1, 0, 0], "pos": [0.1376, 0.5692]}