{"time": 60282951.0, "tag": 1, "phase": [-4.556947046209333, -0.22900447928167278, -1.74507968248341, 0.1729802276326784, -3.81828413179504, 3.4656553137612187, -1.3128090746130423, -4.784689639911154, 0.020890486422589838, -2.1960869457272074, -2.106975257981803, -0.13571757437041265, 1.8645925962437349, 2.2842746384784673, 0.6916519281874645, 1.4585071501352866], "rss": [0.484214352710099, 0.5145050478363367, 0.45876647420488176, 0.013386623719767449, 0.5140026917300334, 0.3055977418229292, 0.457063619712004, 0.5286109436523478, 0.49673967894159143, 0.3144921762918983, 0.4375662496423336, 0.22536195265403947, 0.6758025177640294, 0.511579054201339, 0.615823104138002, 0.5355479738232313], "rn16": [0, 0, 0, 0, 0, 0, 0, 0, 0, 0, 0, 0, 0, 0, 0, 0], "pos": [0.1038, 0.5859]}