{"time": 60194600.0, "tag": 1, "phase": [-3.0704179698520733, -4.255071955422636, 0.18040010368080053, 4.452948384612066, -0.25952278610910984, 0.007967622670801422, -4.779761788593095, -0.33971862173885503, 0.01367243852378941, -0.7467573491619578, -1.3454617132067967, -0.8157577974202739, -1.6412646056399178, -2.27642948025954, -2.8105063510469472, -3.152866343842911], "rss": [0.7629632616683487, 0.9573220623639723, 1.091342686463614, 0.02311529450299361, 1.3104348928941019, 1.5056659375769725, 0.8329229857324874, 1.0219348143268652, 1.084738737179656, 1.3761900891544172, 1.6259235886461758, 1.246551466470326, 1.707938502929184, 1.504124239689159, 1.6202816214131923, 1.530493141071714], "rn16": [0, 0, 0, 0, 0, 0, 0, 0, 0, 0, 0, 0, 0, 0, 0, 0], "pos": [0.0388, 0.5824]}