{"time": 60194600.0, "tag": 1, "phase": [-3.083117729007032, -4.296967852772955, 0.22928078705593902, 4.713053792764158, -0.2885054751336318, -0.06826574221180204, -4.622329983884107, -0.3613648889518326, 0.0409013142995871, -0.7485409991514789, -1.3381112084424556, -0.7544579320842293, -1.6506782630687957, -2.2998259520362345, -2.8403077796342817, -3.2576852035441277], "rss": [0.7421103604596874, 0.8753180202479427, 1.1046596520732135, 0.02991408902685787, 1.2923400770078204, 1.515993299090809, 1.0092095300432224, 1.0653526556843298, 1.130247857919249, 1.398912524249305, 1.6478737352065034, 1.248901204115146, 1.6537542262786118, 1.4462626303173713, 1.5368745945445776, 1.3421266109277763], "rn16": [0, 0, 0, 0, 0, 0, 0, 0, 0, 0, 0, 0, 0, 0, 0, 0], "pos": [-0.0107, 0.5779]}