{"time": 60194600.0, "tag": 1, "phase": [-3.136059978264982, -4.312368174287825, 0.20148792121783327, 4.326892572548729, -0.2865598489330356, -0.008370654872340344, -4.763271413888522, -0.4453131178765459, -0.008349795383761016, -0.7793780598925423, -1.3793807770327589, -0.7465268319507081, -1.6506429791082944, -2.317416518751941, -2.7353706841253604, -3.160553290066292], "rss": [0.7372135084857733, 0.9144224976469176, 1.1096863165214526, 0.029053103676592126, 1.3517220974813224, 1.60785824355039, 0.86597269633352, 1.0279138365077392, 1.0756694597280243, 1.3700267413273661, 1.5687859991239017, 1.260659751939419, 1.7030862746246433, 1.3909502023275941, 1.8160782236393476, 1.5252478527306659], "rn16": [0, 0, 0, 0, 0, 0, 0, 0, 0, 0, 0, 0, 0, 0, 0, 0], "pos": [-0.0494, 0.5742]}