{"time": 60358960.0, "tag": 1, "phase": [-4.781574385653581, -4.5325597517451115, 0.5149407191992521, -0.6863723098844723, 0.4221928981277364, 0.454709404285085, -4.423038472781119, 0.032121514079845426, 0.8818689635668435, -0.11380395685596811, 0.12103460170299402, 0.4199355976670365, 0.5335406480630214, -0.28524013489070177, -0.7166984166167485, -1.2832250989862835], "rss": [0.9100732796849054, 0.814517670078965, 0.5431715705988812, 0.015557029849743184, 0.6924020373485061, 0.6505035383184052, 0.44184933066312726, 0.5847574168666727, 0.553937118376371, 0.6419813184696989, 0.7153185047121263, 0.6027651455696392, 0.43370799400260523, 0.42904319332385843, 0.4131789083425695, 0.4098569042480255], "rn16": [0, 0, 0, 0, 0, 0, 0, 0, 0, 0, 0, 0, 0, 0, 0, 0], "pos": [-0.0223, 0.5566]}