{"time": 60403497.0, "tag": 1, "phase": [-4.710790039481034, -4.5107011017311045, 0.7475913292912986, -0.5828446639116027, 0.5601149095585313, 0.5794410181701981, -4.600546299617835, 0.056192475017869725, -5.042141940338002, 0.3586337050055368, 0.8136148837844758, 1.1276194664813088, 0.999102970008984, 0.4401806764499465, -0.03193336465936447, -0.3127687708034742], "rss": [0.9671688100819051, 0.9270229301386712, 0.515762667297916, 0.025559808762200344, 0.7532434376443782, 0.45666688599508126, 0.4794814803103885, 0.673917579343493, 0.5201868811498603, 0.6561812955555479, 0.642508188883519, 0.4835924008746335, 0.39331960042537517, 0.4055325063111859, 0.449694480786555, 0.3868669684544203], "rn16": [0, 0, 0, 0, 1, 1, 0, 0, 0, 0, 0, 0, 0, 1, 1, 0], "pos": [-0.034, 0.686]}