{"time": 60358960.0, "tag": 1, "phase": [-4.759030282845552, -4.517831595892327, 0.4653597900739985, 5.516411387593882, 0.3722756310261729, 0.39161680343231087, -4.477656491568385, 0.05214662932474923, 0.9537059515582711, -0.0363186540006224, 0.21830437764728744, 0.4743122991230294, 0.5179821912195481, -0.34427793915717564, -0.5957010696010161, -1.13205565469991], "rss": [0.8556648834816677, 0.8475779289432718, 0.5483522563953426, 0.020483149127464854, 0.7518706884531634, 0.6477720013645962, 0.42578493709822407, 0.5477325077345216, 0.5624223530154453, 0.5837005038607197, 0.6837797483355799, 0.587121110889637, 0.42377696155114664, 0.44319632737046394, 0.41844696356753247, 0.4293535816904249], "rn16": [0, 0, 0, 0, 0, 0, 0, 0, 0, 0, 0, 0, 0, 0, 0, 0], "pos": [0.0028, 0.5403]}