{"time": 60358960.0, "tag": 1, "phase": [-4.781915859734824, -4.506391996135612, 0.4456127018380963, 5.446967789067737, 0.47188206612766204, 0.47534187483870327, -4.461117827214815, 0.019020950549009985, 0.9367376581370341, -0.0838369877321361, 0.1682428275514095, 0.44011781629906666, 0.5378780508091556, -0.38353322123526434, -0.5953970317212662, -1.2769792670555369], "rss": [0.9066914995350074, 0.8183481320211422, 0.5564378323530312, 0.01738937728195806, 0.6416465995488768, 0.6451705898857492, 0.44785108881145375, 0.6196839839448314, 0.5295130934495049, 0.5868668893513489, 0.6724442974177051, 0.6046907022694915, 0.48231009261855473, 0.42448394552584456, 0.5023024635241019, 0.4202179819261717], "rn16": [1, 1, 0, 1, 1, 0, 0, 0, 0, 0, 0, 1, 0, 0, 1, 1], "pos": [0.0221, 0.5246]}