{"time": 59805248.0, "tag": 1, "phase": [-4.725757051067133, -4.6196007354566335, 1.0423143492729823, -0.4781003812732769, 0.6752495348533804, 0.8277364586256324, -4.8806484815680715, -6.20069814256894, -4.541304131790397, 0.6278392236837151, 1.4164405434249363, 1.8076138093330267, 1.7821176529616651, 1.0866680270898592, 0.5353371279236323, 0.33817790161455874], "rss": [0.9631844300584321, 0.9305643400495653, 0.6742399916313104, 0.029659403271530754, 0.8591310801719465, 0.4865866480935533, 0.597625570274309, 0.801384244000693, 0.6053565905365164, 0.6488521793841391, 0.6471825462423374, 0.47384686724338687, 0.462716259272775, 0.49784648375358453, 0.47523796722069456, 0.5447795680836548], "rn16": [1, 1, 1, 0, 0, 0, 0, 1, 0, 1, 1, 1, 0, 0, 1, 1], "pos": [0.067, 0.509]}