{"time": 59805248.0, "tag": 1, "phase": [-4.682344747855264, -4.637625723526056, 1.1598132558198808, -0.5223493166040476, 0.7233281082201762, 0.6367398917215973, -4.7402921294405616, -6.137554663584326, -4.626306517138347, 0.690479055492075, 1.2851261577698083, 1.781629447169958, 1.768010143969129, 1.0356736088824787, 0.5602933592621975, 0.15860160965969072], "rss": [0.9604813483481023, 0.9370312885731713, 0.6790754571524683, 0.031631764562634904, 0.8652288839067542, 0.46201383075823155, 0.6303086315454208, 0.7514598294814715, 0.5726960306237425, 0.7317966889477816, 0.6424333540138589, 0.4964742192228474, 0.48103269411124805, 0.5490128911417315, 0.47318379897003676, 0.5549236538451334], "rn16": [0, 0, 0, 0, 0, 0, 0, 1, 0, 0, 0, 0, 0, 0, 0, 1], "pos": [0.1002, 0.4945]}