{"time": 59805248.0, "tag": 1, "phase": [-4.604203427924832, -4.5722746206432925, 1.1144643118038007, -0.49263077115386533, 0.6428662114143989, 0.707739650853912, -4.869151948776426, -6.098442861436341, -4.574586252278202, 0.7503286054089451, 1.298290138867546, 1.8345910040808953, 1.721415642801345, 1.1345983431001727, 0.7037952397798328, 0.21145068529823496], "rss": [0.9497414316413986, 0.9101363645916043, 0.6462093334130301, 0.029923935471840007, 0.8435346339993289, 0.4886172623843512, 0.622876455353567, 0.775977289209551, 0.5724897908259933, 0.6810272655244519, 0.6433743313908069, 0.4808327086325991, 0.5148980040987442, 0.5002367385755238, 0.4932615699729715, 0.5296032193873775], "rn16": [0, 0, 0, 0, 0, 0, 1, 1, 1, 1, 1, 1, 0, 0, 0, 0], "pos": [0.1291, 0.481]}