{"time": 59896801.0, "tag": 1, "phase": [-4.328648536912146, -4.910403909011247, -0.2470536475206517, 4.3311787434993745, -0.5909383372072604, -0.5729371138703396, -5.402481154498302, -0.3541998435162723, -0.7138366866778147, -1.2380869428528445, -1.6924555747910668, -1.3173693789989618, -1.597588274866296, -2.6213627604359124, -2.7242939246078293, -3.3996731826944204], "rss": [0.7128578755193884, 0.7539973672833693, 0.7619237925115474, 0.01669782055687918, 1.01405669683815, 1.1076087623828306, 0.5395517208941127, 0.6135463792779257, 0.8260357624140986, 1.2361591776995007, 1.1801980923904203, 0.8795419202186588, 1.0001579800994176, 0.7465159891976552, 1.002036865301032, 0.833197608153557], "rn16": [0, 0, 1, 1, 0, 0, 1, 1, 1, 1, 1, 0, 1, 0, 0, 0], "pos": [0.0768, 0.4767]}