{"time": 59865183.0, "tag": 1, "phase": [-4.041430864110298, -4.19349302132813, 1.6253274029432871, -0.09614189320370459, 0.8345890895733931, 1.9529423877015841, -4.238107067429883, -5.616453473020046, -3.7059717318141705, -4.20675309072512, 2.6033304351424413, 3.5674852465831255, -3.278492182119096, 2.240945464758816, -4.056574121671421, 1.4066680441088157], "rss": [0.7289693161925026, 1.241878725930609, 0.7331296895992627, 0.04167275451879746, 0.4442128332206563, 0.4078523839459804, 0.9758518405989814, 1.0000485173170468, 0.8057467850226888, 0.7005253835078651, 0.37417810121967987, 0.6374461535753511, 0.633670350192179, 0.8056146437892252, 0.6052292375035231, 0.9381780757724345], "rn16": [0, 0, 0, 0, 0, 0, 0, 0, 0, 0, 0, 0, 0, 0, 0, 0], "pos": [0.1302, 0.4637]}