{"time": 59865183.0, "tag": 1, "phase": [-4.210532638113319, -4.173557804633036, 1.7457131121328247, -0.306314624519167, 0.8345435353534073, 2.0809936998417333, -4.196833109403262, -5.621266950860459, -3.6995031314772655, -4.120894346210356, 2.6821907463393657, 3.559176037166821, -2.9689294805014956, 2.2798599007916063, -4.220887002144259, 1.402048133486977], "rss": [0.515075691930379, 1.1605156055219814, 0.9763152460776874, 0.03940830170928564, 0.4671405102446976, 0.4468716962062936, 0.9007364582061569, 1.0430920248576263, 0.6878316816990876, 0.7469155614668681, 0.3597255688570353, 0.6165354505546973, 0.5515687424070825, 0.876379580262321, 0.5671349642968687, 0.734973720663235], "rn16": [1, 0, 0, 0, 0, 0, 0, 0, 0, 0, 0, 0, 1, 0, 0, 1], "pos": [0.1688, 0.4521]}