{"time": 59865183.0, "tag": 1, "phase": [-4.047955006917428, -4.17011361267177, 1.6611567370040106, -0.15610536181531431, 0.911513750812882, 1.9225587121897245, -4.2193235570846594, -5.47241434943761, -3.7294707081403806, -4.2546800915952545, 2.6610066033654034, 3.6621654965157977, -3.2447045302081885, 2.2607615459688746, -4.147705571186208, 1.4720118689484913], "rss": [0.7865851323894527, 1.1952924690315354, 0.7715392771295666, 0.040585323324620476, 0.5322178397036251, 0.4331551816564369, 1.0247013798253104, 1.2339181161560797, 0.6993900519783547, 0.6692192871983534, 0.3747814897214177, 0.6916528146394764, 0.6046469913458498, 0.8028478795643291, 0.546412852656872, 0.8553513638010821], "rn16": [0, 0, 0, 0, 0, 0, 0, 0, 0, 0, 0, 0, 0, 0, 0, 0], "pos": [0.201, 0.4405]}