{"time": 59724726.0, "tag": 1, "phase": [-4.250653482790903, -5.861212318559271, 0.4624647965365107, 1.6298959979161736, -2.221622613260669, -0.7044877529647608, -0.9372236307807711, -4.136070345352471, -3.980574736639727, 0.9280987611710192, 1.8030231829795278, 2.9931845461957205, -0.40252300019994613, -0.2575914868277278, -1.557746865016622, -1.0896859643057597], "rss": [0.5790061987213293, 0.541171033700136, 0.5567550551612737, 0.03041971851911869, 0.6649403667163585, 0.6970551054743064, 0.7224223155588188, 0.5755536387478235, 0.2783718219072401, 0.4444333928984824, 0.5068071291248839, 0.28182567442704204, 0.6539629806880415, 0.6334790336681275, 0.6550272742756393, 0.6208807034263526], "rn16": [0, 0, 0, 0, 0, 0, 0, 0, 0, 0, 0, 0, 0, 0, 0, 0], "pos": [0.2333, 0.4564]}