{"time": 60488439.0, "tag": 1, "phase": [0.2971905063947209, -1.4758148507994493, 3.0136720437145006, 0.1754395972545395, 1.5347313697530112, 2.615806089173931, -2.2577389879189407, -5.207394400012996, -2.0419661280266066, -3.980282043533464, 1.893864234435767, 3.3078262013141186, 0.710458650160205, 0.31823521102277663, -0.4440117427562207, -0.44940559353903764], "rss": [0.6604991474224673, 0.5639032379235063, 0.3780686072733357, 0.003974006365607405, 0.35853286235046566, 0.21052186987054503, 0.40486286684036066, 0.6222158680140143, 0.35033401997304664, 0.40476278354192874, 0.5930342593464233, 0.12461736445281113, 0.9120022846778546, 0.597333689417698, 1.0031429853782625, 0.6608789032064422], "rn16": [0, 1, 1, 1, 0, 1, 0, 1, 0, 1, 0, 1, 1, 0, 1, 0], "pos": [-0.3182, 0.7979]}