{"time": 60403497.0, "tag": 1, "phase": [-4.721103048188375, -4.562530815156032, 0.7196769879373309, -0.4732156856970371, 0.5798848448591835, 0.6324387253728712, -4.656200507565723, 0.052885868285454496, -5.005725593793347, 0.3087336421433098, 0.85811029450884, 1.1036573373144933, 1.0653867291905383, 0.5177317353023035, 0.07436523678741302, -0.5285312624752297], "rss": [0.9547262922057627, 0.8941759705601149, 0.525191142021327, 0.02452657223020814, 0.7970444986753978, 0.4590537555870721, 0.35936914664293873, 0.6486283484877325, 0.5400094847624183, 0.6088272722647053, 0.6390947165310265, 0.5321096116502645, 0.41873146887804924, 0.39458454171782603, 0.5006530535983336, 0.37942024020507026], "rn16": [0, 0, 1, 1, 0, 0, 0, 0, 0, 0, 1, 0, 0, 0, 0, 0], "pos": [0.0079, 0.6596]}