{"time": 59724726.0, "tag": 1, "phase": [-4.237561804102672, -5.883579296146953, 0.43485557082573795, 1.6180356364310486, -2.269340708201661, -0.7299695602618825, -0.9981959892964087, -4.151420195470006, -4.0132940740816, 0.9347867106307384, 1.8727511921227347, 3.014379033672151, -0.43801180478540835, -0.21638873229141725, -1.5986221392886346, -1.0469388949524951], "rss": [0.57209853705538, 0.5459668350901566, 0.5663945271923875, 0.0293630391779069, 0.7245263732163528, 0.7870114390332615, 0.7244896916689977, 0.6050717390021938, 0.27885482009488327, 0.45248161865479763, 0.46663215550042986, 0.30683247889932047, 0.643971366382501, 0.6094941742135201, 0.6536514901712773, 0.6431845858968225], "rn16": [0, 0, 0, 0, 0, 0, 0, 0, 0, 0, 0, 0, 0, 0, 0, 0], "pos": [0.2606, 0.471]}