{"time": 59724726.0, "tag": 1, "phase": [-4.2449663375812525, -5.8849170331613365, 0.5060675356693936, 1.6690955114875972, -2.2669607434048484, -0.6746592000639258, -1.0376386192067462, -4.157778150232842, -3.9464595069960424, 0.8902639315299103, 1.9063045211429217, 3.0279413247567275, -0.44481600005306576, -0.228416136366404, -1.5292253877916955, -1.05003735715557], "rss": [0.6352723176936514, 0.5725898094738145, 0.5043427673238756, 0.029908284621388104, 0.7134814587346189, 0.6903390381641576, 0.7640143373422922, 0.6021471057238532, 0.2801408451408481, 0.4657151029679802, 0.4518951228886516, 0.3169757126955876, 0.6712426042794135, 0.6145473450337675, 0.644561172100333, 0.6253512172430604], "rn16": [0, 0, 0, 0, 0, 0, 1, 0, 0, 1, 1, 0, 0, 1, 1, 0], "pos": [0.2987, 0.4974]}