{"time": 59891117.0, "tag": 1, "phase": [0.04049260103250596, -1.401366353900712, 2.6678889167484474, 3.3705817396014037, -0.5388762173585123, 1.4988528980296638, -2.557190542465041, -5.050559086988185, -3.1200256524220573, -4.080158982787686, 1.528959108680019, 1.1973054113757329, 0.6402956634225669, -0.21214299723840477, -0.5944793048030736, -0.9877032213856375], "rss": [0.4730870879209247, 0.37491809914240126, 0.46844893266210985, 0.009648461200980946, 0.3726675323838235, 0.1393180256962482, 0.3881835624526924, 0.5150091455975578, 0.14013963522259298, 0.4241681563325617, 0.6776156163786634, 0.23874261788093037, 0.9148738905233776, 0.6954012528993537, 0.9500839518385326, 0.8018369708030547], "rn16": [0, 0, 0, 0, 0, 0, 0, 0, 0, 0, 0, 0, 0, 0, 0, 0], "pos": [0.218, 0.5106]}