{"time": 59891117.0, "tag": 1, "phase": [0.12283836589529562, -1.3007354238208357, 2.40857463354304, 3.812478640912834, -0.37149655785808755, 1.3308719740985229, -2.8308739424366505, -5.32007725026275, -3.225524827752418, -4.013544013962062, 1.3132827100783637, 1.9722296347033001, 0.41677510133565043, -0.0014988996544052502, -0.5321022395377346, -0.8728754199937283], "rss": [0.46565112207909837, 0.49783139751123606, 0.47509294407898384, 0.008744929777246724, 0.13769776094115432, 0.15289036544978238, 0.7036322827946415, 0.6205539094774323, 0.1340010069626806, 0.39392423128044984, 0.7417844918178748, 0.4149167362093639, 0.9479620179091417, 0.9614439466255496, 0.8380069686625853, 0.7021117190158017], "rn16": [1, 1, 1, 0, 1, 1, 1, 0, 1, 0, 0, 0, 0, 0, 0, 0], "pos": [0.1717, 0.5206]}