{"time": 59891117.0, "tag": 1, "phase": [0.29275254755843605, -1.3283838546472138, 1.814123108380087, 3.5541484694745904, 0.4079880464628537, 0.9649944448258654, -2.679081764119556, -5.3106901492905605, -3.3101287483233257, -4.353214979275995, 1.4873597693257292, 1.8683071727457599, 0.7101872511888148, -0.1863629105259219, -0.711735356919079, -0.8787802879695085], "rss": [0.5097014330657285, 0.5032280317932146, 0.44148127193047826, 0.009489772452303367, 0.07518751824323128, 0.12863593914463006, 0.44696366717880126, 0.5970943750127082, 0.1627335964121309, 0.7199924674412219, 0.7085445567197466, 0.2589539753374096, 0.6689635803995166, 0.8116236337657778, 1.0601090039961611, 0.7122349146756071], "rn16": [0, 1, 0, 0, 0, 0, 1, 1, 0, 0, 1, 0, 0, 0, 0, 0], "pos": [0.1651, 0.5251]}