{"time": 60317272.0, "tag": 1, "phase": [-0.16186775122220665, -1.7153242381983758, -1.6840847611480467, 0.7759153581842182, -2.889323438692136, 4.424940478294704, -2.539481518811403, -5.0707503003754635, 0.8860087070796379, -1.4099355106979297, 0.13604609921523866, 1.131341220724533, -1.1040577047972657, -0.938668267084305, -2.43103006127082, -1.8073867711895866], "rss": [0.5458413973915057, 0.4532292036578699, 0.5160579236182777, 0.047456261809783414, 0.8293183982624884, 0.754069628246229, 0.44879042163277605, 0.6442448952388504, 0.3278928385821408, 0.4805363783821694, 0.6155928227775763, 0.40409723821363125, 0.607332179868023, 0.6532559452089198, 0.6566606438522566, 0.5966610206536175], "rn16": [0, 0, 1, 0, 0, 1, 1, 1, 0, 0, 0, 0, 0, 0, 0, 0], "pos": [0.212, 0.5238]}