{"time": 60317272.0, "tag": 1, "phase": [-0.1158899812423031, -1.6346535847441155, -1.7728591713110295, 0.6334708625194239, -3.1647094815208563, 4.448327022939509, -2.588509766599189, -5.010786349379581, 0.8336337124518938, -1.3172811406356382, 0.16806094054495288, 1.2642579845503834, -1.1860036476115565, -1.04982413635499, -2.2565220040061926, -1.852344524256555], "rss": [0.5526777484938082, 0.3314904687642257, 0.4905961523172102, 0.04640450765944115, 0.9051635763635615, 0.7492940745149542, 0.49281116448197926, 0.6559910166288232, 0.3076246352728039, 0.45317894663363506, 0.5327185888934699, 0.4260827624608611, 0.6465441268084924, 0.6246422527574533, 0.6098963060099187, 0.6216311389857739], "rn16": [1, 1, 1, 1, 0, 0, 1, 0, 0, 0, 1, 1, 1, 1, 1, 1], "pos": [0.2501, 0.5238]}