{"time": 60317272.0, "tag": 1, "phase": [-0.12653568412091643, -1.559437327882678, -1.7319999691984036, 0.8651348849317095, -3.1554798995712976, 4.293253372299058, -2.5728611536358086, -5.04850833583627, 0.7679957947085017, -1.335840489072943, 0.1674181366360335, 1.360147622747042, -1.1816958908699144, -1.0624510824176148, -2.3037334432257137, -1.8010874971199176], "rss": [0.5620969307361379, 0.46371695366509347, 0.4967051888718372, 0.04571984260062377, 0.9044029851923534, 0.7842445937779716, 0.4449238241300786, 0.672365662561148, 0.30599875404659593, 0.5031816300583039, 0.6084107471473112, 0.4301453315477838, 0.648293196454391, 0.6332419117029778, 0.6575481213381548, 0.6718675598995956], "rn16": [0, 0, 0, 0, 0, 0, 0, 1, 0, 0, 0, 0, 0, 0, 1, 0], "pos": [0.2807, 0.5238]}