{"time": 60127012.0, "tag": 1, "phase": [-3.833357877608961, -5.064789333763253, 1.1069576329737842, 1.5927439674180375, -2.0555351619852105, -0.3217106707046402, -0.3359242490369736, -3.695979380432517, -3.419537570986449, 1.4908817624748714, 2.401715637085632, 3.5988632574006343, -0.3033489688271628, -0.07294795655414575, -1.4321818351367857, -0.9773802372826536], "rss": [0.48761089607955393, 0.46073890013390156, 0.420238629887903, 0.035188889181465836, 0.7773066091893792, 0.7340093749174853, 0.6765472300543899, 0.5771565680065833, 0.22651661811076665, 0.4119046008809769, 0.4219005523353717, 0.28498015296832013, 0.566019266576478, 0.5232664537955978, 0.5951825950223525, 0.535160880967248], "rn16": [0, 1, 0, 0, 1, 0, 1, 1, 0, 1, 1, 1, 0, 1, 0, 1], "pos": [0.2941, 0.5369]}