{"time": 60403497.0, "tag": 1, "phase": [-4.7074728194597855, -4.561420782632747, 0.7559635254164184, -0.6355189534649681, 0.5474986420085507, 0.624227177479005, -4.623848970342971, -0.010333354312138443, -5.014572155885729, 0.28005401273097275, 0.8202448060484766, 1.0612187109938451, 1.0652691956938516, 0.7069395181643675, 0.00481051247826958, -0.2367714471064727], "rss": [0.9549472840632263, 0.9774484561255636, 0.5200011937513089, 0.025708385457551816, 0.6884896569483175, 0.5120840248114538, 0.41802219881857466, 0.6697275712574017, 0.5087240488911541, 0.6744931758889067, 0.6285922563134534, 0.5043366576486005, 0.43384103960865344, 0.4323252463699467, 0.4629418276948078, 0.3989083142141691], "rn16": [0, 0, 0, 0, 0, 0, 0, 0, 0, 0, 0, 0, 0, 0, 0, 0], "pos": [0.0439, 0.6343]}