{"time": 60127012.0, "tag": 1, "phase": [-3.7859906597859894, -5.191291855379257, 1.1587028647569144, 1.5419263383434405, -2.1131152897241985, -0.2856596642308462, -0.2782807762378128, -3.7600188483691643, -3.4307206222292033, 1.4984813720112966, 2.2601812762319073, 3.6396798827690264, -0.3453494836860229, -0.05763234142889573, -1.4957662660041704, -0.9141230964408513], "rss": [0.4756395933278324, 0.48187205319450954, 0.4011500180277423, 0.0365311528244608, 0.8071091862151524, 0.7208155089729781, 0.6915233347096797, 0.5805668064365661, 0.22056653706018947, 0.47224795417189314, 0.3998228645093026, 0.279568347870353, 0.5877926312734725, 0.5271065066806173, 0.5991568057690945, 0.503616257498044], "rn16": [0, 0, 0, 0, 1, 1, 0, 0, 0, 0, 0, 0, 0, 0, 1, 1], "pos": [0.3032, 0.5492]}