{"time": 60127012.0, "tag": 1, "phase": [-3.808086282985463, -5.160769792623007, 1.0780228102653504, 1.5857088522510558, -2.1520004866238165, -0.26409890239960543, -0.3222877163747748, -3.6653869608176057, -3.4934806948862756, 1.4243149023279582, 2.375517361232339, 3.587300585792137, -0.34002943458269974, -0.06347414132331619, -1.4089857564957917, -0.933524025808002], "rss": [0.4909701402848185, 0.4828013356070088, 0.4144406607301784, 0.03458883501624343, 0.815422935923604, 0.721344895205747, 0.6848133487865181, 0.5811569156648767, 0.20870528092540588, 0.4008551307076035, 0.3887591639313496, 0.28340895481157846, 0.5389671731485323, 0.5203141285747023, 0.6066819522843387, 0.5359799725301005], "rn16": [0, 0, 0, 0, 0, 0, 0, 0, 0, 0, 0, 0, 0, 0, 0, 0], "pos": [0.3113, 0.5593]}