{"time": 60391873.0, "tag": 1, "phase": [-0.9955747192215041, -2.7099685294095512, 1.7599786730800886, 5.173193483875991, 0.4864843013071919, 1.2644272881957168, -3.482041168712237, -5.727002658478368, -4.370103505286674, 0.7021705516942844, 0.23855893175576337, 1.1969480323162054, -0.7726454135608898, -1.0711732338827835, -1.8975499419311301, -1.896022369681423], "rss": [0.5801922474228273, 0.5043268871439316, 0.8765877578176017, 0.02819180817651121, 0.9635382099983427, 1.1008485219834976, 0.9038817750720787, 1.0900311152808926, 0.5947359862141381, 0.7375672309728403, 1.0478735521252505, 0.7447349649758641, 1.226109898525122, 1.1510746169133264, 1.2609728469986647, 1.1337213623637359], "rn16": [0, 1, 0, 0, 0, 0, 0, 0, 1, 1, 0, 0, 0, 0, 0, 0], "pos": [0.1875, 0.5707]}