{"time": 60391873.0, "tag": 1, "phase": [-1.05434449357181, -2.7214115216801793, 1.7353928052800736, 5.307175773199679, 0.5300495124443941, 1.2756260462871036, -3.572081291259273, -5.8113204868583175, -4.347847879247208, 0.7309359497891996, 0.22330699248439773, 1.1492343405928636, -0.7770999365239175, -1.0743940993862293, -1.8788637894378868, -1.914382008573559], "rss": [0.5610184364742931, 0.5774468636304867, 0.8302322899675048, 0.0256302528550146, 1.1847084347948484, 1.2523884608642484, 0.8932969718033069, 0.9325627662572453, 0.564316423414203, 0.7522035496161348, 0.9682171260386068, 0.7953777265827343, 1.189835089342152, 1.2158084057016951, 1.333482998049596, 1.1926411166918804], "rn16": [0, 0, 0, 0, 0, 0, 0, 0, 0, 0, 0, 0, 0, 1, 0, 0], "pos": [0.094, 0.5808]}