{"time": 60391873.0, "tag": 1, "phase": [-1.0477767361862893, -2.7340015008963596, 1.7526797305973687, 5.296970884548166, 0.5244012770461887, 1.2522359918608479, -3.469095487224555, -5.864911655772175, -4.345772302051293, 0.7937064681472361, 0.20678191379104083, 1.180467512796926, -0.7238384048480031, -1.089717700396403, -1.979861292380845, -1.9276052539910542], "rss": [0.559163813326207, 0.5278296749936241, 0.8510272997235347, 0.02180960909209567, 1.1271208973149085, 1.1730885674475127, 0.8728414050549119, 0.7979148586929615, 0.5637210668167405, 0.816428751831141, 0.9811094386430181, 0.7293508819716511, 1.3857027944623586, 1.1818142142050387, 1.330462845407993, 1.155355211694382], "rn16": [0, 0, 0, 0, 0, 0, 1, 0, 0, 0, 0, 0, 0, 0, 0, 0], "pos": [0.0154, 0.5913]}