{"time": 60391873.0, "tag": 1, "phase": [-1.107651315166128, -2.7652965158959324, 1.7439154887382204, 4.970061673767473, 0.5139720888676748, 1.1553862508485646, -3.511266386025177, -5.839396066187737, -4.35957137475547, 0.7852323073270153, 0.24317383163487188, 1.1474558362525045, -0.7187033479724481, -1.0690016407449507, -1.8857480472774333, -1.9485203295086357], "rss": [0.5245147032297212, 0.5009310649990455, 0.9156369978754175, 0.02085773557300436, 1.1237742248318365, 1.128072028661367, 0.8677973385040592, 0.8748051586437223, 0.5553161630609134, 0.8265620623286449, 1.1180779388468023, 0.73527373912351, 1.3316268271106566, 1.2202905745389272, 1.3570637841395037, 1.113517277894375], "rn16": [1, 0, 1, 0, 1, 1, 1, 0, 1, 1, 1, 0, 1, 1, 1, 1], "pos": [-0.0475, 0.6012]}