{"time": 60237888.0, "tag": 1, "phase": [-4.3906999559738065, 0.2959962287017035, -1.0602898970239665, -0.16762620143178752, -3.707682936851902, 3.9769250275070833, -1.1490078669472064, -4.711947363238409, 0.588927727693922, -1.5322537247587629, -1.2465586930422479, 0.6698396675952886, -3.9284575283768572, 2.989499426411744, -5.083602167430299, 2.1250625245058465], "rss": [0.4224330259654386, 0.5023213090040071, 0.30733067538104586, 0.016501099869752598, 0.7771022561338816, 0.5597367041373503, 0.5292923099763008, 0.5317947293621543, 0.3255291120000262, 0.33427949432199, 0.4123199060305899, 0.28885246485863453, 0.7511629416735351, 0.5790508679839573, 0.7496271383141128, 0.6398553064004199], "rn16": [0, 0, 0, 0, 0, 0, 0, 0, 0, 0, 0, 0, 0, 0, 0, 0], "pos": [-0.025, 0.615]}