{"time": 60237888.0, "tag": 1, "phase": [-4.592377770038895, 0.2025866101637992, -1.130046410843993, -0.2172418560693279, -3.8202779860672766, 4.018397284437227, -1.1175089811211383, -4.5785610492558595, 0.6160438064027383, -1.5776743288945998, -1.2908898037753758, 0.5749719004756548, -3.9396681472958996, 2.998908596411585, -5.066655757860426, 2.0770548722529254], "rss": [0.4022587845241168, 0.4682462347912004, 0.33456032675807773, 0.015409537136953682, 0.7792014055122553, 0.5309358726524832, 0.5280723099680166, 0.6132121307462595, 0.33375991095431473, 0.27423430464515014, 0.4316275309688315, 0.2568644242788767, 0.7556771580755756, 0.6339761513390486, 0.7399331451125415, 0.6121445131065113], "rn16": [0, 0, 0, 0, 0, 0, 0, 0, 0, 0, 0, 0, 0, 0, 0, 0], "pos": [-0.0058, 0.6264]}