{"time": 60237888.0, "tag": 1, "phase": [-4.456132640414475, 0.22945510480006437, -1.1457683082476686, -0.04477802938833397, -3.742145115168128, 4.017348900454248, -1.1231545240162715, -4.638054125865709, 0.5625716024690028, -1.500810173081075, -1.310103467095734, 0.6269843357196022, -3.937640076176032, 2.9467080927859626, -5.1011769624790855, 2.0687443764020905], "rss": [0.3825495485118522, 0.4917844459915864, 0.38907907262439306, 0.01829483567421929, 0.7672654268361278, 0.5149842207120808, 0.5261324089044208, 0.6063319932004365, 0.3398323767326865, 0.30326091947176576, 0.40643789096810434, 0.2697551036125541, 0.708052439225375, 0.6014618500959665, 0.680760746240893, 0.648273319524379], "rn16": [1, 1, 0, 0, 0, 1, 0, 0, 0, 0, 1, 1, 1, 0, 0, 1], "pos": [0.0095, 0.6371]}