{"time": 60237888.0, "tag": 1, "phase": [-4.422321691215715, 0.281785242922056, -1.0859922794416748, -0.23711718659112124, -3.646633916531785, 4.024032661622958, -1.1582451975576367, -4.725165094296496, 0.5659172167252193, -1.3005398024886627, -1.303372657935265, 0.4262482389869311, -3.908378887100439, 2.943279550713921, -5.119298792556259, 2.0616538317544846], "rss": [0.3940678375014163, 0.518313160600752, 0.3513853294934437, 0.015902865000302177, 0.777856440778055, 0.5395053814565811, 0.5312152916106422, 0.5395286989862723, 0.3337333003928581, 0.2940388766344749, 0.4031317222236001, 0.2167366899292034, 0.7397134167076024, 0.6353474612248534, 0.6905110712206223, 0.5861476102869149], "rn16": [0, 0, 0, 0, 0, 0, 0, 0, 0, 0, 0, 0, 0, 0, 0, 0], "pos": [0.0218, 0.647]}