{"time": 60579427.0, "tag": 1, "phase": [-3.60636830633124, -4.969211107115239, 0.4879322062114963, -0.13833970038986676, -3.6328106313795954, -1.5087329418679982, -0.4398950227342011, -3.6869719447841747, -2.876988940467091, 0.4499837989435356, 0.5072738472473636, 3.470961070528844, -3.0894625089728556, -2.116813622093671, -4.238037889267286, -3.0336187822486416], "rss": [0.42897192847984783, 0.4350253532306336, 0.35161650054905336, 0.02182907825524392, 0.765338721365586, 0.5791512873549524, 0.6132130241144073, 0.5436813641785871, 0.12406481424732753, 0.17112941885611016, 0.3832510264672278, 0.12643224557506394, 0.4721723626530874, 0.4292402246264145, 0.5569193142419042, 0.4251435307773305], "rn16": [0, 0, 0, 0, 0, 1, 0, 0, 0, 0, 0, 0, 0, 0, 0, 0], "pos": [0.0561, 0.6706]}