{"time": 60638714.0, "tag": 1, "phase": [-4.7121105417554485, -0.3100099738852755, -1.828036970659431, -0.025934314301792494, 2.3892991514339306, 3.517223091257391, -1.376575542954717, -4.737021424340086, -0.01933788494752342, -2.2054181608322394, -2.216776035710689, -0.4706499618458939, 1.6918719618263225, 2.2648222224975, 0.7189049984835378, 1.4015987551670988], "rss": [0.4325833008250012, 0.5651612367959036, 0.4571359569213553, 0.007653380452371634, 0.513047043340894, 0.2601043281901832, 0.37287778090522994, 0.6194506030302622, 0.4581611036354154, 0.29536334171585366, 0.42169466875530714, 0.1697899500733485, 0.4943755627533442, 0.534771614922993, 0.7418431613596964, 0.5592845793404969], "rn16": [0, 0, 0, 0, 0, 0, 0, 0, 1, 1, 1, 1, 1, 1, 0, 0], "pos": [0.015, 0.6557]}