{"time": 60638714.0, "tag": 1, "phase": [-4.702512783107437, -0.2609849456618427, -1.8123426014254886, 0.296756617598803, -3.8406498852164983, 3.4429236251495317, -1.3603144471022137, -4.766004253825482, -0.028801387411242718, -2.1923926324360763, -2.4309197362049075, -0.19529029215554683, 1.8399797424251365, 2.1397725125396385, 0.7076253057741351, 1.3886766907319317], "rss": [0.4422326293773182, 0.6003413514580052, 0.46228109692176933, 0.009837744217283879, 0.4789359734288076, 0.28835129454926794, 0.3689880648647482, 0.6145471798435221, 0.42078218560030967, 0.26537313026464887, 0.4258747778021186, 0.16403571952067011, 0.687885229082439, 0.3922212028831171, 0.6747675766027216, 0.55465498530176], "rn16": [1, 1, 0, 0, 0, 0, 0, 1, 1, 0, 1, 1, 0, 0, 1, 0], "pos": [0.0098, 0.6671]}