{"time": 60638714.0, "tag": 1, "phase": [-4.679660473074881, -0.32470179510547004, -1.9184428906496895, 0.4014537494999857, 2.34119154650915, 3.4958399314614956, -1.3538703200756708, -4.750646944402211, -0.048822831972168856, -2.27322215828876, -2.4021772992228017, -0.35200364432688946, 1.7344090510926948, 2.2253031423096674, 0.7459669032784371, 1.4463877491176598], "rss": [0.4624797654750908, 0.5669510135075935, 0.3790723954691952, 0.011517938456170648, 0.47548247928304455, 0.2491867255184927, 0.30198476544689995, 0.5618314884047794, 0.43948993390122126, 0.2981459706087297, 0.3555935140165131, 0.17520096874641508, 0.5049073523989539, 0.48309861724322684, 0.7612105561476212, 0.5874049176549024], "rn16": [0, 0, 0, 0, 0, 0, 0, 0, 0, 0, 0, 0, 0, 0, 0, 0], "pos": [0.0015, 0.6754]}