{"time": 60638714.0, "tag": 1, "phase": [-4.746920471076894, -0.28222805059175293, -1.8504367340840888, -0.0022867126767769363, -3.7012411972889105, 3.5065109295319465, -1.2782131984619955, -4.786170412281537, -0.05965168619314909, -2.272396866596401, -2.356807114498091, -0.33810855438537946, 1.7953214822256771, 2.245967439085241, 0.6774571428609519, 1.3104620219716503], "rss": [0.45307942700466586, 0.5836389299015076, 0.4554484884302246, 0.010613143630199603, 0.5229683969540141, 0.2367877792323367, 0.432577303151374, 0.5401347860172377, 0.4146694828703371, 0.24772659628040364, 0.38499125323410033, 0.15747563821758676, 0.6002476870476102, 0.5988387056985092, 0.6467414301917362, 0.49855372942931014], "rn16": [0, 0, 0, 0, 0, 0, 0, 0, 1, 1, 1, 1, 0, 0, 0, 0], "pos": [0.0025, 0.6826]}