{"time": 59931927.0, "tag": 1, "phase": [-1.9263677899609215, -4.077300173765116, 1.5302626175349865, 1.3199351603938263, -2.2548269392959446, -0.38476161887369553, -6.152088341428787, -3.2323540765224372, -2.2713865646416043, 1.611434751440113, 2.3527203744222174, -1.7442886663184995, -0.2934107406541838, 0.10207443028903526, -1.7168945662543638, -0.7464060842738938], "rss": [0.2925889446807757, 0.7827237137271993, 0.8950376519005232, 0.05701372680756386, 1.0879391153100104, 1.1243914315506882, 1.247859244566761, 1.311629894533497, 0.5409544606784691, 0.5203935097540875, 0.7680208504725637, 0.7358757016743398, 0.5994115644863593, 0.6192268674252659, 0.5550820766911744, 0.7189103771198755], "rn16": [0, 0, 0, 1, 1, 0, 0, 1, 0, 0, 0, 1, 0, 0, 0, 0], "pos": [0.075, 0.6933]}