{"time": 60205928.0, "tag": 1, "phase": [-4.424982047150919, -4.496522347756379, 1.387929134765262, -0.4645704386995977, 0.750615331623888, 1.3547180690489258, -4.573118319076218, -5.877022172483127, -4.334961336637939, 1.4033103234845858, 1.9048348182345027, 2.6656381335003325, -3.917741664101681, 1.6379674649950828, -4.816331852683279, 0.916660373345707], "rss": [0.8217039510137597, 1.1215492439470065, 0.6931735717668976, 0.04003046668949213, 0.748443563814515, 0.4442403909331624, 0.7717849617832485, 0.9574596246235283, 0.6888903343667346, 0.8017091456447221, 0.47895974462996344, 0.5958293715199692, 0.5695528523957085, 0.7375154180803996, 0.5825949011186058, 0.6232666959301455], "rn16": [0, 0, 0, 0, 0, 0, 0, 0, 0, 0, 0, 0, 0, 0, 0, 0], "pos": [0.1192, 0.6653]}