{"time": 60205928.0, "tag": 1, "phase": [-4.365703737379956, -4.55015761022386, 1.3176402415868353, -0.4958364346371811, 0.6980872735354938, 1.2810455714322975, -4.54181930162566, -5.874555871697991, -4.230815298433614, 1.2694850872348902, 1.9966332984152428, 2.7513530613159336, -3.669220061168584, 1.6596763365596061, -4.77322751283657, 0.7574084471683147], "rss": [0.8193659016779492, 1.1081635773437188, 0.7833725714852099, 0.04036289131610821, 0.7989486163275302, 0.3977656808867035, 0.7479890828379342, 0.8930603617896344, 0.6503966366730836, 0.703294677950136, 0.4811410397477718, 0.588663452126506, 0.570600648080778, 0.7295322586340616, 0.5512772179312955, 0.7569022092201249], "rn16": [0, 0, 0, 0, 0, 0, 0, 0, 0, 0, 0, 0, 0, 0, 0, 0], "pos": [0.1559, 0.6385]}