{"time": 60205928.0, "tag": 1, "phase": [-4.380919164775573, -4.509967740275646, 1.3454020961596846, -0.4653208355258527, 0.8399424557803113, 1.3059606822090166, -4.505436623295101, -5.904086399932454, -4.251879337922633, 1.3007112521222248, 1.9010739800735066, 2.7658363839665374, -3.697641049460356, 1.5217960183801875, -4.94433443055363, 0.7424719323856475], "rss": [0.7889185894536416, 1.0091899537263562, 0.7292325687061261, 0.04234894823083781, 0.7490623020629948, 0.46867272040358315, 0.7656470384369066, 0.949512922089281, 0.6761016793768404, 0.7728060553629498, 0.5146884925588509, 0.6232177139473236, 0.5277661268364351, 0.8389615314619243, 0.576583400019679, 0.774763744431961], "rn16": [0, 0, 0, 0, 0, 0, 0, 0, 0, 0, 0, 0, 0, 0, 0, 0], "pos": [0.1816, 0.6137]}