{"time": 60523236.0, "tag": 1, "phase": [-4.506606115436368, 0.11871635763111055, 0.1974227201945, 1.6507777298024806, -2.4105835687517643, -0.8751437965723838, -1.2794166451580329, -4.273133700656263, -4.1665417902070425, 0.5770901713072123, 1.6367523458240738, 2.7745965692249195, -0.5285802196214555, -0.28149108469091727, -1.6400051780174147, -1.1622885477075589], "rss": [0.6555751546502825, 0.5834112398045629, 0.6107177596929323, 0.032762998566440646, 0.7620578367175906, 0.7410302901997, 0.7752210624823141, 0.6149953951217796, 0.2904959901856909, 0.4993497340599789, 0.5084886946589169, 0.3007162856185883, 0.6563912751745323, 0.6382759760577092, 0.683507226124431, 0.638634002998943], "rn16": [0, 0, 0, 0, 0, 0, 0, 0, 0, 0, 0, 0, 0, 0, 0, 0], "pos": [0.2197, 0.6162]}