{"time": 60523236.0, "tag": 1, "phase": [-4.486098762759896, 0.0813675946179595, 0.12787750347324398, 1.569071667675133, -2.4140549335828103, -0.8887425982434303, -1.2855069362946068, -4.272247363927547, -4.136614132103445, 0.5807502319080424, 1.6587361684190696, 2.7484584355141584, -0.4651933166671196, -0.29399360408564823, -1.6377632565636404, -1.177683153005904], "rss": [0.6834603081524672, 0.6226968028365637, 0.5560575649133815, 0.0311032333411266, 0.8086509498443095, 0.73390471494307, 0.7967853879814989, 0.6313318691081872, 0.29058851504466054, 0.4989826835205191, 0.5340940044445202, 0.3284292013896056, 0.711567829974606, 0.6230290828994248, 0.6754963034233415, 0.6421900685509043], "rn16": [0, 0, 0, 0, 0, 0, 0, 0, 0, 0, 0, 0, 0, 0, 0, 0], "pos": [0.2515, 0.6184]}