{"time": 60579427.0, "tag": 1, "phase": [-3.9080661889455284, -5.04016827701583, 0.46108000839028235, -0.23113772937657862, -3.3755156467040845, 4.721253816614381, -0.3785102657828796, -3.7689056572075605, -3.0977639491258353, 0.5777909358362632, 0.6558876325504812, 3.525943294710204, -2.956988331410525, -2.0613872600867276, -4.25122421406261, -2.976068934646587], "rss": [0.3794383437768457, 0.31321711528914, 0.3137035644467073, 0.022475971838596842, 0.7211470517095036, 0.5745458774661009, 0.660516468345677, 0.6141268278105517, 0.12744794526878522, 0.2113963690211724, 0.31617932018870415, 0.130294411572844, 0.5130677658671327, 0.42226217454227677, 0.5106683009109394, 0.40647787997809215], "rn16": [0, 0, 0, 0, 0, 0, 0, 0, 0, 0, 0, 0, 0, 0, 0, 0], "pos": [0.07, 0.7024]}