{"time": 60523236.0, "tag": 1, "phase": [-4.53106526913338, 0.11480487265795647, 0.20825374658954254, 1.6482096716897505, -2.4208669084662375, -0.888004507034968, -1.2181836112843858, -4.246609454578085, -4.159244205545609, 0.6288553921422768, 1.6360828865385941, 2.824571229017443, -0.49095121670657194, -0.33604029624498044, -1.6612713780236308, -1.1716682267632077], "rss": [0.6068917759782617, 0.5525708671504184, 0.560199504513931, 0.032463339368636476, 0.8121886875030868, 0.7212010229688918, 0.741276832349104, 0.6280540466457747, 0.3011062385530402, 0.4684095672047286, 0.5302856881405357, 0.3582758380832045, 0.6723328810235819, 0.6252134690902482, 0.6608280625485595, 0.6340040681359423], "rn16": [0, 0, 0, 0, 0, 0, 0, 0, 0, 0, 0, 0, 0, 0, 0, 0], "pos": [0.2756, 0.6206]}