{"time": 59780657.0, "tag": 1, "phase": [-4.196964907024448, -5.729289815080414, -0.7886578578923327, -0.2072961882053339, -3.635433679440814, 4.21759341564216, -1.0936894958682146, -4.518669479761636, 0.9985689844400878, -1.0927842308422124, -0.9348977342595496, 0.9721321221195589, -3.677337607862928, -3.0657759064761985, -4.845106618860813, -3.905149631969386], "rss": [0.3549578774157306, 0.47360867535578965, 0.33977353452705267, 0.01800926236535704, 0.7811038652072979, 0.5594183528080477, 0.5304225905405009, 0.58850798886987, 0.27406453658371854, 0.23648598112170915, 0.3718007197624111, 0.24168099538718435, 0.691605252218231, 0.5981977723049515, 0.6576582982830484, 0.5973922862771864], "rn16": [0, 0, 0, 0, 0, 0, 0, 0, 0, 0, 0, 0, 0, 0, 0, 0], "pos": [0.2373, 0.6334]}