{"time": 59780657.0, "tag": 1, "phase": [-4.2457593545718675, -5.81669794087267, -0.7270539105864047, -0.20076276801545, -3.6772039739099434, 4.218225247735205, -0.9595477627354616, -4.606093999049117, 0.9992269313094515, -1.0569363687664228, -0.9157339687296727, 0.8935426836548408, -3.732596371782107, -3.097258512226728, -4.850499226480151, -3.943567503129249], "rss": [0.345458842198575, 0.4603300155945262, 0.3206723523494951, 0.018729706196335783, 0.7767989517169381, 0.5523512382402728, 0.5941752103742872, 0.568050449957656, 0.2457856074776781, 0.21706874046426194, 0.3703784967485523, 0.21831749044065954, 0.6341629848877873, 0.6036415753177186, 0.6823821587287798, 0.5534755211131691], "rn16": [0, 0, 0, 0, 0, 0, 0, 1, 0, 0, 0, 0, 0, 0, 0, 0], "pos": [0.2056, 0.6469]}