{"time": 59780657.0, "tag": 1, "phase": [-4.403430133060558, -5.84284759412988, -0.7236834381241378, -0.28242357038902854, -3.6515335175111185, 4.266489582495111, -1.0381768371315125, -4.35150204229758, 0.9582868104395592, -1.0430400231265184, -0.8252083396767304, 0.8589379367822052, -3.6882246630066176, -3.0855102505316885, -4.875561553524216, -3.9287706611508613], "rss": [0.3445978318569653, 0.460078273858914, 0.3006864315694337, 0.019223465913901082, 0.7530880715193229, 0.5377701406485877, 0.5313888031966968, 0.687063993598242, 0.27226995922328856, 0.21570006836252414, 0.425827786888331, 0.20639021559879822, 0.6811703243929564, 0.5983379420905179, 0.6210214360024847, 0.6246451294965115], "rn16": [0, 0, 0, 0, 0, 0, 0, 0, 0, 0, 0, 0, 0, 0, 0, 0], "pos": [0.1794, 0.6577]}