{"time": 60417984.0, "tag": 1, "phase": [0.025998784111638695, -1.401529320665415, -1.4061658327789615, 0.6255450739175827, -3.036321346579037, 4.416561638285336, -2.2498741269152354, -4.890519935627351, 0.914021547247557, -1.0256713747033033, 0.321356231439044, 1.557396608770631, -1.0740621544441178, -0.8341020367329245, -2.27444542121474, -1.6844067400631713], "rss": [0.5491811197358746, 0.3991311587461075, 0.5078991906108088, 0.04826144597693008, 0.9605669469287739, 0.8421498744664894, 0.46105670215642214, 0.689592300159886, 0.33143367942982865, 0.41843407865259197, 0.5547126182427172, 0.4199520984170885, 0.6459822507895023, 0.6683328696544394, 0.6959954294421221, 0.6135533336521438], "rn16": [0, 0, 0, 0, 0, 0, 0, 0, 0, 0, 0, 0, 0, 0, 0, 0], "pos": [0.2236, 0.65]}