{"time": 60417984.0, "tag": 1, "phase": [0.123668831771782, -1.3997456678612472, -1.3549685754802308, 0.9022220127805913, -3.136703299673885, 4.540702720740072, -2.4776643108663836, -4.794146110326357, 0.9162183869857308, -1.2026258620312327, 0.21385389697928103, 1.2865195663296736, -1.224377017650439, -0.9242381018126419, -2.2840385720848784, -1.794738807901226], "rss": [0.5895072744375863, 0.4189776910759487, 0.5207872062571304, 0.046908113494571455, 0.994174411998222, 0.7868321171196949, 0.5382453785351579, 0.6443617125596413, 0.3401207391381451, 0.4516245655749603, 0.5227813167641157, 0.38897412796139513, 0.6868959247359399, 0.65456150799984, 0.6772452387734169, 0.6408320251236761], "rn16": [0, 0, 0, 0, 0, 0, 0, 0, 0, 0, 0, 0, 0, 0, 0, 0], "pos": [0.2557, 0.6433]}