{"time": 60417984.0, "tag": 1, "phase": [0.10084196402537504, -1.4635147791807264, -1.4250906654974769, 0.8059772736191095, -3.0192545347700586, 4.473889782921028, -2.5562135035655746, -4.702912369862079, -5.272690164537261, -1.1334093874522537, 0.16717605808104496, 1.326647261359636, -1.0426399505885477, -0.9151200131827761, -2.2729819784880045, -1.6859144085776556], "rss": [0.5854405078911882, 0.4588601820165768, 0.5144852019449375, 0.0466774162809154, 0.9396544853129796, 0.7710721583530158, 0.5145847159072306, 0.6768254462078366, 0.33753573710346035, 0.45407735121629594, 0.6005493920963305, 0.40533957723488007, 0.655698260325642, 0.6461839710484398, 0.6605000126175534, 0.6103904837872511], "rn16": [0, 0, 0, 0, 0, 0, 0, 0, 0, 0, 0, 0, 0, 0, 0, 0], "pos": [0.2842, 0.6353]}