{"time": 60417984.0, "tag": 1, "phase": [-0.021828183712431226, -1.459478033004783, -1.538014977802415, 0.7884128802078041, -3.0596895540175066, 4.593408823092957, -2.435859716011005, -4.947347472041536, -5.190829098940037, -1.2736786504739424, 0.1276683603800592, 1.5246774087052206, -1.212306794433794, -0.9433385612927044, -2.33317713429271, -1.9157742936707232], "rss": [0.5583027438431483, 0.4265969434177097, 0.5235951272403114, 0.046645103947934356, 0.9505919003370248, 0.7552856602932365, 0.545292071567858, 0.6735431871488401, 0.3100596906781671, 0.526343425702185, 0.6647314096812279, 0.4438110165588505, 0.6875496793533479, 0.608358127674991, 0.6920832614048716, 0.5774933842017703], "rn16": [0, 0, 0, 0, 0, 0, 0, 0, 0, 0, 0, 0, 0, 0, 0, 0], "pos": [0.3049, 0.6283]}