{"time": 60086347.0, "tag": 1, "phase": [0.0937889362926807, -1.0844352962941952, -2.8880785912603018, 5.507166154458476, 1.1697321009984276, 2.3243040892946416, -2.384162513781387, -5.346881144153303, -1.9818618524091147, -3.288380619019721, 2.5786481676826325, 3.9110699314973827, 0.5480822289507319, 1.0467052575399787, -0.7049928657986819, 0.040518986650475375], "rss": [0.4642174248445646, 0.6252432799078991, 1.0170038737367708, 0.01339941688426184, 1.244877623520722, 1.0982818914454544, 0.8741294616053391, 0.8321461068397418, 0.5035717457047115, 0.8858525146374839, 0.7837922879242643, 0.7508762002952607, 0.9764634660875767, 1.0730338476192736, 0.9179231927529574, 0.9851189121854858], "rn16": [0, 0, 0, 0, 0, 0, 0, 0, 0, 0, 0, 0, 0, 0, 0, 0], "pos": [0.2215, 0.6397]}