{"time": 60086347.0, "tag": 1, "phase": [0.14864240032684073, -0.847267547777244, -2.976156361985252, -0.29421755915045145, 0.9831428022479011, 2.400030744763038, -2.625273373925793, -5.493823513312792, -1.9707836630320161, -3.537613207645972, 2.758699306958926, 3.8441706992863436, 0.2677402138083238, 0.8410857500202265, -0.7269172735392773, 0.1839178993556243], "rss": [0.5301154945541485, 0.5827872686691988, 0.9779551217124249, 0.014946345359534825, 1.3416263256508199, 1.2514354894065574, 0.7692185163132437, 0.7335818370612681, 0.5170988104344866, 0.8599930042173495, 0.8171214978866467, 0.7614321746727742, 0.8309760832845096, 1.1231457021843976, 0.9429495400446415, 1.0303525623632341], "rn16": [0, 0, 1, 0, 0, 0, 0, 0, 0, 0, 1, 1, 0, 0, 0, 1], "pos": [0.1496, 0.6532]}