{"time": 60579427.0, "tag": 1, "phase": [-3.832884522837159, -4.866029864464649, 0.20654081266891455, -0.09332827128227494, -3.3654766548157733, 4.670144589272309, -0.5568167348088884, -3.7728332012004957, -3.2630937583571784, 0.8682799965435952, 0.5809413426419218, 3.073084073022085, -3.10773745618423, -2.3193990497045185, -4.157363815828022, -3.045736937312724], "rss": [0.31221060043663473, 0.40385376589931066, 0.33136786344320346, 0.024134077360109953, 0.6861658159980798, 0.6116432911806684, 0.5626318721061409, 0.6556451157198016, 0.08465002827102995, 0.2603519192102207, 0.3563815370878351, 0.12229697705680853, 0.47860098904742976, 0.4642697541868329, 0.6219747380405865, 0.41321371543527796], "rn16": [0, 0, 0, 0, 0, 0, 0, 0, 0, 0, 0, 0, 0, 0, 0, 0], "pos": [0.0811, 0.732]}