{"time": 60086347.0, "tag": 1, "phase": [0.0018851814889400131, -0.8210525162509992, -2.939729880102989, -0.13325638329546763, 1.1197941852792108, 2.374114416871694, -2.427320613018577, -5.337090513791241, -2.282309721732165, -3.5208213457572866, 2.77921447688449, 3.803064785572127, 0.45239120716647574, 0.8817353435870017, -0.7249133063399626, -0.07014620103741276], "rss": [0.4474352020055921, 0.5694468422717746, 1.1513572191498018, 0.018015627486785386, 1.4106852376159618, 1.1411415659458044, 0.9458171143007869, 0.8348972355082599, 0.48721312644030357, 0.850882466737629, 0.5441809134950357, 0.734437823123, 0.9114143335911694, 1.0373513552934621, 0.9446229914128603, 0.8656646812971507], "rn16": [0, 0, 0, 0, 0, 0, 0, 0, 0, 0, 0, 0, 0, 0, 0, 0], "pos": [0.0859, 0.6644]}