{"time": 60355830.0, "tag": 1, "phase": [-4.564284825238956, -4.898584700923262, -0.39857615509079686, 4.358712491278447, -0.6689021691210376, -0.5688427798479136, -5.408787256673852, -0.2984078429882939, -0.7357840066680685, -1.234297836277609, -1.64647993217672, -1.1774488320730816, -1.492462378761032, -2.479185815144243, -2.6172113779519792, -3.293480468186276], "rss": [0.5812359744759061, 0.587986674592712, 0.7104659446472332, 0.01434580475238888, 0.951773507085357, 1.1209598261739901, 0.5177094777695029, 0.5249461141995724, 0.7526899164927351, 1.1115843411741824, 1.1144184176803889, 0.804625729872098, 0.8771238541815309, 0.7218260756638564, 0.8457051545610226, 0.7106171558782731], "rn16": [0, 0, 0, 0, 0, 0, 0, 0, 0, 0, 1, 0, 0, 0, 0, 0], "pos": [0.0474, 0.6457]}