{"time": 60355830.0, "tag": 1, "phase": [-4.570842047783373, -4.847536069310841, -0.4439189013415177, 4.480602922688365, -0.6250871603778416, -0.6279069881039445, -5.404382754075549, -0.3446529290478355, -0.7036144784689047, -1.2575512569591554, -1.635326609095811, -1.2963315548558079, -1.4882347124314328, -2.541513019465654, -2.604809766773867, -3.3315968001654586], "rss": [0.6217734706649364, 0.5392090550627252, 0.7419105761125998, 0.00976238622300045, 0.8713398553587538, 1.036661937761036, 0.4966812933650401, 0.4949147204695604, 0.7029570431727301, 1.0451428551644717, 1.1359246161957908, 0.7662794658422293, 0.8904805755590101, 0.6562104973764115, 0.8451971537854206, 0.6947986831341896], "rn16": [1, 0, 1, 0, 1, 0, 1, 0, 1, 0, 1, 0, 0, 0, 0, 0], "pos": [0.0172, 0.6287]}