{"time": 59757067.0, "tag": 1, "phase": [-4.933142629246331, -4.894443909290853, -0.23714098575226175, 4.6413970061330865, -0.2826507251723556, -0.420324746050033, -5.29745621823227, -0.09896554714107886, -0.34704934447353186, -1.0451757377075768, -1.181768760742445, -0.8622087581634688, -0.9125410855223397, -1.8599930164723175, -2.0194170985638946, -2.714956753434597], "rss": [0.6797919052265751, 0.5760179486964515, 0.5911559923043536, 0.012116530173327186, 0.7690765978140894, 0.8537623039651144, 0.40365366261051344, 0.39680014251795265, 0.5819135896959863, 0.860210522816165, 0.937790049236605, 0.757683653920466, 0.607450295406034, 0.6631208429576005, 0.5651829091234779, 0.6154480367605539], "rn16": [0, 0, 0, 0, 0, 0, 0, 0, 0, 0, 0, 0, 0, 0, 0, 0], "pos": [0.0066, 0.6093]}