{"time": 59757067.0, "tag": 1, "phase": [-4.844283463848058, -4.907875961816094, -0.2770900099997606, 4.623610702829843, -0.3666536163190245, -0.4160675894666592, -5.183993490566275, -0.02288402807789547, -0.3813740797487122, -1.0136005727063777, -1.1645958262727634, -0.7200452856056778, -0.8821798949977842, -1.901947859651716, -2.024611012474388, -2.7475563958362126], "rss": [0.7381283387760623, 0.6105724563025133, 0.5998992953601954, 0.010961563250774284, 0.7430129295062099, 0.8654427644560434, 0.42094847978709327, 0.41071468957882773, 0.5713576457916965, 0.8447698238147463, 0.9802155569011808, 0.8068385804889683, 0.5868399684782845, 0.6648593212086755, 0.609609797742752, 0.6251130625105096], "rn16": [1, 1, 0, 0, 0, 1, 0, 0, 0, 1, 1, 0, 0, 0, 1, 1], "pos": [-0.0046, 0.5919]}