{"time": 59757067.0, "tag": 1, "phase": [-4.960613141884223, -4.9044707075117415, -0.29514465470718027, 4.626130908696101, -0.3732015777976081, -0.36816219931785743, -5.1807962243042045, -0.09633589720054081, -0.38366549645329195, -1.0681838116607523, -1.2177691564037154, -0.778136399692249, -0.8908024386699863, -1.8367443947192477, -2.0526752382161133, -2.708912152269026], "rss": [0.6873158284604708, 0.5739348163311159, 0.6101292709876109, 0.010596626578051922, 0.7580563168321685, 0.9189627208988448, 0.4331766891348626, 0.4067634603374164, 0.5658047011014387, 0.8199215685936395, 0.9195667883098932, 0.769248492652084, 0.6190591610660123, 0.6655627935325023, 0.5805451467384095, 0.6063056638707636], "rn16": [0, 0, 0, 0, 0, 0, 0, 0, 0, 0, 0, 0, 0, 0, 0, 0], "pos": [-0.0139, 0.5753]}