{"time": 59958323.0, "tag": 1, "phase": [-4.870472424578169, -4.810102933779996, -0.11948844552048855, 4.8475864462264, 0.0014383636452142134, -0.10816098785329653, -4.862562169655257, 0.04183597797322891, 0.14193925282742814, -0.6492176549409621, -0.7407301835306416, -0.4086538997118663, -0.401455172615065, -1.3358767191602978, -1.519952460637525, -2.2499818246128003], "rss": [0.7612111213525096, 0.7219260635146048, 0.6463030898315638, 0.014510747212160906, 0.7208802601613161, 0.8477332687769324, 0.4869164325454351, 0.4415139761634001, 0.6061733113358695, 0.7137101838453691, 0.8685111306905858, 0.7438403140186775, 0.5778933010172632, 0.6191638764840175, 0.5219137371999198, 0.6152852670607626], "rn16": [0, 0, 0, 0, 0, 1, 1, 0, 0, 0, 0, 0, 0, 0, 1, 0], "pos": [-0.0091, 0.5586]}