{"time": 59958323.0, "tag": 1, "phase": [-4.9807455453231055, -4.774349355737426, -0.05157118138976129, 5.048191734676503, -0.0106572136787354, -0.09167055953099967, -4.830688813295447, -0.04988831847393005, 0.13013495983697654, -0.7615615500055319, -0.8276964707708911, -0.3888129495035564, -0.3831129786457378, -1.3800475310454858, -1.5079065121360138, -2.28744004367282], "rss": [0.7961119073728355, 0.72484575140045, 0.6020460611495784, 0.01330461466762734, 0.7151200808649665, 0.8536125860567644, 0.44698626963227095, 0.4412605251441522, 0.5798447239287328, 0.7056911765144029, 0.8092650519797352, 0.7654276801789371, 0.5375724127123026, 0.6268122195411379, 0.5187259826803094, 0.6167349760597896], "rn16": [0, 0, 0, 0, 0, 0, 0, 0, 0, 0, 0, 0, 0, 0, 0, 0], "pos": [-0.0053, 0.5431]}