{"time": 59958323.0, "tag": 1, "phase": [-4.898877075095763, -4.748943536508812, -0.03745401194250094, 5.152256042663348, -0.04941386711899687, 0.0186233323429279, -4.841033663710595, -0.12949897450874515, 0.14488606381967273, -0.6816217027355821, -0.7045333004400086, -0.39256877516239674, -0.29401796049229056, -1.3448519119213063, -1.5559364649876044, -2.3299322655732135], "rss": [0.795829941347335, 0.724781593677929, 0.6151993603671004, 0.012506830279403598, 0.7421681345144979, 0.7681313085625759, 0.4683658536852398, 0.4555161442484065, 0.575991958080015, 0.6906860738935304, 0.864079623010665, 0.764307487281004, 0.5117710767822821, 0.6122384010234636, 0.5696847637677063, 0.6215019172751411], "rn16": [0, 0, 0, 0, 0, 0, 0, 0, 0, 0, 0, 0, 0, 0, 0, 0], "pos": [-0.0023, 0.5286]}