{"time": 60055506.0, "tag": 1, "phase": [-4.067998055346755, -4.8865292184324955, -0.2972127404037309, 4.709635817376431, -0.6564854427756119, -0.5380716082585721, -5.334891208476136, -0.46785216278246367, -0.6542924299701527, -1.215882559044132, -1.7624194451977035, -1.3013525026296402, -1.7116223953388272, -2.6737290635067157, -2.8364630052852964, -3.5785136949973895], "rss": [0.7461092906985838, 0.8498824624648232, 1.0369194335571432, 0.014023039001555793, 1.0789353653107892, 1.3008192427424092, 0.6426672585848342, 0.6728333595775315, 0.9835492352854833, 1.347429920791248, 1.3322248930876441, 0.9776893220854296, 1.2122082084191832, 0.9958506400131599, 1.2001023972395592, 0.9377502650941447], "rn16": [0, 1, 1, 0, 0, 0, 0, 0, 0, 0, 0, 0, 0, 0, 0, 0], "pos": [-0.0277, 0.5215]}