{"time": 60579427.0, "tag": 1, "phase": [-4.152467979810084, -5.241877544359504, 0.46092739886220513, -0.14267730265787293, -3.5637818110270154, 4.705303297414549, -0.4845011080357353, -3.8253877790698523, -3.0479854101690274, 0.5488660199060769, 0.7688782489737268, 3.005751608991977, -3.1218650787195132, -2.3115646880991267, -4.259082018451355, -3.1374172843944885], "rss": [0.3725158296132821, 0.30307893719758494, 0.2910624543013085, 0.02565919266251131, 0.7145648026083248, 0.5894117459880598, 0.5082448352687854, 0.5873590364065698, 0.09780144408715255, 0.2457943064130052, 0.2644325768903342, 0.1152352741048953, 0.5875091215794876, 0.47749411241879647, 0.5503142333336031, 0.414892083724899], "rn16": [0, 0, 0, 0, 1, 0, 1, 0, 0, 1, 0, 1, 1, 1, 0, 1], "pos": [0.0849, 0.764]}