{"time": 60055506.0, "tag": 1, "phase": [-4.055589853204019, -4.892880234326734, -0.3472948835902643, 4.3722337749080875, -0.6887549579314657, -0.5701935843724832, -5.292275854510527, -0.4983467885710011, -0.6454979622396075, -1.2407048972152344, -1.7393601515187307, -1.282265896152833, -1.6979191511517706, -2.72500274523077, -2.8245638390304806, -3.6058310924370147], "rss": [0.6832760584138989, 0.8850742481132028, 0.9421188716667366, 0.017907063027790226, 1.1921643437869713, 1.3722910801698371, 0.6041499921241856, 0.6597390004416611, 0.9977683349332741, 1.3804963823386107, 1.426229220435785, 0.9832612201728792, 1.22300067262074, 0.9682690453775363, 1.2213923271927531, 1.037090500078498], "rn16": [0, 0, 0, 0, 0, 0, 0, 0, 1, 0, 0, 1, 1, 1, 1, 1], "pos": [-0.0513, 0.5155]}