{"time": 59820430.0, "tag": 1, "phase": [0.723937023820171, -0.6656800365550781, -0.7945760333150764, 1.2454268976023288, -2.7657139439037164, -1.4245156495632891, -1.8331515850468383, -4.511776835784232, -4.670093048915151, -0.41482612400278285, 0.816576123693697, 2.0510302331679386, -0.8036632450570916, -0.5286399669596585, -1.9860727760667267, -1.4248935710100226], "rss": [0.5517376295464644, 0.49020203293333514, 0.5596026820964591, 0.04644391188430203, 1.060607192518015, 0.8336060431404447, 0.6206048392479133, 0.7548515010282016, 0.3269324126199072, 0.46747177396391004, 0.6020526957942761, 0.4151001739171499, 0.7322616414140738, 0.5852971772034091, 0.7312290554539369, 0.5674868755512757], "rn16": [0, 0, 0, 0, 0, 0, 0, 0, 0, 0, 0, 0, 0, 0, 0, 0], "pos": [0.0238, 0.5147]}