{"time": 59820430.0, "tag": 1, "phase": [-5.400609890898613, -0.6763539295163894, -0.750181356262254, 1.263767855007004, -2.7847648480222884, -1.4140563780452344, -1.9823674652083798, -4.508814363081111, -4.709579477346027, -0.36775921393472877, 0.8397041987513993, 2.141516037770867, -0.8670864800812224, -0.5386664704616342, -1.9499846359797748, -1.4149082741020547], "rss": [0.5826500800620478, 0.48469855996075756, 0.6427791763239092, 0.0444214809302855, 1.0301123761287077, 0.8874238128187901, 0.684596691185974, 0.7403596129057766, 0.33440026020131236, 0.48128787002906587, 0.6591046292891967, 0.40465578392894813, 0.7252418051098787, 0.5868064186034002, 0.7072974556016552, 0.6305171691187401], "rn16": [0, 0, 0, 0, 0, 0, 0, 0, 0, 0, 0, 0, 0, 0, 0, 0], "pos": [0.0963, 0.5197]}