{"time": 59820430.0, "tag": 1, "phase": [0.8242978115082198, -0.6769246117290644, -0.7899245567757032, 1.275737243783518, -2.731087331576661, -1.372071864746559, -1.9343491727914988, -4.5038675103342065, -4.684733610342814, -0.4043114861431798, 0.8104522259368453, 2.0081372734663656, -0.8104387339538541, -0.6019350476964973, -1.9836422780601142, -1.350189486515021], "rss": [0.5923857892221336, 0.4521216186876643, 0.582897370853972, 0.04345472498273097, 0.9849834340998967, 0.836525809525403, 0.7057172686371347, 0.7363110195325859, 0.3331082535976253, 0.5003369103952219, 0.6029994700880332, 0.3856089999146369, 0.7355805456941806, 0.6053838590143975, 0.728609389129507, 0.5965719577961333], "rn16": [0, 0, 0, 0, 0, 0, 0, 0, 0, 0, 0, 0, 0, 0, 0, 0], "pos": [0.1544, 0.5244]}