{"time": 60105618.0, "tag": 1, "phase": [-4.6262390068450525, -4.553982296434637, 1.3030466531124236, -0.49071763985641104, 0.840113298209077, 1.0950497695610735, -4.7811725116926596, -5.980968785103974, -4.385021975691557, 1.1355776425645019, 1.765528804346469, 2.4635717365639325, -4.040625093660349, 1.4352637324727298, -5.112686428926581, 0.6423445837238195], "rss": [0.9253502681537028, 1.0144402698239743, 0.7184924870558873, 0.03684599341970635, 0.7832775112182574, 0.46457830148133666, 0.7748362931649684, 0.8428947203339224, 0.6276798624629837, 0.7529832646760053, 0.5664712168871453, 0.5448121871207665, 0.5518868377577972, 0.7355224868411839, 0.5117491984119106, 0.67498340390104], "rn16": [0, 0, 0, 0, 0, 0, 0, 0, 0, 0, 0, 0, 0, 0, 0, 0], "pos": [0.1784, 0.508]}