{"time": 60105618.0, "tag": 1, "phase": [-4.555800387201984, -4.534655278121652, 1.2406273436446957, -0.4733134462612427, 0.7021181544661333, 1.113979019338911, -4.6927690326474, -5.95821477219468, -4.442680643481042, 1.1259147245020775, 1.7594575664186514, 2.612052712432609, -3.866576682643044, 1.4673955168803918, -5.001531686973704, 0.6497291255100022], "rss": [0.8425708942355388, 0.9945512361768487, 0.755035752963165, 0.036643544341057877, 0.8195447227351693, 0.47844776180456206, 0.7860229236795943, 0.9088396569516488, 0.6580923805355863, 0.780846042160493, 0.5520758467882391, 0.582437282585399, 0.5200846962488687, 0.7253714103477037, 0.546395743685665, 0.679785654239409], "rn16": [0, 0, 0, 1, 0, 0, 0, 0, 1, 1, 0, 0, 1, 1, 0, 0], "pos": [0.199, 0.4923]}