{"time": 60105618.0, "tag": 1, "phase": [-4.576404535636536, -4.496929745337156, 1.3724826683152382, -0.5635071607118465, 0.7914049479886115, 1.2005822470927556, -4.651578955124293, -6.066505593086182, -4.333411781041907, 1.2293348087371594, 1.819548473825905, 2.436908749681029, -3.9735716078633905, 1.3668740905697458, -5.146975706659211, 0.5795463907306375], "rss": [0.9669638068385001, 1.003030673527842, 0.6879346068205648, 0.04058497730039438, 0.794362667501914, 0.4437678938881406, 0.8077354738861056, 0.951299755768145, 0.6247173234163801, 0.723121243721763, 0.5727358015627145, 0.586964385426355, 0.5234673054123192, 0.7805162854137075, 0.5240257907740826, 0.7522093993943222], "rn16": [0, 0, 0, 0, 0, 0, 0, 0, 0, 0, 0, 0, 0, 0, 0, 0], "pos": [0.2141, 0.4782]}