{"time": 60105618.0, "tag": 1, "phase": [-4.507308198250695, -4.370877932208126, 1.1507665648199084, -0.5347868396674604, 0.6684524954712329, 1.1507280267275535, -4.5924443930377645, -6.1023848021621845, -4.318843652111639, 1.1543637027261282, 1.6835228045041122, 2.5258004917159163, -3.798730878696736, 1.450042171787946, -5.185467656872957, 0.6143674326376205], "rss": [0.8435172617405052, 0.9716149784917854, 0.8016813614539159, 0.03657857811327531, 0.8338878097544105, 0.43736458424056696, 0.7840788687970445, 0.9246081248857688, 0.6233949770197897, 0.742999246795534, 0.5908758036717761, 0.5398513354389849, 0.5365365479272455, 0.7323593322433649, 0.5203410315091672, 0.6895063789485263], "rn16": [0, 0, 0, 0, 0, 0, 0, 0, 0, 0, 0, 0, 0, 0, 0, 0], "pos": [0.2314, 0.4644]}