{"time": 60242022.0, "tag": 1, "phase": [0.45226657985061447, -0.7944838799047644, -2.9289926094707797, -0.6051577602357985, 0.9287617169174128, 2.2003235108351378, -2.680006094180089, -5.443409129982205, -1.6074224944717084, -3.536555391093742, 2.725168188656674, 3.911826057446833, 0.754638816190621, 1.1913074072737342, -0.5051747482999509, 0.08482390008425833], "rss": [0.350094348573907, 0.6852014145476739, 0.8861575907732779, 0.011001773721852423, 1.0300093018001726, 0.9216248017204899, 0.5266521923041976, 0.5886814650076925, 0.4336493654618382, 0.7294997280615254, 0.6677099650212194, 0.5554835527551563, 0.7824297440664254, 0.9489120572999339, 0.7465624181735051, 0.8756277422942407], "rn16": [0, 0, 0, 0, 0, 0, 0, 0, 0, 0, 0, 0, 0, 0, 0, 0], "pos": [0.1548, 0.4913]}