{"time": 60506871.0, "tag": 1, "phase": [-3.8641113610780007, -4.224521311890594, 1.7209308551525035, -0.22017501999850797, 0.9522193279249845, 1.9998938720764567, -4.236567688872303, -5.504171421051015, -3.6483624418938367, -4.286068003615333, 3.1452247073975883, 3.651328254796061, -3.0508777299048173, 2.205878553162914, -4.21658536645886, 1.3232103369480088], "rss": [0.9257663524459278, 1.3991796315205274, 0.8616383576305736, 0.0353235253138365, 0.5285068209804362, 0.39390740387043655, 0.907632067564007, 1.2296702773984343, 0.8595668713494331, 0.7420750970070543, 0.30177269596681405, 0.7353988072431377, 0.5038386323513193, 0.7595904340828351, 0.638467048224479, 0.7337810119225755], "rn16": [0, 0, 0, 0, 1, 0, 0, 1, 0, 0, 0, 0, 0, 0, 0, 0], "pos": [0.1347, 0.7327]}