{"time": 60242022.0, "tag": 1, "phase": [0.5011533797240593, -0.9730064908429521, -2.9329649545236482, -0.6038562278888646, 0.834048355614241, 2.156053897419477, -2.373077956679923, -5.488347789660889, -1.786176785589634, -3.4599212282845055, 2.6908441696948557, 3.9793402672988845, 0.6426602715666723, 1.034914853121866, -0.5303515424426808, 0.33719959342023476], "rss": [0.42385005632442524, 0.6813615189422713, 0.8812562572061448, 0.012291987112539851, 0.9126605151495112, 0.8585082750452301, 0.5669373517202586, 0.5614548942782851, 0.39374099816962416, 0.7388540841731037, 0.7596279661623414, 0.5922632600342875, 0.7519146088603951, 0.9036651019746803, 0.7571781091955752, 0.935385629481849], "rn16": [1, 0, 0, 0, 0, 1, 1, 1, 0, 0, 1, 1, 1, 0, 0, 0], "pos": [0.0962, 0.5149]}