{"time": 60242022.0, "tag": 1, "phase": [0.38096830162315376, -0.9894533729125563, -2.9219078846393542, -0.7169704767849461, 0.923638205598524, 2.137222960190458, -2.4948442461785403, -5.1400825616808845, -1.6924409492827126, -3.4838960400943595, 2.7660484343278817, 3.8908837174607247, 0.6520964617458844, 1.2100484381804966, -0.5034879979627174, 0.10914159057625983], "rss": [0.410888002621512, 0.6620582900933347, 0.8687389024602773, 0.01217084478342924, 0.9728997822876342, 0.886838198463061, 0.6154114083556167, 0.7548726274104705, 0.4049876506059191, 0.7851937301727843, 0.7464051967802235, 0.5534788017680142, 0.7230673121003042, 0.9375092621839122, 0.7324930685569108, 0.8708572718045126], "rn16": [0, 0, 0, 0, 0, 0, 0, 0, 0, 0, 0, 0, 0, 0, 0, 0], "pos": [0.0473, 0.5365]}