{"time": 60094069.0, "tag": 1, "phase": [-2.9105647376907102, -4.024884451477441, 0.2671850864290383, 4.64465982477606, -0.18614129461936346, 0.10625979510934225, -4.58637662896888, -0.3656909412180598, 0.3114474833205718, -0.5304283010335239, -1.2062085182249038, -0.5880623729071994, -1.5713448451165226, -2.1601616454711507, -2.7067115220134657, -3.051155651604451], "rss": [0.7253179758608683, 0.8375075977007898, 1.0602817522680268, 0.031173168396056362, 1.2901483732662493, 1.5212158980868682, 0.9642909531730957, 1.0734938208643299, 1.1566342024767484, 1.429137794104757, 1.6080012016990985, 1.247985566670429, 1.7209823374920372, 1.462996055939519, 1.7497641425127501, 1.3691029160889703], "rn16": [0, 0, 0, 1, 1, 0, 0, 1, 1, 0, 1, 0, 0, 0, 0, 0], "pos": [-0.0043, 0.5374]}