{"time": 60094069.0, "tag": 1, "phase": [-2.779238019445566, -4.125269321066185, 0.2784556666684136, 4.605331381068746, -0.15644341510589188, 0.2121707124505945, -4.638671983660935, -0.29575969714354944, 0.2431699617006884, -0.6049267424954582, -1.2008125680102668, -0.5640453415409119, -1.6148376012169898, -2.270254612334626, -2.7390248262330963, -3.069937395075277], "rss": [0.7879632135771834, 0.832534256537419, 0.9828509000742973, 0.026026365743470014, 1.3326968177410576, 1.6154093359699901, 0.8921655499288367, 1.0976587932957194, 1.0978596550883528, 1.3716709067143338, 1.6365478463430028, 1.2473476142280335, 1.6668562466482841, 1.3993564140635253, 1.6776576457254757, 1.4765465544347274], "rn16": [0, 0, 0, 1, 0, 0, 0, 0, 0, 0, 0, 0, 1, 1, 0, 0], "pos": [-0.049, 0.5392]}