{"time": 60094069.0, "tag": 1, "phase": [-2.876851560130452, -4.132833692873611, 0.41400749268871945, 4.615398956031585, -0.15563491586263545, 0.08391666660519892, -4.56416661929736, -0.3950620295706333, 0.31720338897779987, -0.5865651179146454, -1.1217677275455233, -0.5836116167836691, -1.5844212251195378, -2.2040432500759857, -2.7118644135407006, -3.047899557731122], "rss": [0.7404150517734425, 0.8095931747586358, 1.0992820637137475, 0.02353892696446723, 1.3315190898776723, 1.4519737942618154, 0.9060866922548192, 1.0137368179925699, 1.1534988754435713, 1.4003558205030397, 1.7125365253786442, 1.221867237188311, 1.7279799340033655, 1.3842031597871203, 1.7030675203433567, 1.4817730939295402], "rn16": [0, 0, 0, 0, 0, 0, 0, 0, 0, 0, 0, 0, 0, 0, 0, 0], "pos": [-0.0813, 0.54]}