{"time": 60094069.0, "tag": 1, "phase": [-2.893008067365182, -4.093266008351648, 0.2568852960880743, 4.4546560846230765, -0.2283792522882075, 0.15329009393398985, -4.526943041459585, -0.24872675389639243, 0.29419951551845536, -0.5888069731235638, -1.1993469920641018, -0.6322075778697789, -1.6193573287901857, -2.1858916469846297, -2.793306715245465, -3.0286514922506633], "rss": [0.7367093207765595, 0.826849141234489, 0.9988954152644021, 0.025125578623034644, 1.330190213223101, 1.5758110002841215, 0.9887560765698141, 1.104932166462309, 1.1327350095877704, 1.360421971940666, 1.658041808179619, 1.2119845426219809, 1.683020752938795, 1.4803333739805373, 1.6406312727758303, 1.47841147327524], "rn16": [0, 0, 0, 0, 0, 0, 0, 0, 0, 0, 0, 0, 0, 0, 0, 0], "pos": [-0.1142, 0.5424]}