{"time": 60132608.0, "tag": 1, "phase": [-2.678343171859501, -4.593096527708798, 1.0395948438039504, 0.7727973245952819, -2.689954699560254, -0.7983186470218502, -0.45478736677890685, -3.8322528855754245, -2.644589158613419, 1.4079177560816334, 1.538021762056714, 3.80296815633753, -1.1970167287088067, -0.7695902885327243, -2.354755886011394, -1.710323204392741], "rss": [0.3275397054976053, 0.9604638659862572, 0.8062349300461865, 0.05588636210037015, 1.1014717338213558, 1.1851686475586851, 1.1649028355551134, 1.6109092701364494, 0.7093835938737604, 0.45066928511737264, 0.9836924564203021, 0.8446515788476544, 0.713243389744438, 0.9117461676622597, 0.6736702028765605, 1.0448093134178007], "rn16": [0, 0, 1, 0, 0, 1, 0, 0, 0, 0, 0, 0, 0, 0, 0, 1], "pos": [-0.0344, 0.5682]}