{"time": 60132608.0, "tag": 1, "phase": [-2.7653925442374967, -4.5960234634525, 0.7775817486650384, 0.9409832175901882, -2.761078866880396, -0.8777385432790086, -0.38945442790876506, -3.7012387259515496, -2.6568377995729326, 1.0325636913556806, 1.4008514527729738, 3.7234962612579348, -1.252121742439971, -0.8153939660545056, -2.439514707508641, -1.6034322647775074], "rss": [0.3961080662261863, 0.9360339576653484, 0.8343758391488093, 0.05738160354769917, 1.1222614122427306, 1.0729319744613945, 1.477623132993256, 1.7286163810270454, 0.6722135961751267, 0.6528963173421622, 0.958629164249947, 0.780870060907916, 0.6721230974425418, 0.9228587545029913, 0.6438662293207743, 0.9850922733723982], "rn16": [1, 0, 0, 1, 0, 1, 0, 1, 1, 1, 0, 1, 0, 0, 0, 1], "pos": [0.0328, 0.5873]}