{"time": 60132608.0, "tag": 1, "phase": [-2.9248673284290283, -4.524659221038969, 0.8946029356590137, 0.7797490371389002, -2.6803830629814365, -0.7598647648959032, -0.42658222786117994, -3.7507059022713642, -2.733193812085577, 1.1793702786153781, 1.439234229989521, 4.054579761855365, -1.2960529556561342, -0.7101928471253736, -2.25227027970204, -1.8369014684214817], "rss": [0.33180332843537447, 0.8876468613814751, 0.7558789802184808, 0.054704440485270664, 1.2136140970208378, 1.1250435933300449, 1.1555059389092333, 1.5305435946858355, 0.7154631307944818, 0.4296718477103503, 0.9608634812024529, 0.73836381554234, 0.7425954048624338, 1.061067123913139, 0.7114879903178432, 0.9481258970038723], "rn16": [0, 0, 0, 0, 0, 0, 0, 0, 0, 0, 0, 0, 0, 0, 0, 0], "pos": [0.0848, 0.6068]}