{"time": 60692628.0, "tag": 1, "phase": [-1.7435470811737241, -3.1747264898105003, 1.033941189390715, 5.019858081037389, 0.3040737839260669, 0.8416741705050049, -3.864767486905196, -6.100892629812543, -5.031986508646922, 0.05811189031118591, -0.3644383730050995, 0.33457252071367294, -1.1237591516739058, -1.6288681836261112, -2.224299487418573, -2.407745840620925], "rss": [0.6286631926844419, 0.6500888985330796, 1.0923320198903745, 0.026598976719398024, 1.1481005176886443, 1.394241328027505, 0.9317467409648299, 1.1324554164639191, 0.8052145250708251, 1.2025410141936315, 1.354708715866333, 1.0146451301558157, 1.6779522495007577, 1.5478811086801643, 1.6507936837444175, 1.4603375817852775], "rn16": [1, 0, 0, 0, 0, 1, 0, 0, 1, 0, 0, 0, 1, 0, 1, 1], "pos": [0.0077, 0.6102]}