{"time": 60506871.0, "tag": 1, "phase": [-4.0752973098615595, -4.229090455868345, 1.6299702905771123, -0.3465087607334354, 0.8661689472356685, 1.940526821247336, -4.174713332004531, -5.6458831245208, -3.761839625708925, -4.282636247663644, 2.5873891639308644, 3.6043318778920854, -3.2459255356960863, 2.1937831460930908, -4.334261367275401, 1.353469043849714], "rss": [0.6744718148750833, 1.3889830069629572, 0.7513035385877883, 0.03655919695620247, 0.5560688773423541, 0.43010544073820184, 1.0033071372944515, 1.0304056052844914, 0.7187295922689907, 0.6867070782622421, 0.3830133633353707, 0.6841513821309225, 0.5789843826723178, 0.8182890823738649, 0.5904315866388155, 0.9277513185927678], "rn16": [0, 0, 0, 0, 0, 0, 0, 0, 0, 0, 0, 0, 0, 0, 0, 0], "pos": [0.1722, 0.703]}