{"time": 60692628.0, "tag": 1, "phase": [-1.7591731663465404, -3.277537157042552, 1.2915505867822303, 4.9060122392046575, 0.2524226038952334, 0.8217667026591672, -3.9447180769953993, -6.061276287737563, -5.077572148794909, 0.2017727295402154, -0.30797103259852004, 0.39814543193623164, -1.073541472940921, -1.5031663387397562, -2.2998647198498396, -2.42965376116209], "rss": [0.6077847774995474, 0.6713899937572344, 0.8920114177471328, 0.027939333174880367, 1.1436501662346437, 1.385273290880345, 0.928916416081155, 1.0688071842963422, 0.8645564456735672, 1.0766357852713946, 1.3029597340179069, 0.9531166082676121, 1.6430911917791817, 1.3812046397073154, 1.6371391751044153, 1.470979996754546], "rn16": [1, 0, 0, 0, 1, 0, 0, 0, 1, 1, 1, 0, 0, 1, 0, 0], "pos": [-0.0486, 0.6129]}