{"time": 60692628.0, "tag": 1, "phase": [-1.8579882710012978, -3.2224435344268767, 1.244419868437098, 4.865045264741801, 0.2025157727065411, 0.8326171441754927, -3.9598122582396122, -6.030789349867947, -5.051782139415119, 0.2819625237316383, -0.4432285143135079, 0.3043023547676066, -1.1639343005819949, -1.524909271572713, -2.2381589087905853, -2.4702359600625505], "rss": [0.6329818692686531, 0.671590319647568, 0.9343874011494331, 0.030494648041723662, 1.2562544850157762, 1.3998862351200962, 1.031178583734362, 1.016066834305617, 0.8039030930781359, 1.0767205399819009, 1.3842295488454295, 1.0325538511432608, 1.7276936585846951, 1.4096239066172005, 1.6594846198781097, 1.479225645607596], "rn16": [1, 0, 1, 1, 1, 0, 0, 1, 1, 1, 0, 1, 1, 0, 1, 0], "pos": [-0.0938, 0.6155]}