{"time": 60692628.0, "tag": 1, "phase": [-1.8930275797738192, -3.2186736974727626, 1.1235281810384787, 5.03353285243047, 0.19988451025077247, 0.8338213605799618, -4.01206116040095, -6.105514195041275, -5.137714320280307, 0.11994187843206428, -0.42338284785692637, 0.3594374313768318, -1.034459574263391, -1.5980186213435372, -2.2832151864725305, -2.428186752011453], "rss": [0.5607515109808718, 0.6904335167448629, 1.0231068962572625, 0.031394703482663294, 1.2155231499015684, 1.3595797379165286, 1.0561844738932766, 1.102395285059146, 0.8501456565148432, 1.1229247659751649, 1.370833409615627, 0.9736426926203423, 1.4967167190750537, 1.5138711564767982, 1.6346947162381211, 1.530253768199143], "rn16": [0, 0, 0, 0, 0, 0, 0, 0, 0, 0, 0, 0, 0, 0, 0, 0], "pos": [-0.1336, 0.6189]}