{"time": 59854443.0, "tag": 1, "phase": [-3.7089644288045327, -4.767297600411525, -0.2274997138732491, 4.338753113196116, -0.592258794962089, -0.38448152788899836, -5.177953788490425, -0.4112632061078143, -0.4124811385041567, -1.1183199687921226, -1.6903673203427287, -1.1559374188756162, -1.72364124683856, -2.6282373389982108, -2.8737270564675432, -3.4994753599706305], "rss": [0.7623378014238171, 1.0147202149571208, 1.0990111995620422, 0.025743797239751978, 1.1246366018711538, 1.3367115459693775, 0.6780887176344281, 0.8855409518348442, 1.203693169616619, 1.4566612830082917, 1.300290438055796, 1.1649602854358763, 1.4316766478894376, 1.2165607263578182, 1.3298726088518817, 1.157339637978295], "rn16": [1, 1, 1, 0, 0, 1, 0, 0, 0, 0, 1, 1, 0, 0, 0, 0], "pos": [-0.1411, 0.6083]}