{"time": 59813668.0, "tag": 1, "phase": [-1.6666328723144872, -2.9860846457013386, -2.9189712718654053, 0.0390177654244761, -3.8048882587373862, 3.4909277238133845, -3.9736315113015217, -6.018188688409262, -0.32011326298509757, -2.7300837704048666, -0.9436829990009289, -0.3375458543447325, -1.470591179888798, -1.5917194389455087, -2.5970741581844536, -2.5208214208389768], "rss": [0.31227810994190225, 0.39680901286469233, 0.4030372826016616, 0.037437230993428855, 0.802148958186211, 0.7925646109080468, 0.549098534815353, 0.4472121904222197, 0.20674224223819593, 0.5308517181688799, 0.4773096205114902, 0.22226993785196633, 0.7149833117554094, 0.5898106497451806, 0.7045392596061374, 0.5480525773993083], "rn16": [0, 0, 0, 0, 0, 0, 0, 0, 0, 0, 0, 0, 0, 0, 0, 0], "pos": [-0.0229, 0.5957]}