{"time": 60082624.0, "tag": 1, "phase": [-4.529627967403204, 0.08074628457700994, -1.5207908435068285, 0.16653233753245944, -3.8292179479019577, 3.8301618152624757, -1.280059564531696, -4.6953734315867575, 0.3166437861504967, -1.7529383308699251, -1.843802273748923, 0.33144311246601954, 2.093268187698416, 2.691306965736923, 0.9622196432035799, 1.8405995027506863], "rss": [0.4434126869331107, 0.5319257025209888, 0.37022660968664056, 0.015783508088779066, 0.7167489784724497, 0.46424050017544066, 0.4476348006685281, 0.6261692053852795, 0.42329263015535107, 0.31478145716472067, 0.38549660441943806, 0.29249779320602426, 0.679564417121271, 0.6285813138161699, 0.7239978969577959, 0.7000567632729384], "rn16": [0, 0, 0, 0, 0, 0, 0, 0, 0, 0, 0, 0, 0, 0, 0, 0], "pos": [-0.0151, 0.6087]}