{"time": 60082624.0, "tag": 1, "phase": [-4.44720865604369, 0.029809793896122816, -1.452258406043727, -0.20105733453157848, -3.714072936079817, 3.7563341044209926, -1.1432143893066038, -4.711764198367071, 0.304437158295372, -1.9503333956593942, -1.7402782635876364, 0.19919597240613163, -4.111086185075342, 2.6921424483731724, 0.9546655050650714, 1.865857533540994], "rss": [0.42069701527740244, 0.53366757497986, 0.4102241195137211, 0.016144970002145976, 0.7092408270477415, 0.45161484729113893, 0.4648766394987808, 0.6240163885706145, 0.4307148661881168, 0.31118997410972715, 0.42372752297525756, 0.2786417710791383, 0.7648720983752302, 0.6377054460586895, 0.6469967628751712, 0.6322877280102721], "rn16": [0, 0, 0, 0, 0, 0, 0, 0, 0, 0, 0, 0, 0, 0, 0, 0], "pos": [-0.0091, 0.6191]}