{"time": 60082624.0, "tag": 1, "phase": [-4.566275098872456, 0.05953147784577961, -1.4462586008389062, -0.09600676451225754, -3.8074062446781998, 3.796208559999931, -1.2293826740825955, -4.737835538156755, 0.27609845168558467, -1.8591244266313416, -1.6261077944601956, 0.1923923015390625, 2.0913206892717437, 2.676545561281126, 0.9549573437984384, 1.8096866474840325], "rss": [0.4212259376646654, 0.5318700483402795, 0.44008778710060614, 0.014973329759233685, 0.7276669066122156, 0.4549107185538261, 0.4953533477225346, 0.5999143471438222, 0.42024009268836027, 0.3468399019031034, 0.4447573132659978, 0.26206770596585477, 0.7333039654140292, 0.6380471622390259, 0.726315370335226, 0.6433636877967901], "rn16": [1, 1, 1, 0, 1, 1, 0, 0, 1, 1, 0, 0, 0, 1, 0, 0], "pos": [-0.004, 0.6305]}