{"time": 60082624.0, "tag": 1, "phase": [-4.59365164317264, 0.00989269839214968, -1.474731442522438, -0.12648334292946517, -3.850687557317575, 3.7976777824897825, -1.2129339789272338, -4.6722013929764366, 0.24321686097846484, -1.8162657487264933, -1.781049477275891, 0.25930783637745025, 2.0734606508336646, 2.720143542803247, 0.9417948304563466, 1.7954037938252456], "rss": [0.4242167854607027, 0.5319380932315505, 0.42836450899686096, 0.014498265946226696, 0.7301708776187052, 0.46551766352754775, 0.5334918770646216, 0.6606016192919237, 0.4286688168901221, 0.29843259223895025, 0.39004302978552613, 0.2846541220264013, 0.6899432482688843, 0.6653688233795965, 0.706536531045914, 0.686320721440566], "rn16": [0, 0, 0, 0, 0, 0, 0, 0, 0, 0, 0, 0, 0, 0, 0, 0], "pos": [0.0016, 0.6398]}