{"time": 59848377.0, "tag": 1, "phase": [-1.427628854159757, -2.8910410944018126, 1.5517702528990427, 5.152146069862825, 0.42769774855138276, 1.1822817624502846, -3.6365086907767297, -5.863233995339105, -4.69344677709827, 0.5413862560701463, 0.0254790308407888, 0.8140930876251095, -0.8797800671036171, -1.2601427470455588, -2.052299594538002, -2.1165623352410208], "rss": [0.6021293120104331, 0.5574254398902886, 0.8888119989198153, 0.02178225451636244, 1.1100082438599108, 1.1319466407326375, 1.1237417043483309, 0.9829561270040947, 0.6551065101791415, 0.826242555132289, 1.1422338171207302, 0.9060601283442528, 1.2964930486304558, 1.30088133974203, 1.4862767948647497, 1.302712604485329], "rn16": [0, 0, 0, 0, 0, 0, 0, 0, 0, 0, 0, 0, 0, 0, 0, 0], "pos": [-0.058, 0.6439]}