{"time": 60506871.0, "tag": 1, "phase": [-4.026121942155807, -4.182113526264553, 1.7403254603265452, -0.16058761102290253, 0.8389791765853677, 1.8569147924143963, -4.254738537576295, -5.60707876208056, -3.7244140719149947, -4.28717791443423, 2.48460868930183, 3.5894701112638683, -3.101341225458261, 2.2548283625746763, -4.281592458740073, 1.3616777816695154], "rss": [0.6070874568260538, 1.3556010249377328, 0.9961969324594585, 0.03974855203808384, 0.4836028865699391, 0.4164765920527674, 0.9415670403566729, 0.99749474672247, 0.7322958164883351, 0.6801664177598675, 0.4376583082955087, 0.6574496288823146, 0.649187101990614, 0.9550174894095614, 0.6405427831724827, 0.8463244440068841], "rn16": [0, 0, 0, 0, 0, 0, 0, 0, 0, 0, 0, 0, 0, 0, 0, 0], "pos": [0.203, 0.6748]}