{"time": 59848377.0, "tag": 1, "phase": [-1.315265051500115, -2.8965082930149655, 1.4636779228064742, 5.321143670297286, 0.44454389985904064, 1.1312967642532556, -3.655676295258936, -5.895812327130251, -4.639182491843398, 0.5867976565027042, 4.191735773192984e-05, 0.7930238389252375, -0.8977847619317657, -1.301698110095199, -2.0375939116842052, -2.1197429468955793], "rss": [0.6165606676140205, 0.5568778453959079, 1.0550504682698676, 0.01790370846997432, 1.0615086428024774, 1.1416634856687697, 0.9935124562291272, 0.9619300642196172, 0.6240035931322329, 0.8955958716543388, 1.183350723046197, 0.929491807475736, 1.4009602425406875, 1.4007947135577345, 1.3640697960543433, 1.2873647522564369], "rn16": [0, 0, 0, 0, 0, 0, 0, 0, 0, 0, 0, 0, 0, 0, 0, 0], "pos": [-0.1057, 0.6477]}