{"time": 59848377.0, "tag": 1, "phase": [-1.3512862691464238, -2.9033173776735675, 1.4592112296604876, 5.138995424972673, 0.4346701571296091, 1.0379665264749407, -3.6660082102135805, -5.902092059061388, -4.70138283427, 0.553955138462477, -0.06553098499566766, 0.8109706270804136, -0.869125328658537, -1.2491774122917014, -2.0383228335080066, -2.133248062439896], "rss": [0.5657415721354158, 0.6261796899379234, 0.999691426311616, 0.024630772723087672, 1.0503274395668065, 1.2155708166825159, 0.9177665321876567, 1.0222437965874673, 0.7255150924115827, 0.884163772214312, 1.1243138267893733, 0.8977950699156957, 1.434853377913957, 1.1935682733962305, 1.5360119361164495, 1.3333600137353117], "rn16": [0, 0, 0, 0, 0, 0, 0, 0, 0, 0, 0, 0, 0, 0, 0, 0], "pos": [-0.1439, 0.6513]}