{"time": 59839956.0, "tag": 1, "phase": [-4.851003781497132, -0.5163536705623621, -2.215866230713908, 0.4570264791625671, 1.6268026022320026, 1.8601672456832519, -1.7811597390237608, -4.857927272278927, -0.37343804964980176, -3.0310054203338304, -2.8363996083190015, -1.6234476746769007, 1.5240327461336634, 1.6857014299307533, 0.3117851400128653, 0.7552849304300859], "rss": [0.36608537462073193, 0.604799195165245, 0.4294946174065583, 0.007324633154925094, 0.226015569295174, 0.25983537325348993, 0.23213807526503852, 0.47253083892695846, 0.3305111881240997, 0.27644874492179056, 0.4558657730116453, 0.1059674691526305, 0.5241956039018258, 0.505359367618683, 0.4859921653201078, 0.4241357742644904], "rn16": [0, 0, 0, 0, 0, 0, 0, 0, 0, 0, 0, 0, 0, 0, 0, 0], "pos": [-0.1446, 0.6767]}