{"time": 59839956.0, "tag": 1, "phase": [-5.1018154374384235, -0.6141972442842007, -2.3884240643637837, 0.17710798661422889, 1.8310791233560804, 2.16102195874645, -1.7405147032096595, -4.888790119109062, -0.41598085028005927, -3.084047034282643, 3.1860266917586637, 4.384070458950504, 1.4980746984144218, 1.645812167349425, 0.13311376255614338, 0.877546446232647], "rss": [0.38807655265264, 0.5899358673598488, 0.41908549870556594, 0.007925203596999345, 0.18585759882879915, 0.23959628201493116, 0.24155248822994638, 0.42584575931282487, 0.341229027870327, 0.3387848563290551, 0.4087755904963198, 0.12905906495581743, 0.5140552879011447, 0.556685589507033, 0.36985536067526315, 0.5578064142806644], "rn16": [0, 0, 0, 0, 0, 0, 0, 0, 0, 0, 0, 0, 0, 0, 0, 0], "pos": [-0.1374, 0.6929]}