{"time": 59839956.0, "tag": 1, "phase": [-4.807075591633897, -0.4416873448114327, -2.4565486389376767, -0.40014753698895245, 1.7320557650553945, 2.1181805149368014, -1.7612894344074892, -4.8827891064483, -0.3844926122295147, -3.036499506977649, 3.0938011048754257, -1.5364583030250523, 1.4434585102843558, 1.817824420357123, 0.45059475833065177, 0.5285817030074398], "rss": [0.39353995605065195, 0.6280668397955017, 0.4053019512301872, 0.005050541044294668, 0.23077146186411845, 0.2735775748622425, 0.20643719148902973, 0.49143624163192395, 0.39503860599340335, 0.3009772113690761, 0.45205627530461095, 0.12519958565983175, 0.48301451149465524, 0.5930493352798717, 0.5966374401540678, 0.3883454293825401], "rn16": [0, 0, 0, 0, 0, 0, 0, 0, 0, 0, 0, 0, 0, 0, 0, 0], "pos": [-0.1263, 0.713]}