{"time": 60187251.0, "tag": 1, "phase": [0.18775698572921762, -1.2309706357392214, -2.230315438040219, 0.793615393590223, 1.8087011625345877, 3.4625701015071053, -2.0649800902795485, -4.848172422153096, -1.3795853471469863, -3.098473062304594, 2.2204605151377947, -1.5481700819704969, 0.5436026485253922, 1.2996500302164413, -0.6532455709245863, 0.5664249671987398], "rss": [0.9234263730146881, 0.650160196801949, 1.0553604974591289, 0.015268306762932341, 1.173217818011843, 1.0498591236808916, 0.921195774620266, 0.7372365082439155, 0.562017568829819, 0.7004884749182186, 0.5746461344173871, 0.7946693563470367, 1.4616217906326328, 0.8002365440874578, 1.5871704979563972, 0.770051388149172], "rn16": [0, 0, 0, 1, 1, 1, 1, 1, 0, 0, 0, 0, 0, 0, 1, 1], "pos": [-0.13, 0.7192]}