{"time": 60187251.0, "tag": 1, "phase": [0.06263395837531904, -1.3170396001774167, -2.2111033812227734, 0.5322683890970794, 1.9227408897689622, 3.2938675501125707, -2.027449615522882, -5.121288778198744, -1.4091565996927495, -2.9375850651459254, 2.575767789200237, -1.5643859512686893, 0.6392504187363439, 1.1460209067276257, -0.39971374374556845, 0.42210397851533243], "rss": [0.790229762358798, 0.5251185801321341, 0.9309229534105633, 0.023908961337998625, 1.3502912706919927, 1.1167220493905878, 0.8009477677821373, 0.867122977819197, 0.5136057563643469, 0.7239697711052016, 0.4232642395808352, 0.695877665152329, 1.515127213229503, 0.7307296384151045, 1.5672186047510404, 0.6715965254467346], "rn16": [0, 0, 0, 0, 0, 0, 0, 0, 0, 0, 0, 0, 0, 0, 0, 0], "pos": [-0.1239, 0.7231]}