{"time": 60187251.0, "tag": 1, "phase": [0.18365949012618143, -1.3362459295783908, -1.9392446929670542, 0.41550186797802113, 2.0590350245496754, 3.278948444894979, -2.366473740771898, -5.035343222123453, -1.381436067128795, -3.0125308989353092, 2.421378299386022, -1.3228764053278868, 0.9186171897356452, 1.3744010977615455, -0.20885273759287215, 0.7321171671707911], "rss": [0.8544054753653894, 0.318341788466136, 0.7308698355182821, 0.022802549758360432, 1.1523108166480853, 1.0273922399882773, 0.9865908205015358, 0.8281133614308855, 0.5502821401187545, 0.6491461606383626, 0.46709824962400825, 0.7514909627849152, 1.1524663478094817, 0.7905091661582709, 1.1102229683540104, 0.5461470952711309], "rn16": [0, 0, 0, 0, 0, 0, 0, 0, 0, 0, 0, 1, 0, 0, 0, 0], "pos": [-0.1148, 0.7258]}