{"time": 60187251.0, "tag": 1, "phase": [0.23591824503396674, -1.669136919086866, -2.347418264648659, 0.5751769800432813, 1.9736680056729061, 3.2325058722345927, -2.168332458811398, -5.060014086236954, -1.6200246115316879, -2.9510296914687575, 2.4603622768193563, -1.5999526005090963, 0.9406745429870926, 1.2088103676829034, -0.13921240380847255, 0.45891837586754103], "rss": [0.6661896545554888, 0.422096280036751, 0.8969440921240289, 0.010331201892433174, 1.2963449153294475, 1.2416739151951457, 0.7728593795048345, 0.9178183788000218, 0.681639774387091, 0.5146187681202224, 0.5838262098311402, 0.813530385206674, 1.0578920823045928, 0.577890398623095, 1.0053702410848482, 0.7964961970979515], "rn16": [0, 0, 0, 0, 0, 0, 0, 0, 0, 0, 0, 0, 0, 0, 0, 0], "pos": [-0.107, 0.7266]}