{"time": 59784553.0, "tag": 1, "phase": [0.7368966644434938, -0.9324472634679051, -2.68051099631404, 5.488079818579956, 0.6879616625415689, 2.0229249742706537, -2.7604872992554217, -5.174700979524391, -1.2094850103651187, -3.477171426775394, 2.8825414132915976, 3.890650043263776, 0.6704695258084472, 1.1049260976360114, -0.3009777889771814, 0.17680307700630848], "rss": [0.3829846112439004, 0.6941091941685127, 0.5995851200360438, 0.008141759491146072, 0.5629269571401193, 0.7289494125993986, 0.38643588793661204, 0.5310374615743801, 0.3175274046016063, 0.5681703005970752, 0.6568148331053061, 0.3557141474445367, 0.5329442950607631, 0.7209876548440198, 0.5480735993511411, 0.7044063896148767], "rn16": [0, 0, 0, 0, 0, 0, 0, 0, 0, 0, 0, 0, 0, 0, 0, 0], "pos": [-0.1165, 0.7376]}