{"time": 60563676.0, "tag": 1, "phase": [-4.475931822154068, -4.443603566610225, 1.3390030768308243, -0.4316721157255441, 0.8472527117610885, 1.23944801857259, -4.648728058761962, -5.84147544015328, -4.1770845152082465, 1.3108977995179865, 1.822773533440084, 2.7601596103045636, -3.6014324230302472, 1.5438089592203066, -4.9528394820167065, 0.7015854187301482], "rss": [0.8827326300874808, 1.025900046855442, 0.7518503987842439, 0.03432675221419104, 0.6825127273414725, 0.4224503285807492, 0.8330042164462406, 0.871452984427437, 0.639327745041021, 0.7690571110191158, 0.517864608219415, 0.5805167213109422, 0.5256999916010279, 0.8403879007317379, 0.5340484838380691, 0.8145583507965978], "rn16": [0, 0, 0, 0, 0, 0, 0, 0, 0, 0, 0, 0, 0, 0, 0, 0], "pos": [0.2199, 0.6473]}