{"time": 59784553.0, "tag": 1, "phase": [-5.161029033463418, -0.9099447109720922, -2.829259435518886, -0.67528468101959, 0.7931097400927346, 2.0805385954674933, -2.8371103792664014, -5.12965975134978, -1.2665139902710905, -3.624342455445369, 2.883449987547604, 3.9514631659054738, 0.8532112409475587, 1.159165940866821, -0.19582742762378147, 0.4188319419832458], "rss": [0.2604405185571274, 0.6988085891102659, 0.6799770565303339, 0.011306066460223791, 0.6852089221338445, 0.7488315434239522, 0.39823354472006495, 0.587796563194344, 0.3084478388885236, 0.5046577872929421, 0.6387634158693186, 0.4214565166308868, 0.572787068042355, 0.807302519764702, 0.5905132153666991, 0.7538875956978018], "rn16": [0, 0, 0, 0, 0, 0, 0, 0, 0, 0, 0, 0, 0, 0, 0, 0], "pos": [-0.1347, 0.7501]}