{"time": 59784553.0, "tag": 1, "phase": [-5.2751705924029935, -0.7740689038603192, -2.88441112969943, 5.479625906296402, 0.7989053195660208, 2.023925585234405, -2.3482728621835056, -5.419433139040402, -1.3802134269113313, -3.5470051165455896, 2.846899845223946, 4.019315725157254, 0.732758362317429, 0.9834501679496508, -0.1307244380202084, 0.19648925011455787], "rss": [0.2692147772334911, 0.7070300580905319, 0.6638766484912417, 0.00863370938756345, 0.7074442093552553, 0.7117220475051994, 0.4223360144389013, 0.41107847265040753, 0.26966903680868076, 0.5546299444450046, 0.6733744063768189, 0.4424887777797886, 0.5447984032545837, 0.7902367811537578, 0.6074516253505476, 0.7619183901445231], "rn16": [1, 1, 1, 0, 0, 1, 0, 1, 0, 1, 1, 1, 1, 0, 0, 1], "pos": [-0.1315, 0.7589]}