{"time": 59784553.0, "tag": 1, "phase": [0.6888153839550131, -0.8059594152590941, -2.8178489969000022, 5.515237868097243, 0.7963467539133134, 2.0500931604052326, -2.4745533049992012, -5.324866585289513, -1.35487447673657, -3.6019996402900007, 2.899540819298304, 3.928833053629857, 0.6207886767581285, 1.1553092134905243, -0.19896638071764006, 0.3281287273170732], "rss": [0.3036403146914726, 0.6959156085817844, 0.6484224363334622, 0.008393541447070867, 0.6981872141732268, 0.7216175674796007, 0.4349819768700353, 0.4356265184999881, 0.2929878140918972, 0.5411397715596115, 0.6976286726065922, 0.4010859719031933, 0.5181767119861506, 0.764153937525699, 0.589976382939108, 0.7688924382094517], "rn16": [0, 0, 0, 0, 0, 0, 0, 0, 0, 0, 0, 0, 0, 0, 0, 0], "pos": [-0.1406, 0.7667]}