{"time": 60291671.0, "tag": 1, "phase": [-0.8527965538953237, -2.587494231342422, 1.8904566451615294, 5.417620724390692, 0.5579465765274928, 1.3732352794168605, -3.475293154363415, -5.806919413430233, -4.051880545615651, 1.0099621754675054, 0.43827426519692464, 1.4745608415095195, -0.6045770160515006, -0.9622077037354853, -1.769565284527425, -1.7445180494590453], "rss": [0.5325412260185539, 0.4947336666310046, 0.8177094125367333, 0.023639304915035204, 1.0471622220901498, 1.0867221861052805, 0.8665757333458824, 0.7983360653745877, 0.5740223828741108, 0.7347800044176607, 0.8535805175464272, 0.7024667747995684, 1.2629923568047023, 1.0871513677381595, 1.1538049895573723, 1.0581513402272942], "rn16": [0, 0, 0, 0, 0, 0, 0, 0, 0, 0, 0, 0, 0, 0, 0, 0], "pos": [-0.1687, 0.7659]}