{"time": 60291671.0, "tag": 1, "phase": [-0.8956786916257216, -2.64277627645663, 1.925417578275311, 5.237071715449766, 0.5553960020436902, 1.367753978294153, -3.420678808642896, -5.817843032682976, -4.1355216986626635, 0.96444777172436, 0.43095302753428133, 1.4595024382260682, -0.6399417531475167, -0.9644414035206393, -1.7835273116565138, -1.853350734070044], "rss": [0.4931869297989535, 0.49706247436373463, 0.7778729771791949, 0.02584974209052551, 1.0517713577722425, 1.0976391924804318, 0.9034349665224655, 0.8229164501081768, 0.4916396657477909, 0.7109063517778557, 0.8531912634941682, 0.71791068713843, 1.2771688689192295, 1.0574774961960167, 1.1965054885849233, 1.042413144609132], "rn16": [0, 0, 0, 0, 0, 0, 0, 0, 0, 0, 0, 0, 0, 0, 0, 0], "pos": [-0.193, 0.7645]}