{"time": 60291671.0, "tag": 1, "phase": [-0.911612809519559, -2.583386624923908, 1.9210037532366724, 5.311982410300333, 0.580170521340858, 1.3251975471506008, -3.5101943426063187, -5.744234670026662, -4.081494990472789, 0.9677097972244317, 0.4776027583205036, 1.4263127124306823, -0.6117149160493092, -0.9214566001984247, -1.7607547908865862, -1.8142845630693287], "rss": [0.4998963969247009, 0.5433912394059521, 0.8475928164834571, 0.025075928191491178, 1.0896364765339783, 0.9804110170919654, 0.8965768308776829, 0.8919844673645978, 0.555858729407556, 0.7243104640206429, 0.9352694524070416, 0.6627971557685226, 1.1731612353227563, 1.0815894014498864, 1.1448316132257148, 1.0872107479806812], "rn16": [1, 1, 1, 1, 1, 1, 1, 0, 0, 0, 1, 1, 1, 1, 1, 0], "pos": [-0.2107, 0.7638]}