{"time": 60589075.0, "tag": 1, "phase": [0.32598089959932874, -1.4647034654476974, 2.6624172375908715, -0.22899964484869306, 1.543537313420663, 2.267067122778637, -2.3463519445652516, -5.366766839605335, -2.1523513167688204, -3.9951944727296036, 1.8275789695469473, 2.9814249663495596, 0.7779614199713083, 0.21429607895277689, -0.45798151805272314, -0.6006695214059707], "rss": [0.5409598774666413, 0.5203831514833939, 0.3029430617991198, 0.0034525155933226013, 0.29130404479737226, 0.22586030010586056, 0.46677154593690723, 0.7187045470775598, 0.25139067993704906, 0.4019606755327382, 0.6199302890345669, 0.1914621691104857, 0.802114673690907, 0.5384038127239745, 0.9675968362976918, 0.6556118422708206], "rn16": [0, 0, 0, 0, 0, 0, 0, 0, 0, 0, 0, 0, 0, 0, 0, 0], "pos": [-0.2052, 0.7645]}