{"time": 60589075.0, "tag": 1, "phase": [0.23043254919618494, -1.5952620119534553, 2.9451440135018085, 5.180384410730227, 1.1060083452401739, 2.385371177749286, -2.2717212118967187, -5.0070403970925454, -2.15027657221212, -3.9191058383802684, 1.731910460870131, 2.8154448390601985, 0.6062853572744153, 0.12014936941433838, -0.5705259851534932, -0.5772972352724784], "rss": [0.651971505749394, 0.5436300903205831, 0.40238300305509017, 0.009366797695240419, 0.3074453564856959, 0.19089152712276425, 0.46565974237266317, 0.5582746385919782, 0.2550661417779018, 0.33941154653052324, 0.6380247584564601, 0.1773511875815433, 0.9703921317777119, 0.5249917609025243, 1.0166558370397458, 0.6045254216922055], "rn16": [0, 0, 0, 1, 0, 0, 0, 0, 0, 0, 0, 0, 0, 0, 1, 1], "pos": [-0.1996, 0.7635]}