{"time": 60589075.0, "tag": 1, "phase": [0.35342832332037055, -1.4798191879223126, 2.7216812433790274, 4.516449860994559, 1.1138632468203964, 2.3839936260296604, -2.3062455872948475, -5.240486346041438, -2.277815912457355, -3.9623906747067084, 1.8037197814594579, 2.8075388738590803, 0.6422151589819767, 0.2597788706410413, -0.4491133407400656, -0.7003224816899775], "rss": [0.49720540733538415, 0.5346317506043463, 0.3121728645793194, 0.001210957293485284, 0.3200480142317567, 0.19208263603818215, 0.39412324006714416, 0.6370233856039448, 0.2863257827419689, 0.4041003960623044, 0.6091054374989369, 0.1979410377399614, 0.9247246331427542, 0.6944767165957252, 1.025178359730027, 0.5356177537239188], "rn16": [1, 0, 0, 1, 0, 0, 0, 1, 1, 0, 1, 1, 1, 1, 0, 0], "pos": [-0.1865, 0.7589]}