{"time": 60245442.0, "tag": 1, "phase": [-0.11046226441021911, -1.167291975118841, 2.258014073522846, 3.551305756709904, -0.28182318644362114, 0.9131574677126114, -2.7557375053704765, -5.1604810032432145, -3.2023605995781272, -4.189002101245932, 1.4585905337559228, 1.915894075581932, 0.6849694297139006, -0.016481621764943943, -0.6618501422100507, -1.1380021519291637], "rss": [0.44834296739849305, 0.46626692835363454, 0.485137761418724, 0.008333124723841638, 0.24292150355359782, 0.24920234931762913, 0.459270642142359, 0.5246920130933357, 0.12204195353955147, 0.42802152223782436, 0.7111869813800504, 0.3575597383405505, 0.9629753516032555, 0.8966565690881813, 0.980259702103644, 0.6429252704191606], "rn16": [0, 0, 1, 0, 0, 0, 0, 0, 1, 0, 0, 0, 1, 1, 1, 1], "pos": [-0.123, 0.7506]}