{"time": 59743821.0, "tag": 1, "phase": [0.44674548514452317, -1.3848452399575408, -2.7964628193318357, 0.4982738069278161, 1.7710771185983578, 2.7613394395260897, -2.145616926528504, -5.0479680040365755, -1.8303783698459357, -3.635185746526532, 1.951540574781535, 3.571789206736011, 0.7989785955876954, 0.4926094019387304, -0.37021282278482426, -0.26863169940220966], "rss": [0.6013848928805722, 0.5430537220564179, 0.44537929382637714, 0.004227970314898769, 0.4013119052844269, 0.26066263438598253, 0.4750169273234092, 0.6140998460773206, 0.2502324073646121, 0.23786185638678992, 0.5717519337095316, 0.15465974964196055, 0.8078885683546858, 0.5153992059314844, 1.0618255617746197, 0.52196059839335], "rn16": [0, 0, 0, 0, 0, 0, 0, 0, 0, 0, 0, 0, 0, 0, 1, 0], "pos": [-0.296, 0.7973]}