{"time": 60563676.0, "tag": 1, "phase": [-4.479785498584029, -4.501304555218741, 1.41210470131344, -0.49393998666051564, 0.7317007547165121, 1.2093765572644957, -4.603779547003733, -5.89968123085484, -4.260183712946882, 1.2988330819907687, 1.9175755814684972, 2.6408605456547525, -3.632893295309566, 1.7403139470413083, -4.822241010934222, 0.8096972747608429], "rss": [0.7906822246977409, 1.0606585020202242, 0.6724940463815486, 0.03823504281931637, 0.7578193990584028, 0.4623428796741728, 0.7914042854197729, 1.0009120932271909, 0.6896528753486328, 0.6546190172185036, 0.49637142006584567, 0.6274307876675935, 0.5672466028535601, 0.6483542565720448, 0.5748979326428877, 0.7572005015747063], "rn16": [0, 0, 0, 0, 0, 0, 0, 0, 0, 0, 0, 0, 0, 0, 0, 0], "pos": [0.2368, 0.6215]}