{"time": 60245442.0, "tag": 1, "phase": [-0.0492909143870186, -1.3300628859860597, 2.539704406137587, 2.695054766956675, -0.34693344625114775, 0.6670905041441869, -2.810776937651736, -5.1029015622726455, -3.750869163308007, -4.1422686572454905, 1.547597528516755, 1.7760672433005882, 0.540570148425578, -0.24457366447974108, -0.40241556093250286, -1.0042211312411775], "rss": [0.4761677083511563, 0.34599544308941466, 0.45534808736817073, 0.026922179206853906, 0.2559935317833175, 0.17141054984629953, 0.3037534710784307, 0.46185882594564004, 0.13229028643635446, 0.5295330442098054, 0.6657310934033037, 0.31990206614654215, 0.9162490678744486, 0.8070460400427565, 0.8179338744434328, 0.6655855408332317], "rn16": [0, 0, 0, 0, 0, 0, 0, 0, 0, 0, 0, 0, 0, 0, 0, 0], "pos": [-0.065, 0.7387]}