{"time": 60679565.0, "tag": 1, "phase": [-4.233755265317797, -5.505435508883721, -0.19170927270056995, -0.22040541018382775, -3.413993570044696, 4.3553654822489465, -0.7676968414518135, -4.264816591632742, -4.849286718597888, -0.5753062374087021, -0.31932909423623884, 1.3387548322606921, -3.4750847310751047, -2.769522013014098, -4.617203241616288, -3.5485169561406913], "rss": [0.33938838423086115, 0.4137588708730342, 0.26050766204960685, 0.01923719348223353, 0.7466202064756216, 0.5974070389501805, 0.569562760781857, 0.6065583387611031, 0.17209931172800025, 0.18372460310744815, 0.38278521032209245, 0.11872377579118353, 0.619160457323609, 0.5224762516556816, 0.587537700126448, 0.46760544641625007], "rn16": [1, 1, 1, 1, 0, 0, 0, 1, 0, 1, 0, 0, 1, 1, 1, 1], "pos": [0.003, 0.7391]}