{"time": 60679565.0, "tag": 1, "phase": [-3.981806154733288, -5.592047045814473, -0.4413737927272951, -0.166841586977597, -3.4814557335861718, 4.421435206435142, -0.7780032852596972, -4.369107108270992, -4.8087556508260025, -0.31274149705727217, -0.4172859816907359, 1.3796420894749262, -3.4834631419378668, -2.6943340811385474, -4.561990777478227, -3.672183348003438], "rss": [0.35988824777841855, 0.40841169456463067, 0.2817207616643506, 0.020192885622922322, 0.7261961156959391, 0.5342437374222145, 0.559734122083677, 0.5417635401181418, 0.172380265934737, 0.170257563803834, 0.31455230867270356, 0.16449575218066076, 0.6915701732231871, 0.5107997162679818, 0.6257752313926307, 0.5690570282462584], "rn16": [0, 0, 0, 0, 0, 1, 0, 0, 1, 0, 0, 0, 0, 0, 0, 0], "pos": [0.0256, 0.7475]}