{"time": 60679565.0, "tag": 1, "phase": [-3.9825248300849982, -5.6329097949378255, -0.31894743288400684, -0.14582045008517497, -3.5300542139979694, 4.452202503189191, -0.7655207896472036, -4.386453628509495, -4.797333271156612, -0.48621178511757845, -0.4814577923665477, 1.3580871591684054, -3.4922278023608575, -2.783863642838349, -4.654636987641874, -3.6371073829961214], "rss": [0.351815869789769, 0.4086720792961038, 0.2983455829978685, 0.01871676123729769, 0.7664547766671765, 0.5535940319859718, 0.6295916259730179, 0.5293017662249047, 0.17439337018221776, 0.17525276247433852, 0.2995887221060909, 0.1574764076932988, 0.6091479550675966, 0.5795558242074015, 0.5413975978910485, 0.5628668468837164], "rn16": [0, 0, 0, 0, 0, 0, 0, 0, 0, 0, 0, 0, 0, 0, 0, 0], "pos": [0.0382, 0.7566]}