{"time": 60583378.0, "tag": 1, "phase": [-4.940858680852321, -0.6827791325352135, -2.436615312963589, 5.509077030932527, 1.1093226660528877, 2.0629693066904764, -1.8956118914816247, -4.816629431093966, -0.47942428394632053, -3.2410495138017956, 3.095685230412395, -1.8632366942512695, 1.3942771038794968, 1.397943449038267, 0.2733419807917623, 0.6320038290266257], "rss": [0.383007614239804, 0.6216472618094185, 0.43344525186318017, 0.005394623610665136, 0.2274874911382276, 0.33160439406926234, 0.26644169041233356, 0.3625267313025993, 0.3375694339436852, 0.3415512293907296, 0.49542316420048194, 0.1556054291517509, 0.5229646058595327, 0.49650651444741534, 0.5301148351679638, 0.5409777687512176], "rn16": [0, 0, 0, 0, 0, 0, 0, 0, 0, 0, 0, 0, 0, 0, 0, 0], "pos": [0.0204, 0.7653]}