{"time": 60583378.0, "tag": 1, "phase": [-4.83907022285851, -0.7174014834876967, -2.439042764558622, 0.17592784240062143, 1.1836147529206622, 2.0025865388556556, -1.8466561953617209, -4.830810422594709, -0.4068356049288486, -3.3331483560887554, 3.096570949130072, 4.358124325357764, 1.5383854225881883, 1.2549910233176818, 0.24027346350490975, 0.601533392025956], "rss": [0.36222635322091884, 0.626148579867574, 0.4668240423638296, 0.007456833686705767, 0.23088745532246252, 0.32421170817491485, 0.28912978476332124, 0.5835187987183925, 0.32649022398173116, 0.29984049357321424, 0.46519049507229904, 0.1363652396956378, 0.6586806031219978, 0.4416856597956338, 0.512449375738139, 0.4604502597437691], "rn16": [0, 0, 0, 0, 0, 0, 0, 0, 0, 0, 0, 0, 0, 0, 0, 0], "pos": [-0.0187, 0.782]}