{"time": 60583378.0, "tag": 1, "phase": [-4.768677468162306, -0.7050258679393204, -2.4604495012762286, 5.394108225424356, 1.0678629924877923, 1.9527608353919015, -2.0079347538101553, -4.838085539054132, -0.5182337317987271, -3.2384304471572483, 3.1371929288171883, 4.331530418841481, 1.4569505189319072, 1.5456011847751023, 0.08858916601032218, 0.6682788058932516], "rss": [0.37026298393964147, 0.607600791966532, 0.4609974966250955, 0.005791434126072751, 0.27108264504248997, 0.33656501262688826, 0.23278180910668006, 0.5321445091429067, 0.3001122878398356, 0.36101574770387285, 0.4806277838481564, 0.21282900819327646, 0.5707164012019963, 0.5684623632244139, 0.4432481261889651, 0.6130297204911415], "rn16": [0, 0, 0, 0, 0, 0, 0, 0, 0, 0, 0, 0, 0, 0, 0, 0], "pos": [-0.0274, 0.7886]}