{"time": 59881722.0, "tag": 1, "phase": [-4.41253769001027, -5.902971818572491, -1.1108339713175552, -0.11930216234169677, -3.7338989096709816, 4.078960614578967, -1.0962972080238955, -4.636999838572962, 0.717597833794505, -1.3335189522170288, -1.1259902276880218, 0.6487693899827652, -3.936320387992539, -3.2547339886435256, -5.015210716513106, 2.128213539573519], "rss": [0.3801450802987382, 0.4951457338705841, 0.3070589462807742, 0.01845000291852957, 0.761490696220314, 0.5644007364476322, 0.571595850621565, 0.5482019256710645, 0.31596108642750687, 0.24967871013149923, 0.4283570928176358, 0.2517150334777668, 0.6425512492371264, 0.5917179503226745, 0.7589007535845241, 0.6360522579770336], "rn16": [0, 0, 0, 0, 0, 0, 0, 0, 0, 0, 0, 0, 0, 0, 0, 0], "pos": [-0.007, 0.7898]}