{"time": 59881722.0, "tag": 1, "phase": [-4.209113821272224, 0.30538146203296, -1.0406869212621193, -0.17555407651171384, -3.742648378515379, 4.0571622223778006, -1.095844565649834, -4.715665947669225, 0.6738905297121156, -1.4134527252918658, -1.1940595384341912, 0.7315533884240403, -3.9064121952999495, -3.259773648651917, -5.0093337600212795, 2.138826291641064], "rss": [0.4210666716115716, 0.4842142554216496, 0.3486134371398962, 0.01663900790031085, 0.8040470853454426, 0.5416966562362041, 0.5058775282522526, 0.49924439583799124, 0.3307783797214081, 0.2570240521656554, 0.38564844842835094, 0.2818537923244219, 0.6664219456529458, 0.6455611359288698, 0.7162001531523424, 0.5987493377128363], "rn16": [0, 0, 0, 0, 0, 0, 0, 0, 0, 0, 0, 0, 0, 0, 0, 0], "pos": [0.0093, 0.7909]}