{"time": 59881722.0, "tag": 1, "phase": [-4.494339367823503, -5.869540972084643, -1.0481544612074123, -0.09226312152374883, -3.7814560694953774, 4.116876075180151, -1.0383476425597196, -4.629748694383894, 0.6673317648368089, -1.3903704834471, -1.1803477630760535, 0.5958860877951987, -3.8922729964757647, 3.0039669142322176, -5.01478482302597, -4.08215980260405], "rss": [0.39591902009825747, 0.49463865733386664, 0.374814795977984, 0.019493574018314717, 0.7687532146136599, 0.5627983416935566, 0.6209151098106087, 0.5550411496914189, 0.32791564483792135, 0.25375630676438604, 0.37042746262308274, 0.25026539235164147, 0.7004420532591114, 0.6401878628644831, 0.7095278663252945, 0.7317148166485072], "rn16": [0, 0, 0, 0, 0, 0, 0, 0, 0, 0, 0, 0, 0, 0, 0, 0], "pos": [0.0235, 0.7905]}