{"time": 59881722.0, "tag": 1, "phase": [-4.420690012633274, -5.889672010375623, -1.0959130985502175, -0.04991699123397586, -3.8375053655027953, 3.9945333663574427, -1.1299553398401705, -4.620123836875506, 0.5887690511064823, -1.512728974275918, -1.2075089035474023, 0.6648412956288284, -3.9267382709864687, -3.2486828030199684, -5.00881999319631, 2.133538515428895], "rss": [0.3891773443455859, 0.4916194178247402, 0.3290321102037284, 0.015659494100735413, 0.7763232812077152, 0.5733215851041584, 0.5157212751132528, 0.5736942104739764, 0.3125735422808126, 0.28664048102859796, 0.37942659853383587, 0.26372443870985396, 0.6720314832894856, 0.704705928634819, 0.5524127691533147, 0.5935291692094069], "rn16": [0, 0, 0, 0, 0, 0, 0, 0, 0, 0, 0, 0, 0, 0, 0, 0], "pos": [0.0278, 0.791]}