{"time": 59893845.0, "tag": 1, "phase": [-2.3918852468759293, -3.6598811233764756, 0.816973542914831, 4.742203832151251, 0.12603949269105508, 0.4814180833993449, -4.2917500477337, -6.166942905990982, 0.6360588195995693, -0.2659451228011189, -0.7196292631539742, -0.16229614740596365, -1.3549829735522767, -1.830735084157142, -2.566909186153364, -2.6953172089904665], "rss": [0.7066068455402243, 0.7658934271230902, 1.0148309601719447, 0.02706356510481015, 1.3373257842614754, 1.5042731210958404, 0.9966637335703927, 1.120560660661634, 1.0055098386689822, 1.2839813950118533, 1.5853326135846209, 1.1788814288207543, 1.7682395962414512, 1.502121090231202, 1.7447934471403006, 1.4911884934074937], "rn16": [0, 0, 0, 0, 0, 0, 0, 0, 0, 0, 0, 0, 0, 0, 0, 0], "pos": [-0.0293, 0.7777]}