{"time": 59893845.0, "tag": 1, "phase": [-2.332635689179762, -3.5305836835173428, 0.6446436864490477, 4.739430999351077, 0.07917424905219139, 0.6033018169043138, -4.270258955816477, 0.008850094152529131, 0.6326968280189345, -0.3092823047252735, -0.7557188194746685, 0.02385762214178011, -1.4088199442236096, -1.790054746864901, -2.502390162412458, -2.827482560812138], "rss": [0.7140676266530024, 0.8098816061132973, 1.1321454762423042, 0.030060843548579363, 1.3575934452905025, 1.5445546494103457, 0.9957412538788488, 1.0998007369268494, 0.9592196218794136, 1.3128930110948183, 1.5692795739904557, 1.1364932033794257, 1.7528320168375289, 1.5205569384480802, 1.7293419097551475, 1.5164225423933648], "rn16": [0, 0, 0, 0, 0, 0, 0, 0, 0, 0, 0, 0, 0, 0, 0, 0], "pos": [-0.0749, 0.7653]}