{"time": 59893845.0, "tag": 1, "phase": [-2.298670212740323, -3.672298655938575, 0.7054233790247144, 4.7911789131477, 0.07673868642666193, 0.5587666237044902, -4.2656902537562305, -0.03174128245509955, 0.6572510081862815, -0.24544481842448462, -0.7916852462442461, -0.09905591251495638, -1.339921440584013, -1.9403602417869725, -2.60147581268834, -2.760493759161198], "rss": [0.7320185972769375, 0.8435506048179647, 1.1393185902572418, 0.03016613220391324, 1.3118227199785297, 1.564683032863219, 0.9929557661402798, 1.1266003386027086, 0.9901344314853675, 1.268773176714886, 1.6054119277827525, 1.1330648444977893, 1.7173703713600166, 1.5091784517923552, 1.7242399234263015, 1.4834114184730858], "rn16": [1, 1, 1, 1, 0, 0, 1, 1, 1, 0, 1, 1, 1, 1, 0, 0], "pos": [-0.1139, 0.7553]}