{"time": 60383103.0, "tag": 1, "phase": [-4.6864083344281084, -0.4292065235959508, -1.955153939294675, 0.3861567037132225, -3.8500493183949422, 3.0992257296029395, -1.4697454348123398, -4.789487605378611, -0.05398666895580373, -2.3465949267030455, -2.7105528585118117, -0.25106698901879265, 1.713342802839474, 2.0988571065590613, 0.6025407873403599, 1.2976780799557404], "rss": [0.4653947409809389, 0.5436595505549937, 0.40936674119057764, 0.008613722007811525, 0.37216318170222706, 0.2043960056732307, 0.287637973360351, 0.5467089541300686, 0.4110496958314735, 0.27357175755773994, 0.3713707966056143, 0.18012958853942812, 0.5773246667541495, 0.46341892711055604, 0.6031157375332172, 0.5422661164153041], "rn16": [0, 0, 0, 0, 0, 0, 0, 0, 0, 0, 0, 1, 0, 0, 0, 0], "pos": [-0.0973, 0.761]}