{"time": 60383103.0, "tag": 1, "phase": [-4.863950766223497, -0.3674434165309277, -1.906555775500771, 0.20701353397409683, 2.1614739209841654, 3.1574022511225945, -1.4669615504832199, -4.757444078597605, -0.1141131854655737, -2.428982105271926, -2.542120197364287, -0.6579851869837328, 1.7628411495395517, 2.099761110427687, 0.5819084464360276, 1.3064751133382184], "rss": [0.38795056242371945, 0.598473994158852, 0.4357580463625187, 0.011813998547375006, 0.4109821748677549, 0.2665234693051297, 0.3296744367174343, 0.6122016000536324, 0.40817278098611515, 0.316868168755369, 0.3989548526207153, 0.174978802223961, 0.6596057110078891, 0.4973784683110239, 0.5880448256897373, 0.5376262210257045], "rn16": [0, 1, 1, 0, 0, 0, 1, 1, 1, 1, 0, 1, 1, 1, 0, 0], "pos": [-0.0861, 0.7643]}