{"time": 60383103.0, "tag": 1, "phase": [-4.91730371570411, -0.43620197408164385, -1.8916278124491985, 0.3882836656088604, 2.282086366697881, 3.1164359826168413, -1.4414405147067304, -4.787880901937834, -0.10333005877970525, -2.4080243724603476, -2.681672918349625, -0.3875829446987311, 1.8088834555373334, 2.0376682677239804, 0.659257597022076, 1.250502253123533], "rss": [0.4324891586413206, 0.567894002333678, 0.4567327321906683, 0.01079186910016666, 0.382483859511482, 0.20338659812257065, 0.3828165657402135, 0.5508860328889984, 0.4205481956104213, 0.3065014798832085, 0.37566589360686, 0.16082235666213, 0.6648694826205437, 0.4784308957140138, 0.677170788688829, 0.5224494380273523], "rn16": [0, 0, 0, 0, 0, 0, 0, 0, 0, 0, 0, 0, 0, 0, 0, 0], "pos": [-0.073, 0.7697]}