{"time": 60383103.0, "tag": 1, "phase": [-4.821551550194613, -0.3115481776131759, -1.8632941156212013, 0.2626023091834675, 2.1292045583853474, 3.1263272763821544, -1.3860917348077446, -4.7872011300044095, -0.08913599411447182, -2.4430132389312362, -2.4278978552362522, -0.8561928167066561, 1.7619025424370434, 2.0435924088861324, 0.6528416420577554, 1.0850521005992964], "rss": [0.4037489010382787, 0.6157277493655139, 0.4778386682670834, 0.008312523220732674, 0.4166159146892812, 0.20268889102372672, 0.42858267649341913, 0.4890976974571229, 0.4118895692817507, 0.29568290141637216, 0.40806556159573015, 0.16545708705753942, 0.6481551456460037, 0.4503401889774795, 0.7160197487454777, 0.3867565479472718], "rn16": [1, 1, 1, 0, 1, 0, 0, 1, 1, 0, 1, 1, 0, 0, 1, 0], "pos": [-0.0625, 0.7748]}