{"time": 60604168.0, "tag": 1, "phase": [-4.652028663480499, -4.550987736634545, 0.8706527443892158, -0.4628114879820515, 0.5137970847150913, 0.6261523692824272, -4.733053144666712, 0.05139177891813507, -4.7850910733076795, 0.5158725895555969, 1.1242492329595102, 1.5284662167255219, 1.4329142700504085, 0.8729261939705558, 0.2843506816288812, 0.07622684541489044], "rss": [0.9469646547815103, 0.947684604487837, 0.5746623568634281, 0.025734966072827457, 0.7167773642817651, 0.46236997384156997, 0.539425130848655, 0.7146471777793248, 0.569233609260975, 0.731809660790575, 0.6518805205518188, 0.5003740703094129, 0.47179697622326267, 0.44171382679560445, 0.4229263299741549, 0.45534524565598805], "rn16": [0, 0, 0, 0, 0, 0, 0, 0, 0, 0, 0, 0, 0, 0, 0, 0], "pos": [-0.0042, 0.7421]}