{"time": 60451523.0, "tag": 1, "phase": [-2.805552470251016, -4.22643630074767, 0.2786825456861854, 4.460069648614439, -0.16603865429846942, 0.01718445008590863, -4.681904674294044, -0.3017920242315797, 0.2804433354696867, -0.5979095107359307, -1.171359284009652, -0.6138981059889139, -1.5985241471764136, -2.232912579593152, -2.6792644174659923, -3.1600023174438174], "rss": [0.8140611616060885, 0.8389972601928203, 1.0738623813836912, 0.026375238584643836, 1.33899192114772, 1.5050470217092298, 0.8584262296936337, 1.0637438586945196, 1.2135013315170446, 1.4656081490422992, 1.7125540632123006, 1.304540124080499, 1.7373132948135968, 1.5314189270606515, 1.8310017733577963, 1.4169231040532981], "rn16": [1, 0, 0, 0, 0, 0, 0, 1, 1, 1, 0, 1, 1, 1, 1, 1], "pos": [0.1643, 0.5932]}