{"time": 60604168.0, "tag": 1, "phase": [-4.582042614424552, -4.596958235162536, 0.8980875532306695, -0.6338458201342858, 0.5963317409542587, 0.6282377177880994, -4.747085228176424, -6.183752919793273, -4.795701395900018, 0.4966372463893356, 1.113499835589772, 1.480814945822544, 1.2784433458152988, 0.9181478326270172, 0.31157141260225263, -0.09963606153158988], "rss": [1.0152588870826513, 0.8863057054469726, 0.5982694710786156, 0.02849974634893384, 0.826206479023876, 0.4545671372662274, 0.513080087376264, 0.7589201603733392, 0.5669882713791484, 0.6878724133743063, 0.610001679825857, 0.43212718528324695, 0.3973759429900673, 0.5248088559172006, 0.47168374454347606, 0.4797483042650087], "rn16": [1, 1, 1, 0, 1, 0, 1, 0, 1, 0, 1, 1, 1, 1, 1, 0], "pos": [0.0405, 0.7114]}