{"time": 60604168.0, "tag": 1, "phase": [-4.491711624884211, -4.533486981141298, 0.9688726887839908, -0.6028702602119398, 0.5495683974712341, 0.6279867469308178, -4.80642247889557, 0.06748658042987588, -4.727968628018576, 0.4788843714287174, 1.130485749367744, 1.4764701594333218, 1.5048661102655152, 0.7615658687134429, 0.25677851541361907, -0.07393019122457434], "rss": [1.0187573769925797, 0.9811334708894256, 0.6013609314541686, 0.025470134839480577, 0.7684909428667057, 0.509784703873717, 0.4740042873195082, 0.7561001399472995, 0.5743110683197651, 0.6580100146401183, 0.6545257352415205, 0.5060164979107327, 0.49969647460791583, 0.46250236676677836, 0.41273212382332813, 0.4255981371899558], "rn16": [0, 0, 0, 1, 0, 0, 0, 0, 0, 1, 1, 1, 0, 0, 0, 0], "pos": [0.0746, 0.6837]}