{"time": 60545900.0, "tag": 1, "phase": [-0.693684292393701, -2.581963441968795, 2.2133615583473065, 5.1055197797762, 0.5029066110560433, 1.395784354337464, -3.290466574862369, -5.7388024846985815, -3.976012286105628, 1.267076351640694, 0.6004946182538661, 1.6858321881868419, -0.5808919464018909, -0.8062856757327908, -1.6904623105204821, -1.7075470319603896], "rss": [0.5386726297860384, 0.3946140872944566, 0.6314591192911966, 0.022861539570469085, 1.0637413715655373, 0.966622707276705, 0.9129202805015411, 0.7155801621505096, 0.5002751369831631, 0.5103561799912084, 0.7632602468336868, 0.6286063940483271, 0.9430992817955769, 0.8957732616271369, 0.9289341997331053, 1.058118995853077], "rn16": [0, 0, 0, 0, 0, 0, 0, 0, 0, 0, 0, 0, 0, 0, 0, 0], "pos": [0.0123, 0.6867]}