{"time": 60545900.0, "tag": 1, "phase": [-0.6828672568881191, -2.5196186276221475, 2.074804477010147, 5.217407474757707, 0.5704390439909593, 1.3148060516242541, -3.2174447132765214, -5.693232344529191, -4.011985440409712, 0.9172103395916904, 0.6243501916540881, 1.6155914572576529, -0.5813100898208803, -0.8557494503107421, -1.6973993169560717, -1.7013213873176443], "rss": [0.5391914564433162, 0.4527330477225453, 0.7601241970690977, 0.024019139636770073, 1.1267019936885103, 0.9114612432175391, 0.8532055733133064, 0.7409208911119948, 0.5064544252955266, 0.6932023553953974, 0.6882707486193419, 0.5939323843462883, 1.0939607753039522, 0.8981550962996803, 0.9098015348192146, 0.7547492604830022], "rn16": [0, 0, 0, 0, 0, 0, 0, 0, 0, 0, 0, 0, 0, 0, 0, 0], "pos": [-0.052, 0.6919]}