{"time": 60545900.0, "tag": 1, "phase": [-0.6377229474269914, -2.562613017292696, 2.016757476242002, 4.957754223212495, 0.5177742998991409, 1.4220869576295558, -3.2583619805214545, -5.695515258017959, -4.024957657443393, 1.1037644798222626, 0.5812296012379764, 1.5882224113529406, -0.5887974834055183, -0.7490376613504439, -1.7789756030625368, -1.59619974297807], "rss": [0.40229635392797336, 0.41937941722864486, 0.7126531163829484, 0.022714579543286314, 1.1570072211248834, 0.9942946183147394, 0.8263224719025503, 0.7726086669360257, 0.506495500748982, 0.5711668344667938, 0.7568767648271625, 0.571983086701135, 1.014589137169906, 1.0220770962768992, 1.0481112541285942, 1.0339686778924342], "rn16": [0, 0, 1, 0, 0, 0, 0, 0, 0, 0, 0, 0, 0, 0, 0, 0], "pos": [-0.0924, 0.6932]}