{"time": 59720385.0, "tag": 1, "phase": [0.642379162315291, -0.8360740875368051, -0.8258634162556264, 1.2700338128479747, -2.724519182014191, -1.5136071117950045, -2.0782051779635182, -4.598949516694388, -4.78397613366408, -0.576052058149274, 0.6669975999498468, 1.971781283180609, -0.9755099462198918, -0.5778831276692621, -2.084638586647704, -1.4208048196094836], "rss": [0.6141648691940023, 0.4951955562561737, 0.6177933831602489, 0.0405710742040825, 0.864106331609907, 0.7858236687254547, 0.6481609801754245, 0.7059598784723838, 0.32914700952976245, 0.4746744904762321, 0.634425437536293, 0.41393311377682257, 0.7540971687862537, 0.5842929258268926, 0.7102890921935734, 0.587505199537528], "rn16": [1, 0, 0, 0, 1, 0, 0, 1, 1, 0, 0, 0, 0, 1, 0, 0], "pos": [0.0034, 0.686]}