{"time": 59720385.0, "tag": 1, "phase": [0.5359777121723734, -0.8297364041092752, -0.8749174791098051, 1.204168747334558, -2.79863052383289, -1.5252991968656848, -2.087402343978244, -4.627386891227742, -4.8283492549667635, -0.5724317868020355, 0.7697959759918444, 2.0177541164051997, -0.8857623574114308, -0.6471704795427908, -2.1261496720786965, -1.448015825167826], "rss": [0.5657296716016611, 0.44670887180876956, 0.5850332741614741, 0.045340226359233245, 0.9450654162137146, 0.8136309409754902, 0.6675716056768073, 0.7397870881877935, 0.3531334278521912, 0.4553382901420465, 0.6288171805119437, 0.4574316661614335, 0.7396013748265922, 0.6120954272079399, 0.7266298118057928, 0.6101631782241899], "rn16": [1, 1, 1, 1, 0, 1, 1, 0, 1, 0, 1, 1, 1, 0, 0, 0], "pos": [0.0812, 0.6792]}