{"time": 59720385.0, "tag": 1, "phase": [0.6425832493693622, -0.8420273652377865, -0.872531630726933, 1.1650820523219092, -2.7798404518675213, -1.5301190265552835, -2.029259444266839, -4.607228961281561, -4.756392950153974, -0.5496254207385691, 0.7278414206951019, 1.977706968634159, -0.858926363920241, -0.4920463085648813, -1.9946968215266336, -1.5271327014529237], "rss": [0.5762355431648932, 0.47841166942299507, 0.587216551269647, 0.04539620595009574, 0.9716553120598831, 0.8156878388515695, 0.6311553815678853, 0.7116864893100202, 0.31966533893810006, 0.4720996794840086, 0.6407303239369834, 0.4326521150377992, 0.7065862894203484, 0.5841026886245783, 0.6882930834152151, 0.6150436727532483], "rn16": [0, 0, 0, 0, 0, 0, 0, 0, 0, 0, 0, 0, 0, 0, 0, 0], "pos": [0.1435, 0.6728]}