{"time": 60298526.0, "tag": 1, "phase": [-4.911479973439555, -4.905883071487777, -0.32104807514153433, 4.687230542534038, -0.4378210460756322, -0.4919637722295851, -5.27992602982121, -0.07195121677838312, -0.54525471033564, -1.1543845298617965, -1.3893504389525773, -0.9288800062464135, -1.124808159009556, -2.0883878499182207, -2.277746118603393, -2.8824090686764166], "rss": [0.6261232620425647, 0.5866748678192841, 0.6242238519371978, 0.0130993554398795, 0.7989391394670845, 0.919336941087706, 0.4684267467205087, 0.42554599612406785, 0.6134171092909049, 0.9123314153091578, 0.9585569803355817, 0.8078794693236275, 0.6660275217723887, 0.6563793187837235, 0.6713032818588809, 0.6767800511233579], "rn16": [0, 0, 0, 0, 0, 0, 0, 0, 0, 0, 0, 0, 0, 0, 0, 0], "pos": [0.1042, 0.6503]}