{"time": 60298526.0, "tag": 1, "phase": [-4.814475269323327, -4.9082334441641855, -0.3031107782100969, 4.643285445137273, -0.44309468550666953, -0.4774596860520648, -5.276619018286772, -0.16691329899697704, -0.5442542269340613, -1.1064748354129295, -1.4089991995078275, -0.9220922195825061, -1.14523117328939, -2.060982670435433, -2.257347483239206, -2.9323344345456452], "rss": [0.661426472175108, 0.5731537377425135, 0.622561440572779, 0.011726759477588417, 0.8229137456863687, 0.8905238048312747, 0.4819772079138624, 0.392393832722546, 0.5844756929607637, 0.9257349912334997, 0.9305077230476588, 0.7648970215124532, 0.663672896718284, 0.6668070117298193, 0.6552511168878261, 0.6420513120961137], "rn16": [0, 0, 0, 0, 0, 0, 0, 0, 0, 0, 0, 0, 0, 0, 0, 0], "pos": [0.0705, 0.6305]}