{"time": 60451523.0, "tag": 1, "phase": [-2.9590028642857082, -4.101423594818699, 0.36990127071152196, 4.64568524281518, -0.16312246248796258, 0.10474420043147092, -4.661352397490754, -0.26380058535893536, 0.1689925006777102, -0.6760968848451678, -1.191810711444244, -0.5759043506503019, -1.601678098852767, -2.2628745430796533, -2.7695931578872353, -3.0852136905628322], "rss": [0.6875876710667552, 0.9630194401092016, 1.147445120594136, 0.029504425857108968, 1.3085735220382222, 1.4962766579313418, 0.9079152331400647, 1.144377052315372, 1.1060425279352601, 1.3879654433419386, 1.682824421600266, 1.2822241686813693, 1.71098590732557, 1.5929754279591417, 1.6796802273279716, 1.5078087927304478], "rn16": [0, 0, 0, 0, 0, 0, 0, 0, 0, 0, 0, 0, 0, 0, 0, 0], "pos": [0.0882, 0.5897]}