{"time": 60298526.0, "tag": 1, "phase": [-4.894207993814106, -4.888233403347044, -0.29379153456742185, 4.677482600964502, -0.43709366072423594, -0.47051265693946154, -5.278355609794252, -0.19319395579150278, -0.5252866060253594, -1.1800726627534996, -1.3837344164065097, -0.9301860407151579, -1.1214644171843733, -2.0741112579068974, -2.258465575878325, -2.8930258086613083], "rss": [0.6276840716876619, 0.5975527379195625, 0.5992429183958614, 0.013350379121025779, 0.7860597166641141, 0.9402170131733395, 0.4507052374929022, 0.38241412575359846, 0.6449603174102974, 0.8414538018573493, 0.9884369121589378, 0.7501179143324287, 0.6954006534062019, 0.6238598727759275, 0.6970572839485413, 0.6305602626087814], "rn16": [0, 0, 0, 0, 0, 0, 0, 0, 0, 1, 0, 0, 0, 0, 0, 0], "pos": [0.0435, 0.6121]}