{"time": 60298526.0, "tag": 1, "phase": [-4.852225840987144, -4.8680996396619545, -0.22040610576091113, 4.733604391070889, -0.38786903586883614, -0.48930842919356476, -5.301916441298237, -0.14219885011632982, -0.5392661032304091, -1.1373643803679792, -1.3460453211084535, -0.9197315399953485, -1.1071608290981132, -2.104215565070302, -2.2585451434263693, -2.9405844560870347], "rss": [0.6272762860001916, 0.575699145328025, 0.6465239800541487, 0.011157275267942942, 0.8007977553663491, 0.9176017671752565, 0.449887393640901, 0.4025293909915874, 0.5694573616715465, 0.8552371568204689, 1.0200445237903253, 0.774588505358907, 0.6303700764262323, 0.6312499467210531, 0.619662304728849, 0.6819777468290561], "rn16": [0, 0, 0, 0, 0, 0, 0, 0, 0, 0, 0, 0, 0, 0, 0, 0], "pos": [0.022, 0.5949]}