{"time": 59825437.0, "tag": 1, "phase": [-4.132481141882147, -5.729192190972461, 0.6238308550197063, 1.6641032817471708, -2.268353528606398, -0.588496484816311, -0.8327822842809596, -4.020087631440036, -3.892800761746635, 1.0518394362278378, 1.980301598269967, 3.1485270129797263, -0.3962107584371889, -0.16680322374817189, -1.5034629127691685, -1.0499022064510404], "rss": [0.616893592325972, 0.5471763885097647, 0.47151615355891124, 0.03007732886383256, 0.7930604276167851, 0.7341455144775569, 0.7021647331702028, 0.5828658308791154, 0.2612638225550927, 0.42494947961863844, 0.440136617540948, 0.30782954753434705, 0.6186601987357178, 0.6135911556750564, 0.6118897826337402, 0.594270041188549], "rn16": [0, 0, 0, 0, 1, 0, 0, 1, 1, 0, 0, 0, 1, 1, 0, 0], "pos": [0.09, 0.6002]}