{"time": 59825437.0, "tag": 1, "phase": [-4.10294711713358, -5.70085146334411, 0.6365945450510893, 1.5995720923506584, -2.243394535811152, -0.5779632895808187, -0.8558986076532817, -4.051022804427635, -3.869763576055966, 1.0928055555752525, 1.962607481038173, 3.1506286097647695, -0.41709063205275665, -0.0709855892377463, -1.5460255930945894, -1.0392921366488541], "rss": [0.5785033175487005, 0.5338006463966666, 0.5436188652384512, 0.03273735485750463, 0.7536161501913813, 0.7704357046779842, 0.7125092544031707, 0.5880192143088576, 0.2627883949447137, 0.437033366095546, 0.4548826579136334, 0.2871881878216971, 0.6229012443571221, 0.6309751378312372, 0.6481983279734308, 0.5932413648959718], "rn16": [0, 0, 0, 1, 1, 1, 0, 0, 0, 0, 1, 1, 0, 0, 0, 0], "pos": [0.1445, 0.6051]}