{"time": 59825437.0, "tag": 1, "phase": [-4.116577482643893, -5.695449946525555, 0.6338698857126741, 1.6755288949500546, -2.2436401026228685, -0.6092723008034995, -0.9281188563511598, -4.060129538045677, -3.868832083243216, 1.0633583572917014, 1.929139007428661, 3.1834054357339516, -0.38283417770413253, -0.19269932119859928, -1.517696016139028, -1.0549501152898582], "rss": [0.6484987140996052, 0.5307268520157039, 0.3935318241710744, 0.028852879857787703, 0.7748280659781309, 0.7401947611097819, 0.7620306836495856, 0.578014088440606, 0.25990878499439246, 0.42547840506982837, 0.4715593048492205, 0.29283807924024446, 0.6186098068650329, 0.6125203443504287, 0.6146194935436994, 0.5953821443590901], "rn16": [0, 0, 0, 0, 0, 0, 0, 0, 0, 0, 0, 0, 0, 0, 0, 0], "pos": [0.1891, 0.611]}