{"time": 60592599.0, "tag": 1, "phase": [-1.5532158363854822, -3.004377327530692, 1.3862495872264213, 5.0987009065893725, 0.3840890951234309, 0.9957102269513364, -3.7649460240435166, -5.9632123921107505, -4.791095047511354, 0.4147767154139299, -0.25737589564769425, 0.6331036285873884, -0.9788415595055274, -1.3836255492932041, -2.169439461546101, -2.2510713243747484], "rss": [0.6414589275082933, 0.6445226600832558, 0.9254222513670664, 0.02913885460656768, 1.127457698784318, 1.2258119371997758, 1.0242372390761318, 0.9722303610026686, 0.7519263065684465, 0.979003319344572, 1.3181974079693843, 0.890351254445669, 1.4517487400517328, 1.3757691488882065, 1.5762990560282417, 1.381902936847714], "rn16": [0, 0, 0, 1, 0, 0, 0, 1, 1, 0, 0, 1, 1, 1, 0, 0], "pos": [0.0904, 0.6164]}