{"time": 60592599.0, "tag": 1, "phase": [-1.6241158423715099, -3.0030350918338966, 1.346923640521838, 4.857848316103381, 0.32601629373058605, 1.0040884481925483, -3.794939342404636, -5.941873329903934, -4.883215169016436, 0.4816554218528388, -0.18539428621424736, 0.5831685828514619, -1.02060720930581, -1.3931428014030205, -2.1571918331357156, -2.272531689864502], "rss": [0.5929759132970157, 0.6949653986763176, 0.9781842672260253, 0.02444624643022318, 1.1820058492927457, 1.237660669141353, 0.9481966643270401, 0.914497909751666, 0.7608584387531777, 0.9899345229305567, 1.1945238513110121, 0.9689439191982231, 1.564639905086224, 1.3954557189969976, 1.5750861225077508, 1.430802311020774], "rn16": [1, 0, 1, 1, 1, 0, 0, 1, 0, 0, 1, 0, 0, 1, 0, 1], "pos": [0.013, 0.6221]}