{"time": 60592599.0, "tag": 1, "phase": [-1.4835344107755029, -3.0487007949274654, 1.3125977872571084, 4.920880371135004, 0.35622709734755087, 1.003289176792538, -3.8007786788356963, -6.017634289673418, -4.820947675051137, 0.34488801701098715, -0.22849886173376271, 0.5380065126074833, -0.974077015348896, -1.385667408968767, -2.1759709840515087, -2.3328313003991132], "rss": [0.6262985678135595, 0.616141718059468, 1.0502683662180266, 0.026966539943279917, 1.1794631193013527, 1.2428600322626158, 1.000646845680035, 1.134123194294007, 0.7175237224157777, 1.012262071531745, 1.2852281857253587, 0.985258876909619, 1.5316455438611998, 1.3357040116037306, 1.6228651670711896, 1.4786562148251183], "rn16": [1, 1, 1, 0, 1, 0, 1, 1, 0, 1, 1, 1, 1, 0, 1, 1], "pos": [-0.0505, 0.6268]}