{"time": 60037380.0, "tag": 1, "phase": [-4.3682115746239525, -5.6352973615967095, -0.4147914250268151, -0.23422644461165198, -3.534860127722486, 4.38618381951704, -0.8769818439615555, -4.300674946081296, -5.101860168280398, -0.7481670439905689, -0.5723557017731044, 1.1654334421223302, -3.6064625416402287, -2.8611540662308292, -4.708820027804636, -3.689101196967484], "rss": [0.34495198859434095, 0.4409986941561706, 0.27237249595578733, 0.021128808718721814, 0.7954830924193097, 0.568968027607789, 0.5335314315768114, 0.6009297851528755, 0.19314317672199674, 0.1810594713780145, 0.3473476928859086, 0.18281650923629025, 0.6086589129262792, 0.6258530297380093, 0.6589590271780844, 0.5698453286647145], "rn16": [0, 0, 0, 0, 0, 0, 0, 0, 0, 0, 0, 0, 0, 0, 0, 0], "pos": [-0.0247, 0.6407]}