{"time": 60037380.0, "tag": 1, "phase": [-4.1444453418755645, -5.719023208692001, -0.4707011764541574, -0.31513722507916997, -3.636895878581774, 4.367863684650368, -1.0436438156364778, -4.36971244061317, -5.021539805193515, -0.8807921088569362, -0.7271534009333018, 1.250203107098079, -3.5309515442109722, -2.9071408611979948, -4.699943273044727, -3.8078029685901793], "rss": [0.3529656042357867, 0.4405377000843955, 0.32790607771491603, 0.01969074783179487, 0.785299062342297, 0.5466531211891833, 0.4423444698152602, 0.5615755162882031, 0.20984528615221373, 0.19671251750404653, 0.2937393853777991, 0.1788789290339375, 0.6515425437161692, 0.5902184847333403, 0.682722903487023, 0.5968677417497275], "rn16": [1, 1, 0, 0, 0, 1, 0, 0, 0, 1, 0, 1, 0, 0, 1, 1], "pos": [-0.002, 0.6538]}