{"time": 60451523.0, "tag": 1, "phase": [-2.9106062063421745, -4.193746803349308, 0.2916302880860651, 4.574136578241802, -0.21337146733880297, 0.06373523248404056, -4.614063069588504, -0.18315910654201462, 0.18544837281012372, -0.632711681445329, -1.3438912627688095, -0.7062300392596503, -1.642997520584646, -2.249775297812667, -2.7589980335773765, -3.0984593832082927], "rss": [0.747277595607661, 0.8521783867845301, 1.1250117886061037, 0.03037523564269071, 1.327182332210895, 1.541390584717683, 0.9249044946235115, 1.1243625811015856, 1.1138045892930661, 1.4320250230510692, 1.5147729187791312, 1.2197294481330576, 1.595981500455469, 1.5240777527476632, 1.728964799141913, 1.5312462883228921], "rn16": [0, 0, 1, 0, 0, 1, 1, 1, 1, 1, 0, 0, 0, 0, 0, 0], "pos": [0.0263, 0.586]}