{"time": 60037380.0, "tag": 1, "phase": [-4.287520734960717, -5.686641848790986, -0.509685993146074, -0.17676347975445816, -3.6674910131983407, 4.32436603507207, -0.9577463715896322, -4.486973055036657, -5.102125648773187, -0.9382791753734165, -0.5832921871360588, 1.1055289624265427, -3.605521014758439, -2.9460352355516686, -4.630636284088826, -3.7893602060545284], "rss": [0.3501704372452668, 0.4458695780430305, 0.2790185335792399, 0.019110393400345954, 0.8173350922606902, 0.5821037709959692, 0.5312427605437401, 0.570728448726512, 0.21569478970240086, 0.19984586200313495, 0.39535781673218806, 0.15536358437164965, 0.6397273518793773, 0.547450729843887, 0.7509684063648912, 0.6033628978672019], "rn16": [0, 0, 0, 0, 0, 0, 0, 0, 0, 0, 0, 0, 0, 0, 0, 0], "pos": [0.0162, 0.666]}