{"time": 60037380.0, "tag": 1, "phase": [-4.255147420454568, -5.764432130025375, -0.5865867146377405, -0.2035915818581122, -3.6587504949883356, 4.284063553470643, -0.941379164815193, -4.418293561172497, -5.117271329593796, -0.7921695016703109, -0.6417135962176918, 1.0627790457718218, -3.632238672994631, -2.9156235455774118, -4.753319120394223, -3.820471914913444], "rss": [0.3320235479561153, 0.4300274199359569, 0.327521151863681, 0.02076750349895796, 0.8049955321845828, 0.5806334790450558, 0.5233408953125521, 0.5809232143214939, 0.20056316992326012, 0.17492741343877669, 0.3710759696894359, 0.17324251561884835, 0.6480721332236213, 0.608507676722068, 0.6989920899120595, 0.6382765749315809], "rn16": [0, 0, 0, 0, 0, 0, 0, 0, 0, 0, 0, 0, 0, 0, 0, 0], "pos": [0.0308, 0.6774]}