{"time": 60001514.0, "tag": 1, "phase": [-4.766060782492615, -4.5812494525611545, 0.42862265814803424, 5.4303465076815876, 0.4127420887468175, 0.48066252606047155, -4.478405499468542, 0.05984019798973428, 0.8845214624704494, -0.09434804772878236, 0.1865611747500897, 0.3696445446485461, 0.47932555973526014, -0.4610630621900039, -0.6314905647445972, -1.252938580164835], "rss": [0.8615477535930615, 0.8750438991093363, 0.5485063234565448, 0.0205379213386174, 0.7307568395118259, 0.6791071258602237, 0.45076739371340846, 0.5645114484461057, 0.5751919228094062, 0.6108070910700254, 0.664830838925459, 0.6469402470399066, 0.43353460508215924, 0.4199120926568244, 0.4814093613825871, 0.4130062374227793], "rn16": [0, 0, 0, 0, 1, 0, 0, 0, 0, 0, 0, 0, 0, 0, 0, 1], "pos": [0.0442, 0.6522]}