{"time": 60001514.0, "tag": 1, "phase": [-4.76075173474161, -4.5294987085562255, 0.4945527481120237, 5.454868342190002, 0.4212292438803066, 0.3519203759455336, -4.39955256085162, 0.04514156826669158, 0.8892062820114339, -0.06387699939289715, 0.11687295805312917, 0.31507942237439435, 0.502691221356794, -0.41222377330074955, -0.6246328495176923, -1.2319832681443805], "rss": [0.8776143788611374, 0.8259035626888864, 0.560086182715932, 0.020707516324174682, 0.7392049059806106, 0.7188637617357613, 0.4509182518039751, 0.5913008673732815, 0.5757081773621575, 0.6151060382135748, 0.722948689470843, 0.675867745833574, 0.4712409668202901, 0.4381978968197343, 0.46165854915639604, 0.4327447952463164], "rn16": [0, 0, 1, 1, 0, 0, 1, 0, 0, 0, 0, 0, 0, 0, 0, 1], "pos": [0.0555, 0.6291]}