{"time": 60001514.0, "tag": 1, "phase": [-4.788328803094714, -4.51479042608727, 0.4791273556391295, 5.476426426643402, 0.46827808442646324, 0.43133726919076265, -4.466910359734455, 0.07970390535902183, 0.9078983103820195, -0.10993865865019892, 0.12571220602743466, 0.39466008297607846, 0.5122324175554174, -0.3290186724124905, -0.615136006456197, -1.221581964244916], "rss": [0.9407867230402127, 0.8642780926129514, 0.5321289855899847, 0.021770394778038337, 0.7269043537926609, 0.6745918320972584, 0.4694922200186036, 0.6177370067832896, 0.5575614802930938, 0.6404777153723695, 0.7111676816881305, 0.6352353069852823, 0.42903790558353466, 0.4383288448183123, 0.4679297946835968, 0.43346924626179506], "rn16": [0, 0, 0, 0, 0, 0, 0, 0, 0, 0, 0, 0, 0, 0, 0, 0], "pos": [0.0614, 0.6076]}