{"time": 60287392.0, "tag": 1, "phase": [0.5249876227588017, -1.503446642133548, -2.737580742752353, 0.31349942156083843, 2.0523543258061285, 3.2230165123432037, -1.8369962523540266, -4.893643388764057, -1.490836221931399, -3.1858811947579637, 2.196323185818915, -1.2568112515463312, 0.8539844301084853, 0.8662137427516402, -0.277083761108311, -0.04332213701406429], "rss": [0.679507509447814, 0.5345147275155353, 0.3368728971758126, 0.005449425255565717, 0.7223244985870999, 0.40387098562474383, 0.3870544456803762, 0.6137531182565399, 0.29848244738060603, 0.3126940277745504, 0.5348680595960205, 0.2663476726428428, 1.0912975565797243, 0.5375262882886823, 1.1493333085169173, 0.6785848933230558], "rn16": [0, 0, 0, 0, 0, 0, 0, 0, 0, 0, 0, 0, 0, 0, 0, 0], "pos": [0.0245, 0.6161]}