{"time": 60287392.0, "tag": 1, "phase": [0.48646081056457025, -1.2506425636298344, -2.552058349624545, -0.22569813318124643, 1.973912356319902, 3.2125871796781493, -2.2428909949240774, -5.160806732141266, -1.4965592630647127, -3.1756702712609295, 2.0532491376393365, -1.6643092741739016, 0.8751737596736209, 0.8892447154897185, -0.2817086603522718, 0.12641107253027672], "rss": [0.7985534687608452, 0.5483928529403433, 0.46585031039485186, 0.003060300407229019, 0.5345728213333553, 0.4298662685140989, 0.8513840432950439, 0.8200593930625436, 0.30973822030905857, 0.4018747040913882, 0.5240833317426514, 0.22199946546197566, 1.0783569047004353, 0.554896353405324, 1.0712899038137753, 0.5316961124335781], "rn16": [1, 1, 0, 0, 1, 1, 1, 1, 0, 0, 1, 0, 1, 0, 1, 1], "pos": [-0.004, 0.6262]}