{"time": 60287392.0, "tag": 1, "phase": [0.399301282742782, -1.454417823856158, -2.519893991398813, 0.2504291561720384, 1.773288748179065, 3.2156056278439733, -2.0169465655093175, -5.099041136360032, -1.6033836607082552, -3.2048665594284707, 2.044537947527375, -1.5278947891508126, 0.9561892826882203, 0.8540620318501487, -0.2573993628262552, -0.10258705792491563], "rss": [0.6684056271222306, 0.5625354699056272, 0.4749808496035791, 0.0025576279846520047, 0.5864138055791057, 0.4176853240536168, 0.5845616238793316, 0.7600917184787813, 0.3825700090492205, 0.30889360011317685, 0.5081363384117578, 0.214347581403049, 0.8353302315313321, 0.46868426314441103, 1.2232770898597043, 0.6508941863755703], "rn16": [0, 0, 0, 0, 0, 0, 0, 0, 0, 0, 0, 0, 0, 0, 0, 0], "pos": [-0.0286, 0.6352]}