{"time": 60287392.0, "tag": 1, "phase": [0.4890868187120305, -1.3921647066750187, -2.7073863941599186, 1.0755032252757935, 1.9296234986483158, 3.185354726990745, -2.0230102839260633, -5.069610726427377, -1.6457276812580606, -3.160975988635962, 2.149250118930885, -1.690459772367797, 0.880224848922063, 0.9312449710687674, -0.2668603336678341, 0.11180329698429103], "rss": [0.6468365752434487, 0.5913641794700747, 0.38344700011181027, 0.009248163033888476, 0.6246985995892942, 0.43705328839994767, 0.6692838011022662, 0.7173584409352689, 0.389157630563236, 0.31929710414220736, 0.4902213774462339, 0.23928039203822618, 0.9754618361864035, 0.677724178591252, 0.9563959294631127, 0.6210920466981327], "rn16": [0, 0, 0, 0, 1, 1, 0, 0, 0, 0, 0, 0, 0, 1, 1, 0], "pos": [-0.051, 0.6448]}