{"time": 60599017.0, "tag": 1, "phase": [-4.963348103189561, -4.856911246318041, -0.06542712831272009, 5.150630614883571, -0.004748251760925304, -0.06774414033164056, -4.999941351451112, -0.023273626139880044, 0.05749072479300743, -0.7342551015795098, -0.7653929616846359, -0.5244141894585039, -0.4956384543907345, -1.4831955965972239, -1.5399397039606662, -2.3278386213160704], "rss": [0.7656099526358079, 0.7187007497451409, 0.5788951063377598, 0.010397808039703423, 0.7155258627555939, 0.9003643849980122, 0.4468082524868582, 0.4445916635401059, 0.5727428479255786, 0.7268677151603739, 0.9109395904902933, 0.7793304390174642, 0.5746890646718121, 0.6159446763644306, 0.5373198338927719, 0.6133602765113914], "rn16": [1, 0, 0, 0, 0, 1, 0, 1, 1, 0, 1, 1, 0, 0, 1, 0], "pos": [-0.0395, 0.6229]}