{"time": 60451523.0, "tag": 1, "phase": [-2.844850446370529, -4.161957268757572, 0.2614874677200879, 4.525701554135749, -0.23224813690565577, 0.14589967752225474, -4.571360491696118, -0.23519154914962126, 0.16295036610775382, -0.6545308556759009, -1.2216907027708381, -0.6171523194384363, -1.609945635164721, -2.267509745276675, -2.7206441646632147, -3.094310097023409], "rss": [0.858100783239794, 0.8421439695883911, 1.0805844505443198, 0.027942756638238204, 1.3467943819108847, 1.6564995076794424, 1.0034011459494048, 1.089960883562446, 1.0930329925582147, 1.3931629577635556, 1.6789614235162849, 1.2725180115902004, 1.690050040187961, 1.448526240783844, 1.7527735620073888, 1.6043863060027141], "rn16": [0, 0, 0, 0, 0, 0, 0, 0, 0, 0, 0, 0, 0, 0, 0, 0], "pos": [-0.0256, 0.5838]}