{"time": 60599017.0, "tag": 1, "phase": [-4.876017111725918, -4.806202894409773, -0.08340949779321556, 4.956847850148549, -0.028969866158527036, -0.13329200249063122, -4.833823386945996, -0.11795436247464197, 0.006002371958170105, -0.7189022351835584, -0.7936122286875729, -0.4283758135539706, -0.4220087172327639, -1.430905576615015, -1.6008665254563517, -2.341249227269163], "rss": [0.7641907512301841, 0.7391998873218107, 0.6244203161869271, 0.011270431054251998, 0.7576510606363958, 0.8631770460226064, 0.47594030865606773, 0.4932523427907715, 0.5672002615258358, 0.6933902960009393, 0.8693697980677931, 0.7899083090866683, 0.5525125898747247, 0.620040471219527, 0.5585443031633307, 0.6044299017068077], "rn16": [1, 0, 1, 0, 0, 1, 1, 0, 0, 1, 0, 1, 1, 0, 0, 0], "pos": [-0.0293, 0.6032]}