{"time": 60599017.0, "tag": 1, "phase": [-4.993838861752394, -4.852060970831211, -0.07019524522741198, 4.935284368149732, 0.007118442331738084, -0.0860073450356007, -4.852514534383776, -0.013704853145883877, 0.1252298922324604, -0.7440186363245397, -0.8326843775338507, -0.5082862160222106, -0.3980837270653782, -1.3543707796687148, -1.5296577101778606, -2.2963120204892835], "rss": [0.781219388343958, 0.7073576711118135, 0.5948258827807392, 0.011746409258177626, 0.7423873176060942, 0.906958251375842, 0.4600625309353427, 0.46449125097010063, 0.5844858411230669, 0.6976845420612378, 0.838755780122605, 0.7774296591455282, 0.5737013986314813, 0.6145043555085955, 0.5796869894728391, 0.6125576853098769], "rn16": [0, 0, 0, 0, 0, 0, 0, 0, 0, 0, 0, 0, 0, 0, 0, 0], "pos": [-0.015, 0.5676]}