{"time": 60222168.0, "tag": 1, "phase": [-4.903553636371177, -0.2568650278399853, -0.2627873718915986, 1.5516849404727768, -2.5426052063798465, -1.1634733770216974, -1.5865637152806926, -4.399413505410914, -4.429733411427834, 0.25776228005278257, 1.346665210302207, 2.5339616721354163, -0.5390067104667993, -0.40042276548764066, -1.7740066138258512, -1.2794744453419324], "rss": [0.6943078728252047, 0.6125694383249543, 0.5773661921518808, 0.037764856263291416, 0.9465518810027652, 0.7697707135634161, 0.8192805944635815, 0.6809285082644275, 0.33066779393768164, 0.5152887505819165, 0.618592722396141, 0.3501491073208805, 0.7268413797300284, 0.6199249231914693, 0.7109818362076908, 0.6245396224605787], "rn16": [0, 0, 0, 0, 0, 0, 0, 0, 0, 0, 0, 0, 0, 0, 0, 0], "pos": [0.0653, 0.5715]}