{"time": 60222168.0, "tag": 1, "phase": [-4.873638460043962, -0.26060861866157126, -0.2380452856366418, 1.5977208310774138, -2.522495981431395, -1.1698077266574007, -1.580760529696919, -4.372251840900601, -4.367051582771312, 0.18820905404583588, 1.3375347436993081, 2.5232116617331863, -0.5986767462095532, -0.489338815047072, -1.684519065703897, -1.2668499069013608], "rss": [0.623823492312973, 0.5907014321405841, 0.6328324089584667, 0.03923921600832609, 0.9429822683829713, 0.7544680230838864, 0.8551795358655413, 0.6854583430542452, 0.30276302644138897, 0.5391104346660913, 0.5993901472459829, 0.3889516538410095, 0.7523365773158348, 0.6642375083556729, 0.7261798270086038, 0.6235948236114354], "rn16": [0, 0, 0, 0, 0, 0, 0, 0, 0, 0, 0, 0, 0, 0, 0, 0], "pos": [0.1283, 0.5754]}