{"time": 60222168.0, "tag": 1, "phase": [-4.8701529630797005, -0.2424098158975725, -0.20590230980376925, 1.6163083251918549, -2.5360345883518236, -1.1416923399292693, -1.5482616666535047, -4.429215458150039, -4.38513542324386, 0.24278975112890366, 1.3530045809028568, 2.522426554088546, -0.6274763939742604, -0.4125909431527248, -1.7028127639604316, -1.252238054882691], "rss": [0.7127215225386039, 0.5738244914193192, 0.5972114082030653, 0.03923675738940461, 0.7869839662841419, 0.7549148989948575, 0.7267857793447842, 0.6897699437838796, 0.3190019877475443, 0.5139670629884739, 0.6010507158763683, 0.3645746824167072, 0.720030324336643, 0.628035469991535, 0.7256566280615814, 0.6217591620776499], "rn16": [0, 0, 0, 1, 1, 0, 0, 0, 0, 0, 0, 0, 0, 1, 1, 0], "pos": [0.1786, 0.5791]}