{"time": 60222168.0, "tag": 1, "phase": [-4.875781918614965, -0.2418121726839071, -0.1611030122825181, 1.587228907535625, -2.4916294744840726, -1.1455871085482274, -1.5623545205687595, -4.418533446200354, -4.375506182448952, 0.30060310420186553, 1.3629834675502226, 2.5423596559777764, -0.6293268755155721, -0.3759752217958674, -1.7477724640125838, -1.1631205723433846], "rss": [0.6927544139951008, 0.6399447155023592, 0.5671962376004737, 0.037527543573906266, 0.7508285299331896, 0.7428612566020574, 0.780893252831536, 0.7188631336427769, 0.31064292245210323, 0.47388484955632715, 0.5622670467929233, 0.35729948923045146, 0.741681413444323, 0.6251214142570373, 0.7596713297006364, 0.5983628634749233], "rn16": [0, 0, 0, 0, 0, 0, 0, 0, 0, 0, 0, 0, 0, 0, 0, 0], "pos": [0.2202, 0.5823]}