{"time": 59905471.0, "tag": 1, "phase": [-4.605056128914222, -4.614289844557224, 1.0110361304745064, -0.5856024451017849, 0.7111274918090237, 0.7903568932707684, -4.820299764493482, -6.19821661004292, -4.550511759044811, 0.8429631760311997, 1.3498928123103593, 2.114475458063015, 1.9761857819945718, 1.1661906811296763, 0.8168818786698107, 0.20967476541244423], "rss": [0.9775898774057481, 0.8950597071476376, 0.7156327860068064, 0.031099578568630635, 0.8627268692187217, 0.48414901079306094, 0.6517363269370131, 0.8189422485570983, 0.5899559049091103, 0.71091637874366, 0.6340168182591396, 0.5833198288090871, 0.49165999300246693, 0.6159738979779613, 0.5007401619221946, 0.6198558415148289], "rn16": [0, 1, 0, 0, 0, 0, 1, 1, 0, 0, 1, 1, 1, 0, 0, 1], "pos": [0.2278, 0.5626]}