{"time": 59905471.0, "tag": 1, "phase": [-4.546498597352944, -4.59490545431136, 1.096463240208604, -0.5636225650453022, 0.6661234959301275, 0.8766927211382944, -4.859191000229539, 0.028786337667809025, -4.5428625317219975, 0.8127647270309775, 1.4879640602539974, 1.9969657896057984, 2.0075663985768877, 1.1282241504493908, 0.8302455241030167, 0.15441536942320644], "rss": [0.9585187437135995, 0.9522863915683532, 0.7029247008592284, 0.03510509210891398, 0.8479319155175897, 0.5205891822744046, 0.6633522510268117, 0.7784413402613797, 0.5726660677234499, 0.6582991226909518, 0.6216415188168362, 0.5181268462072153, 0.5043169399115013, 0.5949816067129047, 0.49785190102399973, 0.6437346555973101], "rn16": [0, 0, 0, 0, 0, 1, 1, 0, 0, 0, 0, 0, 0, 1, 1, 1], "pos": [0.2326, 0.5443]}