{"time": 59905471.0, "tag": 1, "phase": [-4.6076602483938505, -4.588507836773583, 1.082049681782556, -0.5542060784572111, 0.68215513665714, 0.8117558484815947, -4.871275673763278, 0.035972152576408956, -4.492483071973092, 0.8574683012704549, 1.3846305616090098, 2.039190623515535, 1.8784753141972068, 1.135966451428382, 0.707105884133052, 0.3319769008898772], "rss": [0.9193976813852314, 0.9444357637807194, 0.6859946089284457, 0.03114240387946215, 0.8492131611312974, 0.4790039060855168, 0.6544303815777497, 0.8594851482050165, 0.5812384831008408, 0.7027572977083391, 0.6387699426692902, 0.516733011671879, 0.49628154675091785, 0.6050411118673201, 0.4826499649278132, 0.6159369188471775], "rn16": [0, 0, 0, 0, 0, 1, 1, 1, 0, 0, 1, 0, 0, 1, 0, 0], "pos": [0.2369, 0.5273]}