{"time": 60492574.0, "tag": 1, "phase": [-1.3060274855842295, -2.8602579992551793, 1.534180418418748, 5.2359764238136055, 0.4284185609383696, 1.1965095554901846, -3.6129842536063506, -5.861874691192247, -4.606109410614547, 0.6215707001366331, 0.05131367436450504, 0.888154350233298, -0.8261519977812047, -1.2366188921063188, -1.9943829341848256, -2.0878187493666314], "rss": [0.6289184691833026, 0.5879764721222449, 0.9877802813209062, 0.025898868674157704, 1.1901048157308343, 1.185330361067582, 0.9764384991101026, 0.971033515842184, 0.7135934540124148, 0.851753493924726, 1.085158598252179, 0.8160217056008624, 1.353043365791157, 1.2985254709393683, 1.356885886402039, 1.2241495062609635], "rn16": [0, 1, 0, 0, 0, 0, 0, 0, 1, 1, 1, 0, 1, 1, 1, 0], "pos": [-0.0798, 0.5918]}