{"time": 60050223.0, "tag": 1, "phase": [-1.850355968976205, -3.269796718092753, 1.132646098421669, 5.014101915759445, 0.2886958554733342, 0.7628397445730926, -3.9169803354942925, -6.006544895919578, -5.056291877974287, 0.18162900096130086, -0.5831765140642993, 0.21240351331092944, -1.1882405059375154, -1.5339245919331617, -2.2861526878617506, -2.402640428464136], "rss": [0.5920760868841636, 0.7019889498166066, 0.9470954976574315, 0.0216566078930871, 1.1398468361304108, 1.4046347014854506, 0.9828137449215496, 1.001743133048284, 0.7943982914326971, 1.0924319445814628, 1.3786312630399116, 1.1554575467094914, 1.6467031852454965, 1.4629481961886, 1.6873971166313761, 1.3456791401822685], "rn16": [1, 1, 1, 0, 1, 0, 0, 1, 1, 1, 0, 1, 0, 1, 0, 1], "pos": [0.1333, 0.5351]}