{"time": 60050223.0, "tag": 1, "phase": [-1.7997433985102007, -3.269123154378752, 0.9357130380422162, 4.924292673837883, 0.25377857500430534, 0.8081198927314606, -3.9677435502422895, -6.009707366128739, -5.094158816149639, 0.10393809740447546, -0.3868827464652028, 0.4572909453027121, -1.1514283893679471, -1.608917522984364, -2.333266192318155, -2.347828395602586], "rss": [0.6544566669837385, 0.6679026295803995, 1.0724490448936563, 0.028206986639880575, 1.1518036966493987, 1.404607177851563, 0.919640785217072, 1.004981017492567, 0.8117393440922013, 1.124399496020655, 1.3137182704527388, 0.9085418991443683, 1.6460839963562661, 1.4341163324104604, 1.7130985513980028, 1.3445782585173847], "rn16": [0, 0, 1, 0, 0, 1, 1, 1, 1, 0, 0, 1, 0, 0, 0, 1], "pos": [0.048, 0.544]}