{"time": 60050223.0, "tag": 1, "phase": [-1.7805644309394084, -3.236858534704673, 1.0809388415403167, 4.925297918443718, 0.2206653812543179, 0.8935649951206313, -4.037953877789675, -6.117966141982098, -5.121294068816301, 0.10644006343326451, -0.4281115585611172, 0.25467490036896523, -1.1302472879025387, -1.5575822115480535, -2.2246911870637005, -2.49008303544489], "rss": [0.6350342868594196, 0.698225822764912, 0.9769131905496591, 0.02782365784103097, 1.1747261081054126, 1.3406073095720807, 1.060159104017906, 1.2063320490228726, 0.8454022783128393, 1.1064279999446391, 1.4136674235106714, 1.0715920243885344, 1.6663091489469812, 1.4251605585884297, 1.6316676036209923, 1.5087532415659202], "rn16": [0, 0, 0, 0, 0, 0, 0, 0, 0, 0, 0, 0, 0, 0, 0, 0], "pos": [-0.0178, 0.5506]}