{"time": 60483304.0, "tag": 1, "phase": [-4.87731816847745, -0.49672636096144984, -2.1807154424846877, -0.6070072562975755, 2.1037339845370746, 2.4868579040189194, -1.4287842115417213, -4.813617964095949, -0.23518707026029495, -2.6970144389190223, -2.92295793634224, -0.798517654525777, 1.5598230039717316, 1.7812237404220899, 0.5480464306918007, 0.8453421215051597], "rss": [0.398281598453622, 0.597654493948986, 0.3890855433041912, 0.002950511568292101, 0.26724594034001337, 0.23825247426050078, 0.33076011434206515, 0.5315634099982924, 0.35284644201726373, 0.23856975628187826, 0.4307502616887499, 0.10378883569752687, 0.5166559151959693, 0.46714908591286813, 0.6516207586553433, 0.48302231412757807], "rn16": [0, 0, 0, 0, 0, 0, 0, 0, 0, 0, 0, 0, 0, 0, 0, 0], "pos": [-0.0047, 0.5691]}