{"time": 60483304.0, "tag": 1, "phase": [-4.923132743021139, -0.4621473304610455, -2.2168804677045926, 0.17619854647301736, 2.0364248922383035, 2.442752836561092, -1.4912064195548471, -4.82115360836818, -0.22012443788841485, -2.8003970983364637, -2.8033638592751102, -1.109855036995425, 1.5638400985664531, 1.799591386839335, 0.4594324039180253, 0.8386696808950735], "rss": [0.4059671642925829, 0.6243445651389894, 0.37806408166602606, 0.006771432030598569, 0.2544310929714655, 0.2310447072236033, 0.28039080835659147, 0.5279167961015683, 0.36640146075159546, 0.31256070244088424, 0.45083702123543135, 0.13051023114503427, 0.521943531297348, 0.5147779693785649, 0.5711062635780108, 0.49049239036521175], "rn16": [0, 0, 0, 0, 0, 0, 0, 0, 0, 0, 0, 0, 0, 0, 0, 0], "pos": [-0.0134, 0.5946]}