{"time": 60483304.0, "tag": 1, "phase": [-4.855439417984488, -0.4640882481705355, -2.215244707516973, 0.21528156491685602, 1.733099739682571, 2.615510049974291, -1.4532586240097058, -4.830733490443167, -0.19319615431686454, -2.8021248465882804, -2.9392652475098786, -0.47748977070352483, 1.5469755288611995, 1.833617027147723, 0.5403447433050257, 0.8994590137510068], "rss": [0.4227844630044474, 0.6278536695257666, 0.3977830317158737, 0.0052960671462889625, 0.27395251261135617, 0.27401622949484467, 0.3353420708296418, 0.4704446835988908, 0.3905889486735759, 0.28384397723890115, 0.400068795775574, 0.12678839165192712, 0.5403866003353326, 0.5281069128476021, 0.6349919792375527, 0.47347699674454713], "rn16": [0, 0, 0, 0, 0, 0, 0, 0, 0, 0, 0, 0, 0, 0, 0, 0], "pos": [-0.0207, 0.6163]}