{"time": 60483304.0, "tag": 1, "phase": [-4.781024585168629, -0.5462990447053735, -2.263535189043486, -0.13811938004584778, 1.8271602029815024, 2.283550774926953, -1.5658686920057943, -4.775529775177775, -0.25543698337030496, -2.756145475291902, -2.932918782648455, -1.1241297204507745, 1.5736703786918746, 1.7879592455427815, 0.4317738176547139, 0.8417335738012957], "rss": [0.3866990739862006, 0.6113723629505374, 0.35712605694342264, 0.006581266815568915, 0.2845806164585101, 0.22992495003521343, 0.2210646486048763, 0.5514476790656796, 0.3517870633709399, 0.28932497290083964, 0.43105361854606133, 0.1472541995957834, 0.5403176269804062, 0.4862059110944888, 0.5312106860400457, 0.4713275187153544], "rn16": [0, 0, 0, 0, 1, 0, 0, 0, 1, 0, 0, 0, 0, 0, 0, 0], "pos": [-0.0176, 0.6358]}