{"time": 59949447.0, "tag": 1, "phase": [-1.5486617113673375, -3.0569631111264393, 1.3033323241176749, 5.136457445245994, 0.3816719202569855, 0.9658376333194346, -3.830829341889409, -5.985126410988846, -4.919209351221354, 0.29368308282759537, -0.2566964291521704, 0.6808098758767407, -1.065752102721964, -1.419562748629106, -2.1516412049903493, -2.2707441269659903], "rss": [0.5576507843496781, 0.5937495863748953, 0.9623236620347906, 0.028375244736254506, 1.116046038472691, 1.260625393085849, 1.0449295178124958, 1.0501190437834758, 0.7208332121898846, 1.0288937781571765, 1.2148726785677784, 0.8280026674341815, 1.5677615842471784, 1.417661027330508, 1.551289692706206, 1.361577484715655], "rn16": [0, 0, 0, 0, 0, 0, 0, 0, 0, 0, 0, 0, 0, 0, 0, 0], "pos": [-0.0712, 0.6385]}