{"time": 59949447.0, "tag": 1, "phase": [-1.6284220556563218, -3.1155375756719135, 1.2834011200576718, 5.190401632805324, 0.3567325635908639, 0.9712483630012706, -3.7636074968437567, -5.9765646579189085, -4.965397320848798, 0.3961002517799408, -0.2133398632181241, 0.5245764591830845, -1.0276057809014127, -1.400823584884125, -2.1263803447890837, -2.2960124573705953], "rss": [0.5495376150577325, 0.6273074493240252, 1.0072420817823893, 0.022662252524226448, 1.1242598637681431, 1.260380401556949, 1.1034616913234416, 1.047918515138236, 0.7495566086902005, 1.040314442152118, 1.247231186228142, 1.0022537296781417, 1.5071264545494165, 1.3477106284950566, 1.4903797153063916, 1.4288375839245893], "rn16": [0, 0, 0, 0, 0, 0, 0, 0, 0, 0, 0, 0, 0, 0, 0, 0], "pos": [-0.1118, 0.6393]}