{"time": 59949447.0, "tag": 1, "phase": [-1.5222853069755482, -3.0667329378133967, 1.3139545618698636, 5.1949228598016965, 0.36264515123671603, 0.9247541800010344, -3.7030576823237764, -6.007080931160004, -4.838936406395227, 0.3298865378861773, -0.24439802392646304, 0.6244293504865903, -0.990357624961329, -1.3880288242641672, -2.169767573540755, -2.268060237679113], "rss": [0.6065725925834589, 0.6000389084344889, 0.9811824331232091, 0.023638192028255862, 1.1727735540452773, 1.2667902371195645, 1.0028200551209738, 1.0642466631594192, 0.7042220868479645, 1.0409334549175806, 1.31872637036097, 0.8638340278336983, 1.4369035717930978, 1.3056200868810641, 1.6139113212416805, 1.356898846666624], "rn16": [0, 0, 1, 0, 0, 0, 0, 0, 0, 0, 0, 0, 0, 0, 0, 0], "pos": [-0.1503, 0.6428]}