{"time": 60492574.0, "tag": 1, "phase": [-1.2135209806060157, -2.8640785402278706, 1.63671544610243, 5.26471918040529, 0.45897568768962704, 1.1145942370775315, -3.609448510113521, -5.899526488748048, -4.545225899119884, 0.6527033107207438, 0.06372857986520578, 0.8502525682779425, -0.8069981952530486, -1.2665988829765644, -2.0043458203584223, -2.1109379361064953], "rss": [0.6365582586019466, 0.5664790147642645, 0.8198994730978506, 0.024470244750910548, 1.0983147614214568, 1.2395086904907797, 0.9224093314698916, 1.057402118823893, 0.61479534405297, 0.9318309146845123, 1.141446956170173, 0.8440261923545417, 1.3514353669138055, 1.2972334584054042, 1.3369801928146723, 1.4515070135371417], "rn16": [0, 0, 0, 0, 0, 0, 0, 1, 1, 1, 1, 0, 0, 0, 0, 1], "pos": [-0.1215, 0.5998]}