{"time": 59949447.0, "tag": 1, "phase": [-1.5827996555148132, -3.0131413334855495, 1.2777372759764605, 5.205040131183037, 0.33251059020010787, 0.9102765991929112, -3.7871154440994417, -6.039731658195244, -4.9382156691689865, 0.4079230872923807, -0.22221186768857987, 0.5457671897998723, -1.067235950252622, -1.417848297942931, -2.1835203786760804, -2.254587519458954], "rss": [0.5762278865036187, 0.6044803358221591, 1.0010513355017827, 0.023944461081544254, 1.1282999076115385, 1.2972777286915083, 0.9304400856073736, 1.1801299277451682, 0.7805104556566291, 0.9285774621279901, 1.3354287472889539, 0.9472016443015422, 1.5765246210622903, 1.4071968202781535, 1.6317373829016615, 1.3519682006030715], "rn16": [0, 0, 0, 0, 0, 0, 0, 0, 0, 0, 0, 0, 0, 0, 0, 0], "pos": [-0.1812, 0.6461]}