{"time": 60623612.0, "tag": 1, "phase": [-4.385479634222361, 0.2608607997283734, 0.3377642435320799, 1.6697492719435565, -2.367589672914588, -0.8312836200626503, -1.0825328516444421, -4.249622043324541, -4.105877712383442, 0.8102201110849949, 1.7151230994300977, 2.893858889291214, -0.46327008244344725, -0.22842689291865165, -1.610969060928714, -1.1406996414579071], "rss": [0.643326698916862, 0.5549366907751955, 0.5477631639530659, 0.030689821687866062, 0.8211408572577462, 0.7647505029817651, 0.7042783291143179, 0.6240834051203006, 0.29291703296132865, 0.48519031243230726, 0.5138608319173932, 0.31149543526188966, 0.6779702091209922, 0.6390160417806108, 0.6913410968578081, 0.6385446524449876], "rn16": [0, 0, 1, 0, 0, 1, 0, 0, 0, 0, 0, 0, 0, 0, 0, 0], "pos": [-0.0232, 0.6046]}