{"time": 60623612.0, "tag": 1, "phase": [-4.3811448554783965, 0.2591881341531894, 0.2956356562031409, 1.5882575477225886, -2.316965523520685, -0.781521650240727, -1.067141615495599, -4.189985436052526, -4.065275127406071, 0.7541461709619857, 1.72072631770957, 2.930316862218764, -0.4490757435206778, -0.30383477588459495, -1.607010016755984, -1.1196490281820817], "rss": [0.6637165398530451, 0.5584386435988017, 0.5808336793708372, 0.030379010823517585, 0.7234097589523588, 0.7147142717461703, 0.713469590016246, 0.592765893001284, 0.28333656494037496, 0.479116334984841, 0.5268090210863446, 0.30579285569494463, 0.6617507999651573, 0.6169241908365753, 0.6515902519313553, 0.6601669205554053], "rn16": [0, 0, 0, 0, 1, 0, 0, 1, 0, 0, 0, 0, 1, 1, 1, 0], "pos": [0.0543, 0.6079]}