{"time": 59743821.0, "tag": 1, "phase": [0.45603097568300077, -1.3661099451584033, -3.129689123727087, 0.5961929627451572, 1.702014204958918, 2.828815177588145, -2.1810890655508155, -5.205946549139169, -1.868471200628296, -3.697697542003641, 1.9571321121918352, 3.669506633877633, 0.8158818444920779, 0.5790271986571469, -0.32791333698206704, -0.28664084500531395], "rss": [0.6785587719039838, 0.5400628734538904, 0.3740625149784635, 0.004749563834728, 0.4000867479930467, 0.2517940548224509, 0.4433981565104686, 0.6784844564026453, 0.26713586226649305, 0.2936830020238818, 0.5728325108826761, 0.1371252385716073, 0.8929510869418696, 0.4854688019986361, 1.0675904155707, 0.5835527645120441], "rn16": [0, 0, 0, 0, 0, 0, 0, 0, 0, 0, 0, 0, 0, 0, 0, 0], "pos": [-0.2771, 0.7975]}