{"time": 60623612.0, "tag": 1, "phase": [-4.3428376174127195, 0.2575570347729066, 0.3678826742858824, 1.6429270583281657, -2.334331166104742, -0.7991862639050253, -1.0485365167721654, -4.259229840930761, -4.022455940162773, 0.8164337619122908, 1.7954227549128465, 2.8448679870522007, -0.4957976861525697, -0.2667869473358597, -1.5724366611546374, -1.0645068251931746], "rss": [0.6893877383388495, 0.5952488620107992, 0.5529184084117887, 0.032109751149447155, 0.8086995011651793, 0.7486828433312103, 0.687061882508063, 0.6489458937251185, 0.2848184905418729, 0.4583668120194097, 0.47510539991633455, 0.2884131396963607, 0.6625797412475583, 0.6254864192359658, 0.657922356756447, 0.6371607884534718], "rn16": [0, 0, 0, 0, 0, 0, 0, 0, 0, 0, 0, 0, 0, 0, 0, 0], "pos": [0.1174, 0.6121]}