{"time": 60394666.0, "tag": 1, "phase": [-3.447384557172361, -4.4935615971059155, -0.05036183165060251, 4.557609785530989, -0.41397754511135393, -0.2595986809306552, -5.018064209867912, -0.4240572218540084, -0.24887955706381915, -0.9726766104580366, -1.5430065135253912, -1.0752726783737798, -1.706360826163646, -2.5278150632580187, -2.8345743882589893, -3.4090017237170462], "rss": [0.794152824207969, 1.0343086787980436, 1.0512286046122004, 0.027651295858479752, 1.3129309288686473, 1.4482193091483186, 0.7499318326390734, 0.9598299896676139, 1.2160936747501514, 1.3076563605977427, 1.4243154212623415, 1.1633042293457538, 1.5675638154629725, 1.3016115007940459, 1.560291609394467, 1.2901096812840736], "rn16": [0, 0, 1, 1, 1, 1, 0, 0, 0, 0, 0, 0, 0, 0, 0, 0], "pos": [0.0605, 0.6025]}