{"time": 60394666.0, "tag": 1, "phase": [-3.483197859485644, -4.570208897562116, -0.0753789358519166, 4.362270989887252, -0.42666764648836597, -0.2367292924027462, -5.035166643551246, -0.3773628508278417, -0.2523094697285031, -0.9786723236925402, -1.5888004863277916, -0.8910552199044681, -1.7190544663871827, -2.4534235865571525, -2.8382675934054484, -3.3446087837371437], "rss": [0.7691864700856437, 0.9123200394914005, 1.1079587145384782, 0.01946623336343253, 1.4314100207999596, 1.4638806279340966, 0.7499256153953113, 0.9412897903480086, 1.302270667321237, 1.3712914952730308, 1.4431041664433184, 1.2745239840017024, 1.5521698162754831, 1.341503808549518, 1.6719612442861556, 1.3819749056570245], "rn16": [0, 0, 0, 0, 0, 0, 0, 0, 0, 1, 1, 1, 1, 1, 0, 0], "pos": [0.015, 0.5935]}