{"time": 60394666.0, "tag": 1, "phase": [-3.481149262702796, -4.545113438721405, -0.04946708708446971, 4.468168767272269, -0.46624848411767394, -0.23483650609971263, -5.04063562351123, -0.45427403646386244, -0.28882656756304503, -0.9484668314400733, -1.5496878284424176, -1.1027248308360318, -1.6856703984836345, -2.5356800991763895, -2.8142882295295246, -3.425302822832659], "rss": [0.7946887121539503, 0.9629281233664513, 1.0291133022347283, 0.024228185404644456, 1.2361709443108175, 1.5436975310452843, 0.735841761217627, 0.8932595048833551, 1.161741950323661, 1.5013556484890362, 1.6156623773336958, 1.0919562292021359, 1.702008068005921, 1.2963002108595851, 1.7433402289344877, 1.1796067593831572], "rn16": [0, 0, 0, 0, 1, 0, 0, 0, 0, 0, 0, 0, 0, 0, 0, 0], "pos": [-0.0239, 0.5863]}