{"time": 60394666.0, "tag": 1, "phase": [-3.488586314740616, -4.569744484170609, 0.00047489310901499397, 4.375396725478289, -0.41477988714798913, -0.24373658508114704, -5.048295768247078, -0.4691178229724171, -0.26309642300690217, -0.9453445135844271, -1.6131446047842506, -1.0168646079367245, -1.7005119645170763, -2.630782486346226, -2.814379758002009, -3.4144201590319936], "rss": [0.6474724853629987, 0.8778474187000405, 1.1009110261639476, 0.022474099726661707, 1.389666742675402, 1.5874389704121887, 0.717527916748183, 0.8748289230557605, 1.3221551669323095, 1.504603677231613, 1.3496047558517517, 1.1680674755113671, 1.5508817462948943, 1.3726087851656048, 1.6785383668274794, 1.4044288916477679], "rn16": [0, 0, 0, 0, 0, 0, 0, 0, 0, 0, 0, 0, 0, 0, 0, 0], "pos": [-0.055, 0.5796]}