{"time": 60310092.0, "tag": 1, "phase": [-2.6493391362914336, -3.629233746537899, 3.132919984852544, 0.7676834539039605, -3.1615037954971834, 3.719226952663645, -3.651832566236177, -5.554658019201388, -2.533041788721343, -2.9276850693031893, -2.100243701025709, -0.46354955259140285, -0.9435557157222048, -2.5147056269587558, -2.291097282174618, -3.3950834657548947], "rss": [1.8166086213782928, 1.6286323362579482, 1.5191558901335733, 0.05569782744558024, 0.40101955409870377, 1.0671279916713963, 1.6542500756346183, 1.8990425971483558, 0.6216556645184163, 1.1027179503995514, 0.43307696361636655, 0.8605541881099912, 0.28849960405653274, 0.6423434295249766, 0.3994822740764416, 0.945745821856055], "rn16": [1, 0, 0, 0, 1, 0, 0, 0, 0, 0, 0, 0, 0, 0, 0, 0], "pos": [0.0296, 0.556]}