{"time": 60310092.0, "tag": 1, "phase": [-2.7001239526432164, -3.011859646452035, 3.0414043679854705, 0.9534194321635088, -3.40582578865355, 3.2245664006233667, -3.1527014619628226, -5.4151836420383335, -2.4048273338683144, -2.6886903822532844, -2.0993733195181825, -0.06888378976957377, -1.2311329560146504, -2.672981973981876, -2.2871666362172824, -3.3831122771243054], "rss": [1.2526999065207625, 2.9618953280278664, 0.9015858826708111, 0.03342537945607351, 0.6759408720911426, 0.6610230495310566, 1.5519461506497778, 2.6585893681321084, 1.0147478212126508, 0.7133365784352687, 0.4332367000949418, 0.9282563852116716, 0.14643789121042197, 0.48448519737673634, 0.5204137523797212, 0.7280504204547704], "rn16": [0, 0, 0, 0, 0, 0, 1, 1, 1, 0, 0, 0, 0, 1, 1, 1], "pos": [0.0943, 0.5352]}