{"time": 60310092.0, "tag": 1, "phase": [-2.8187142685305417, -3.7815024973312235, -2.7693753420860947, 0.5222049724808238, -3.442109454101356, 3.6036106823359098, -3.518913388384201, -5.821734167018327, -2.390120025332603, -2.9193926440442657, -2.1887924074227243, -0.6707566686384041, -2.2594837347535295, -2.1763188825498845, -2.177096883230241, -3.288789156519737], "rss": [1.2240308452618864, 1.4090002749060695, 1.0450257794359434, 0.05285862803822541, 0.7770633319016957, 0.8786167688510714, 1.779483912494584, 2.0540783291734015, 0.35464732678753746, 1.0810270567549967, 0.365543936262891, 0.6433344608424485, 0.044084850239465546, 0.6067226216219516, 0.40399766352142097, 0.7654057164597943], "rn16": [0, 0, 0, 0, 0, 0, 0, 0, 1, 0, 0, 0, 0, 0, 0, 0], "pos": [0.1472, 0.5184]}