{"time": 60310092.0, "tag": 1, "phase": [-2.7498176838779385, -3.6731082812683695, -3.127594966189553, 0.8744057017848508, -2.6352102213459943, 3.3034495114622686, -3.560489618258859, -5.831810001153647, -2.1410473156601513, -2.6807646260803475, -1.7068361232319817, -0.7852092690597661, -1.0876236989095407, -2.8809754103391114, -2.080486321020415, -3.5008971574045527], "rss": [1.1665272944772416, 1.362544209854384, 0.9617647978019325, 0.07528014709143757, 0.904689790897145, 0.8471776345434568, 2.018884807759793, 2.004607694485144, 0.7366213197324684, 1.2284070824713886, 0.6137640399400707, 0.6315852984593661, 0.37605898892953915, 1.089067720756228, 0.2926670034240104, 0.6808322965192353], "rn16": [0, 0, 0, 0, 0, 0, 0, 0, 0, 0, 0, 0, 0, 0, 1, 0], "pos": [0.1997, 0.5012]}