{"time": 60538042.0, "tag": 1, "phase": [-4.612064142058948, -0.1280803213860553, -1.6668346883065441, 0.19402981392160257, -3.7853856185134553, 3.7406858866005654, -1.356505871502651, -4.757170405820414, 0.124611610298071, -2.0606904156875556, -2.0325440709864036, 0.04966770264593401, 1.8855181613262277, 2.4216328611579856, 0.7886522566687839, 1.582356855350185], "rss": [0.4505991350079104, 0.57009623415262, 0.4320146628294022, 0.01116772484478125, 0.6127888285550167, 0.34276962066607464, 0.4056319443471071, 0.5751652653713695, 0.46524642116600085, 0.3901994809556138, 0.4098342936942168, 0.24369047802104044, 0.5970892859569368, 0.5275470013618918, 0.6484219540149408, 0.5788498180245439], "rn16": [0, 0, 0, 0, 0, 0, 1, 0, 0, 0, 0, 1, 0, 0, 1, 0], "pos": [0.1554, 0.5211]}