{"time": 59743821.0, "tag": 1, "phase": [0.3493387300488484, -1.361760837384037, -3.0117111109570396, 1.8116414572339792, 1.6445266231101114, 2.6397262607619965, -2.188074529862922, -5.179651841635913, -1.8980521075648062, -3.8797290658315298, 1.8955682352059118, 3.581907817687553, 0.814218855633887, 0.5941419066552422, -0.3087913060427394, -0.4025993177235545], "rss": [0.6072819014229532, 0.5483876449203807, 0.3654865957936907, 0.0013397336224122162, 0.36518527914430526, 0.25677495802161476, 0.5430578641915667, 0.659791495015276, 0.2821147078418542, 0.3468233150592294, 0.6021180225646413, 0.17904947374092253, 0.8580186910662306, 0.595714403616413, 0.8759284722152351, 0.5982106177152178], "rn16": [0, 0, 0, 0, 0, 0, 0, 0, 0, 0, 1, 0, 0, 0, 0, 0], "pos": [-0.2532, 0.7948]}