{"time": 60538042.0, "tag": 1, "phase": [-4.533488077096148, -0.11919740860851302, -1.6944801561358964, 0.21224727619828831, -3.7407026295156744, 3.718998509446327, -1.3041241050596406, -4.7404872406233345, 0.11894610130537542, -2.020578488398619, -2.0702381308679936, 0.14191964329788642, 1.9131637315875043, 2.385522541032146, 0.8222052113253127, 1.611057832185341], "rss": [0.4596961046392836, 0.5684449477331238, 0.4376080080045432, 0.011967398788768605, 0.604303540846828, 0.36193279202327067, 0.4705273268094749, 0.5992494026023543, 0.4939600872841972, 0.3274671347168399, 0.3972803612994675, 0.26182588812317376, 0.6430420535495791, 0.498414251876756, 0.6816204943432643, 0.5952878802896044], "rn16": [0, 0, 0, 0, 0, 0, 0, 0, 0, 0, 0, 0, 0, 0, 0, 0], "pos": [0.12, 0.5397]}