{"time": 60538042.0, "tag": 1, "phase": [-4.746608141699816, -0.2112370937073451, -1.6911424808854345, 0.040245304302314544, -3.7282354305923024, 3.7418848604410293, -1.3168381332736154, -4.784688438165846, 0.06787001785053404, -2.118820075972142, -2.3004211525604217, -0.0054762349743682215, 1.8783805174028805, 2.4154961466039144, 0.7857448948801382, 1.5647904160380228], "rss": [0.4146669521409562, 0.5518284604172399, 0.43159778261482906, 0.014045171522667476, 0.6243121079154196, 0.3388654316412222, 0.44952442693080946, 0.5224894193341143, 0.47784322378216326, 0.33793608792933294, 0.3438295344375498, 0.24100720965469036, 0.6531643467645138, 0.5350005427876949, 0.6508283096854539, 0.6108112890701005], "rn16": [0, 0, 0, 0, 0, 0, 0, 0, 0, 1, 0, 0, 0, 0, 0, 1], "pos": [0.0935, 0.5557]}