{"time": 59885220.0, "tag": 1, "phase": [0.685715618948453, -0.9029374671002295, -2.926879092930054, -0.6099833188888026, 0.8961400147151183, 2.1900948964067917, -2.7347423963897075, -5.296476966575798, -1.6053099183009758, -3.5479827427933053, 2.758139555329025, 3.9575235525806405, 0.7114957842220289, 0.8984742284688063, -0.6186008783027159, 0.20286459628351206], "rss": [0.3409411985110118, 0.7144763434047895, 0.7210629969253024, 0.014709239111964647, 0.9034728292961643, 0.882922641662194, 0.5214478573921376, 0.5877059857488993, 0.37489931494405215, 0.6681130381594725, 0.7523113961294742, 0.5404241536609748, 0.6904707666411138, 0.8354426298499924, 0.6379253741456742, 0.9203068454515904], "rn16": [0, 0, 0, 0, 0, 0, 0, 0, 0, 0, 0, 0, 0, 0, 0, 0], "pos": [0.0417, 0.5779]}