{"time": 59885220.0, "tag": 1, "phase": [0.6510265865059526, -0.936020065299429, -2.9508534205851555, -0.7185395781026362, 0.8670439105576632, 2.089993817393782, -2.6480780174259833, -5.377171843689586, -1.631650135824765, -3.608783101938413, 2.774744420557204, 3.9226441492685535, 0.6854670525776942, 1.0232381656987417, -0.5360256973334039, 0.43825843896233985], "rss": [0.37830388171244084, 0.6712196770158311, 0.6629761970331317, 0.015017661716505652, 0.9164550514478071, 0.8322277948670316, 0.5413458054090025, 0.5747551448191945, 0.34699475541088837, 0.6128927671654542, 0.6474666491080704, 0.5178802344261617, 0.6660011558810572, 0.9185510507548903, 0.6046374640898673, 0.9298758750667292], "rn16": [0, 0, 0, 0, 1, 0, 0, 0, 0, 0, 0, 0, 0, 0, 0, 0], "pos": [0.0008, 0.5966]}