{"time": 59885220.0, "tag": 1, "phase": [0.6565611471237229, -0.8913896213731707, -2.938686133083604, -0.37230382193660727, 0.8092486159953071, 2.088958156291042, -2.4570708878850516, -5.343698575829073, -1.5899159414491177, -3.6198456836673083, 2.776110625390971, 3.9374301325293466, 0.6093035515658609, 0.9530831563102165, -0.3690843792363394, 0.17550241261043786], "rss": [0.33561520844385584, 0.7226846835419939, 0.8031518734925175, 0.013029021746264122, 0.8419623283842926, 0.7778147820768517, 0.5164390251845697, 0.5798619731086179, 0.366278664098984, 0.6190448258553745, 0.7284777147618704, 0.5097536806019981, 0.6789594649119933, 0.9442760370341672, 0.6824079018869889, 0.8399046581108577], "rn16": [0, 0, 0, 0, 1, 1, 1, 0, 0, 0, 1, 1, 0, 0, 1, 0], "pos": [-0.04, 0.6165]}