{"time": 60642638.0, "tag": 1, "phase": [0.5624441837980463, -1.3200297436206003, -1.783609039349141, 1.9766669776016879, 2.045524003110254, 3.250657305305176, -2.033908932154815, -4.995609193518909, -1.6206270996311585, -3.530935991299037, 2.1455685942197777, -1.6336688219746103, 0.90727741505924, 0.8379420330353872, -0.1653959029856038, -0.04623667346282134], "rss": [0.704964985349366, 0.6144028635467637, 0.47448852130074565, 0.005272829637162433, 0.6007048816944649, 0.34362610304966495, 0.5719499208145974, 0.6624982095301183, 0.32859526794644245, 0.3725021855691092, 0.4149403778321975, 0.19055286670657284, 0.9604675152507726, 0.4377477525367055, 0.8946494162539221, 0.6287514784096907], "rn16": [0, 0, 0, 0, 1, 0, 0, 0, 0, 0, 0, 0, 0, 0, 0, 0], "pos": [-0.0675, 0.6255]}