{"time": 60642638.0, "tag": 1, "phase": [0.5041407200476882, -1.2913874888020827, -2.690666321390923, 2.674470193789646, 2.0124179251286605, 3.143649365713544, -2.0456303190253835, -5.077709949745763, -1.516182118712028, -3.497897023110175, 2.137946910280937, -1.7195594840168296, 0.9663192240821159, 0.7394556681322741, -0.25590787688644245, -0.02446409937591154], "rss": [0.5831339229796518, 0.5986318205767472, 0.4266135926331113, 0.00788759818791105, 0.46826557397747065, 0.3494483978523821, 0.4757055329097275, 0.6342815112809798, 0.3018422024248338, 0.10641048861997546, 0.457568522740928, 0.16129996826404927, 0.8342795607398489, 0.49924875193691637, 0.987210795727705, 0.599311846201961], "rn16": [0, 0, 0, 0, 0, 0, 0, 0, 0, 0, 0, 0, 0, 0, 0, 0], "pos": [-0.0739, 0.6285]}