{"time": 60642638.0, "tag": 1, "phase": [0.41655851653424003, -1.3640702153908384, -2.6544948153393397, 0.9972346202968243, 1.9746208246823933, 3.325032104404033, -1.9860480598135133, -4.986501963583173, -1.5989872932690816, -3.49755857273386, 1.9620845596746384, 4.27742681451152, 0.8677701105602023, 0.9100370654068091, -0.2425287935125131, -0.20704940706028818], "rss": [0.6962310250233866, 0.568175861325048, 0.32660091214727305, 0.008029566584085216, 0.5935270891209786, 0.3310313256544204, 0.48343004415816104, 0.6095492221011963, 0.3345283118001592, 0.3306661124744975, 0.5612500202468444, 0.21496601440116317, 0.8313117507200836, 0.5995000350694203, 0.8854039111332155, 0.4745480384992782], "rn16": [0, 0, 0, 0, 0, 0, 0, 0, 0, 0, 0, 0, 0, 0, 0, 0], "pos": [-0.0899, 0.636]}