{"time": 59844093.0, "tag": 1, "phase": [0.2616170316607356, -1.4635833811284138, -3.11447364980062, 0.2820467479172133, 1.6232637560262937, 2.502426818443984, -2.343546115954277, -5.301736557010205, -1.9619476651568417, -3.8404732137387434, 1.8848893990725493, 3.355650025980193, 0.7628475120897957, 0.3758074503550348, -0.3656255322017887, -0.38620472460058797], "rss": [0.5553636982191604, 0.5637588701527335, 0.3394721856423478, 0.005451954830922714, 0.3096549495888269, 0.22820644963066122, 0.6072151939622961, 0.6928310485733852, 0.2334825313233971, 0.3129183730884337, 0.5544369953649859, 0.13540121671597768, 0.8867729209768699, 0.5517353444897417, 0.8630674958815566, 0.582474333820709], "rn16": [1, 1, 1, 1, 1, 1, 0, 0, 1, 1, 0, 1, 0, 1, 0, 1], "pos": [-0.1067, 0.646]}