{"time": 59844093.0, "tag": 1, "phase": [0.24416423690725741, -1.5091328945694835, -3.100784132340632, 0.09761264767657307, 1.5722980452172246, 2.4878394576720546, -2.3465877485119266, -5.289401052972231, -2.0697129755304875, -3.9998619317975344, 1.9522287277585493, 3.2080357025216513, 0.7760961380015592, 0.5759423015668148, -0.5287999100253049, -0.4656810837571781], "rss": [0.5188612015206517, 0.5465129268117569, 0.29519535668981517, 0.0018349699873355183, 0.3319015484286805, 0.18891694400575168, 0.5429685860894807, 0.6913790093631123, 0.2756651315169125, 0.3982069002829143, 0.5440525596876525, 0.17317049081816635, 0.7215870575899948, 0.5955967674987647, 1.3407597252266164, 0.6533999490687671], "rn16": [0, 0, 0, 0, 0, 0, 0, 0, 0, 0, 0, 0, 0, 0, 0, 0], "pos": [-0.1251, 0.6561]}