{"time": 59796115.0, "tag": 1, "phase": [-4.152751155811875, -4.845678853489518, -0.4370815878663762, 4.232936492727224, -0.6936774510565455, -0.5405537885831764, -5.301217295168874, -0.42553218320796615, -0.6627802721474267, -1.222033244225055, -1.7474284340839439, -1.3099249195396894, -1.6386110562651948, -2.6574357120563774, -2.7783856276483934, -3.496819601192752], "rss": [0.6793679052438203, 0.7896661851336935, 0.7744793045358118, 0.01536882519216407, 1.0327314586374239, 1.252799306535955, 0.6157701455602009, 0.5950460547028004, 0.9190402304665605, 1.2606787143656752, 1.0598648744540269, 0.9168862777644138, 1.1401210879168715, 0.8423392499783637, 1.1669359696376882, 0.8689249377253372], "rn16": [1, 1, 0, 0, 0, 0, 0, 0, 0, 1, 0, 0, 1, 1, 1, 0], "pos": [-0.2328, 0.7819]}