{"time": 59844093.0, "tag": 1, "phase": [0.440831031302257, -1.4616922889372752, 3.109653767330977, 2.907112045859671, 1.5590713951715878, 2.5386791159843543, -2.2401525611065254, -5.208931376762999, -2.0904426520903043, -3.8731166253680183, 1.9349143967991986, 3.067495767609028, 0.8098587581919219, 0.2841141229645896, -0.403452593069924, -0.471322994451171], "rss": [0.5139236855654415, 0.5119041091378854, 0.4393166292460975, 0.0028290048006500957, 0.392092803400986, 0.193577248885794, 0.4407039487025406, 0.6357251047541342, 0.2817739661123514, 0.3447215363366686, 0.5814089097678439, 0.19387782237728438, 0.81218159008645, 0.5557957522869648, 0.8372375239718143, 0.6057081075927148], "rn16": [0, 0, 0, 0, 0, 0, 0, 0, 0, 0, 0, 0, 0, 0, 0, 0], "pos": [-0.1215, 0.6566]}