{"time": 59844093.0, "tag": 1, "phase": [0.43546541629146684, -1.339226465332504, -3.095648701629804, 1.3681994010405703, 1.519324772578909, 2.414203383059213, -2.297099287812011, -5.045425631906133, -2.001086391845539, -4.044502930276692, 1.8647890640790235, 3.598817261704975, 0.7507873735759665, 0.3623979710260169, -0.3791107386261363, -0.5132661096855258], "rss": [0.5866640938494967, 0.5946760429904812, 0.3498035016127213, 0.004141105444255286, 0.30291770827951775, 0.2540684129671856, 0.5076342455998374, 0.5800237779377694, 0.24674595509217753, 0.399133007512247, 0.6040612806992689, 0.07930576220397713, 0.7152209296104108, 0.5358550667196814, 0.9163008605361154, 0.7032438874183918], "rn16": [0, 0, 1, 1, 0, 0, 1, 0, 0, 0, 0, 0, 1, 0, 0, 0], "pos": [-0.1421, 0.6668]}