{"time": 60428611.0, "tag": 1, "phase": [-3.7638829146983195, -4.535461991966353, 1.8294401382901562, 1.6071753727880855, -2.028486840384662, -0.05466663933034277, -6.098830975243455, -3.2167000389291687, -2.573045088887605, -4.355600308573497, 2.697236981282698, 4.207658176087261, -0.3310228595948591, -0.014126686560560958, -1.3781606527370438, -0.8157315680992413], "rss": [0.2855623682407582, 0.4513858037920463, 0.4109868679129888, 0.04450912560288567, 0.9537726213343791, 0.7815587445387628, 0.7541839132059432, 0.6616011861427551, 0.21333023311561386, 0.4194296421876563, 0.3949100858385259, 0.29821017832040353, 0.47120565872386905, 0.38045956703483946, 0.5466130045461877, 0.3885965647127759], "rn16": [0, 0, 0, 0, 0, 0, 0, 0, 0, 0, 0, 0, 0, 0, 0, 0], "pos": [-0.0483, 0.676]}