{"time": 60428611.0, "tag": 1, "phase": [-3.6973321277536213, -4.469525010917987, 1.7781765905169193, 1.5724786712733463, -2.0371588069908735, -0.09127707594927026, -6.083499440840343, -3.3482848331489956, -2.53422294972715, -4.459593729445597, 2.691912735510173, 4.249240371515263, -0.2974328277477286, 0.015068747155075335, -1.459288008406022, -0.9152188287264815], "rss": [0.29875750025010916, 0.4508585379779587, 0.4369974925815303, 0.047175710167898614, 0.9579719128019717, 0.8066643203733445, 0.8016249553345757, 0.6383358304489599, 0.22186176601651622, 0.4140185831772456, 0.42429402005307676, 0.31661563693240435, 0.5423404959868439, 0.3979268274868932, 0.560230834454143, 0.38620077936367114], "rn16": [0, 0, 0, 0, 0, 0, 0, 0, 0, 0, 0, 0, 0, 0, 0, 0], "pos": [0.0273, 0.686]}