{"time": 60428611.0, "tag": 1, "phase": [-3.6125402837347993, -4.435231259491066, 1.8177896396022493, 1.5979738347497423, -2.0410374598616854, -0.2207390198192185, -6.117321921953004, -3.175770087241575, -2.5235046713908336, -4.396733284223091, 2.7472058331497307, 4.296987050783288, -0.3250724426338272, -0.07484080732389517, -1.403111750555587, -0.8573593269524374], "rss": [0.29720584548307727, 0.4929858815676866, 0.4522259401972452, 0.0452765101067967, 0.9841757025921933, 0.799702540615908, 0.7763544509499435, 0.684738661409405, 0.22280203577645044, 0.4200050224695517, 0.42994001639105545, 0.28726192550340846, 0.5686992351917368, 0.3888767973792399, 0.5025378919104942, 0.3866558221219183], "rn16": [0, 0, 0, 0, 0, 0, 0, 0, 0, 0, 0, 0, 0, 0, 0, 0], "pos": [0.0879, 0.6954]}