{"time": 60428611.0, "tag": 1, "phase": [-3.8846835433548472, -4.527760461194988, 1.820913843663762, 1.5589913503400243, -1.99586772555213, -0.10882884481112032, -6.131662728603239, -3.194993857963315, -2.5746709082973203, -4.476206307768592, 2.8019985006348023, 4.266698667060322, -0.3409634074043737, 0.01526241864461575, -1.458284510459047, -0.8910925770460343], "rss": [0.2899464988255469, 0.4746909856521258, 0.4436785452878167, 0.04264612274558044, 0.9758788501322323, 0.8107551239378982, 0.7754907001592649, 0.6401253839310095, 0.24301036540505258, 0.46897849856620943, 0.4433266035055348, 0.3225381189205238, 0.548954596650194, 0.38838494261786766, 0.5269516040027401, 0.40116428062457343], "rn16": [0, 0, 0, 0, 0, 0, 0, 0, 0, 0, 0, 0, 0, 0, 0, 0], "pos": [0.1383, 0.704]}