{"time": 59730641.0, "tag": 1, "phase": [-2.6919858866732302, -3.927756909817064, 1.927615793528621, 1.5160208864411535, -2.0600319580665714, -0.011182320504618426, -5.838494587229147, -2.988355914136491, -2.23651415789909, -4.411199807846922, 2.842217812600734, -1.5941182523967248, -0.32096656645836685, 0.272775406223729, -1.4212423209740854, -0.38842513988696115], "rss": [0.08333601446241214, 0.6780084640653217, 0.6748510642660938, 0.04658285801902057, 1.0034323348009946, 0.9833160686965812, 0.936411668776007, 0.9324545219255449, 0.3326334018013485, 0.45966729101542136, 0.5634399743914981, 0.3823802938562213, 0.47904484852076434, 0.3049666357822876, 0.40409460665094127, 0.29056679419588766], "rn16": [0, 0, 0, 0, 0, 0, 0, 0, 0, 0, 0, 0, 0, 0, 0, 0], "pos": [0.1773, 0.7136]}