{"time": 59730641.0, "tag": 1, "phase": [-2.636770887999633, -3.9856775254049728, 1.885092176055109, 1.614799927964327, -2.0102762200127784, -0.07903792093642226, -5.96538366425141, -2.965386963141111, -2.0514865172164383, -4.415697859331137, 2.836625617660628, -1.6958976651194124, -0.3719825679444073, 0.36702901344554406, -1.4093348790568585, -0.330029523566594], "rss": [0.06404285105235435, 0.5959825687513838, 0.605595017976069, 0.051949536799011986, 1.0847910498349476, 0.90791351676174, 0.9157398250314309, 0.9188646345906688, 0.3673005951714189, 0.40641692874491786, 0.6013996950550337, 0.4352939064944406, 0.49237896009299675, 0.3686695049743687, 0.4221295758808374, 0.30884507466756084], "rn16": [0, 0, 0, 1, 1, 1, 1, 1, 0, 0, 0, 0, 0, 0, 0, 1], "pos": [0.2128, 0.7223]}