{"time": 59730641.0, "tag": 1, "phase": [-2.9962703083366495, -4.005259748297101, 1.9507752099858748, 1.643000160218666, -1.9581200925035973, -0.10771679903526676, -5.952755790654435, -3.054665430483135, -2.0330256992130518, -4.4034486171925264, 2.8315337312459907, -1.6724647933457857, -0.335569014955166, 0.30689225823834754, -1.5378322505281834, -0.6296134221939201], "rss": [0.13410950218965537, 0.5390321782301303, 0.676748107233094, 0.05528569630410273, 1.0900970845091953, 0.8836262105691358, 0.9184154926357485, 0.9328778355069972, 0.3908170062375294, 0.4381537166772215, 0.5648370772344955, 0.4042655981727227, 0.4385630874446071, 0.3044367958335412, 0.40646150240947104, 0.3773461816300858], "rn16": [0, 0, 0, 0, 1, 0, 0, 0, 0, 0, 0, 0, 0, 0, 0, 0], "pos": [0.2376, 0.7322]}