{"time": 59730641.0, "tag": 1, "phase": [-2.3426621851048246, -4.051400093685237, 1.8693698720671705, 1.5611277095055303, -2.0188287565510192, -0.09919759689871244, -5.927233751737301, -3.0465471548966194, -1.993981618506884, -4.280388884448906, 2.847247782940253, -1.6179774156754592, -0.3041010565489243, 0.2960813800941122, -1.454555691719907, -0.6973942494233377], "rss": [0.09602027287150197, 0.5894397133093391, 0.6426763223955212, 0.05144153936557366, 1.1091678068108233, 0.9901875988449053, 0.9224768756466147, 0.8800929236160083, 0.37668575723763525, 0.43237546623729217, 0.5727875644410407, 0.44024673701124434, 0.41371344815385364, 0.29765461907600377, 0.41656857408111775, 0.3835599020084271], "rn16": [0, 0, 1, 0, 0, 0, 0, 0, 0, 0, 1, 0, 0, 0, 1, 1], "pos": [0.2581, 0.743]}