{"time": 60009241.0, "tag": 1, "phase": [-2.98668750510772, -3.558989965184827, 2.450849530349126, 0.2741156012421051, 2.1647242355128746, 2.8807787068955997, -3.7463722963668844, -5.284507372271378, -2.6514698828624317, -3.0642985658197937, -2.4170661272509064, -1.3480816570446374, -2.38816481047247, -3.0555641035888157, -3.230678697132249, -3.9904278950104963], "rss": [0.9126343958241585, 1.4344546219232448, 0.7917089480098051, 0.03628340868854903, 0.40211638543135914, 0.6280172877270759, 1.303961879448072, 1.3278170048631852, 0.6561020039000868, 0.8447463325274035, 0.29686898861585487, 0.7063423412680936, 0.5202207548307759, 0.7743035960355782, 0.6092152109376376, 0.833609087856214], "rn16": [0, 0, 0, 1, 1, 1, 1, 1, 0, 1, 1, 0, 1, 0, 1, 0], "pos": [-0.1173, 0.7636]}