{"time": 60005558.0, "tag": 1, "phase": [-4.658194078342953, -4.480400125114656, 1.0452202165773066, -0.6152658877877237, 0.7588123784855857, 0.8959535351708534, -4.784043647108802, -6.099334929676409, -4.424935938664309, 1.0044116827399596, 1.5983890892243204, 2.2464043882826212, 1.9886583948930512, 1.1845025935048066, -5.18528705519424, 0.4047178754749139], "rss": [0.947869763995576, 0.9455638994388534, 0.7369594567231127, 0.0396394835475396, 0.8545920122047628, 0.4862679222407792, 0.7064539864760906, 0.8470584241511391, 0.6078804774525327, 0.7684507125000661, 0.5905733345275869, 0.5411825379247782, 0.519191477692445, 0.6618917154769801, 0.508251988058867, 0.6634029327517437], "rn16": [0, 0, 0, 0, 0, 0, 0, 0, 0, 0, 0, 0, 0, 0, 0, 0], "pos": [0.2605, 0.7119]}