{"time": 60005558.0, "tag": 1, "phase": [-4.600472666014301, -4.465079090820734, 1.2485764720506316, -0.5057296874374537, 0.8389674416637501, 0.8690663824538298, -4.807828614702501, -6.093726839210735, -4.553368875709509, 0.9025841540365278, 1.548235717791225, 2.256914010659, -4.171401757038285, 1.3938057394790124, -5.142141182091775, 0.4345108818294354], "rss": [0.9260344182343275, 0.9436143338290639, 0.6904370187663553, 0.035620105258658864, 0.8238758033671076, 0.4518850762520215, 0.7257812841957164, 0.8236847174616985, 0.6370864922189521, 0.719432922719267, 0.5987775663781187, 0.5647284830865104, 0.514120714066594, 0.5872683502946224, 0.5140891327967182, 0.6419565456927426], "rn16": [0, 0, 1, 1, 1, 0, 0, 0, 0, 0, 0, 0, 0, 0, 0, 1], "pos": [0.2607, 0.6822]}