{"time": 60005558.0, "tag": 1, "phase": [-4.5798619649766845, -4.594828252053332, 1.0738251778093564, -0.515658059379295, 0.6333205200466069, 0.8965566557009987, -4.8226020314862605, -6.036435874546482, -4.414111196808496, 0.8800184594402605, 1.6660274146216376, 2.2783322826320282, 2.0934733202990805, 1.3159988833313236, 0.8418064960526581, 0.4048032110593969], "rss": [0.9056692005924534, 0.9749058708761553, 0.7410498355811803, 0.03806002601886141, 0.8602674346139463, 0.4320247469817049, 0.7322712340876707, 0.8484555915217312, 0.6027652744957651, 0.746878019397841, 0.5978048751567835, 0.5404114779290081, 0.5076863570670053, 0.6699973591859226, 0.5197605419730011, 0.6750753776965697], "rn16": [0, 0, 0, 0, 0, 0, 0, 0, 0, 0, 0, 0, 0, 0, 0, 0], "pos": [0.262, 0.6554]}