{"time": 60005558.0, "tag": 1, "phase": [-4.499036256190515, -4.583752212295268, 1.252008676869005, -0.482385123498581, 0.8434274624273522, 0.9265034538501445, -4.761049714707088, -6.00517121470585, -4.414695798987025, 0.9850691433089811, 1.5798831938181095, 2.2140912788548057, -4.033118326275549, 1.416276310718812, -5.30532940990995, 0.47976301842516267], "rss": [0.832080224676646, 0.9670289599043717, 0.6763554510382307, 0.033157920910203496, 0.844122118200068, 0.4698109814974724, 0.729851074867428, 0.7929038719408888, 0.5775286339883919, 0.7056649464976099, 0.5986576385781773, 0.5235545602542779, 0.520867788826105, 0.6085155109476624, 0.5157186543764882, 0.6683274260544326], "rn16": [0, 0, 0, 0, 0, 0, 0, 0, 0, 0, 0, 0, 0, 0, 0, 0], "pos": [0.2631, 0.6304]}