{"time": 60689588.0, "tag": 1, "phase": [0.1286572506974073, -1.3811129329307759, 2.89370231714815, -0.07027157307343934, 1.0607711786287006, 2.0845277959466566, -2.5739221827064216, -5.421970106438371, -2.548339976669632, -4.201699668110213, 1.7335612809062448, 2.5685104989329814, 0.5615570453815877, -0.04163934995676817, -0.46597788736243206, -0.7423834919090864], "rss": [0.5287096447152084, 0.550087191213097, 0.47340163489250475, 0.00030212975097502614, 0.23997602777623797, 0.21179091162965144, 0.6056519529739652, 0.6963077101454547, 0.20447732444925265, 0.4855040854209194, 0.6356493557456753, 0.21791352127280167, 1.03053939178713, 0.529726094181554, 0.9468868151946599, 0.6291376393341004], "rn16": [0, 0, 0, 0, 0, 0, 0, 0, 0, 0, 0, 0, 0, 0, 0, 0], "pos": [0.1622, 0.6438]}