{"time": 60689588.0, "tag": 1, "phase": [0.280821525308633, -1.5169425634004352, 2.452941470870614, 2.6707554130175386, 1.318060777679356, 2.0937504013173855, -2.536915537223083, -5.385922191944825, -2.5240941373878427, -3.942357257428199, 1.6875340148211984, 2.525614375597555, 0.5476722061082036, 0.026197241841200147, -0.5241223378710238, -0.7496222252225857], "rss": [0.531698965321925, 0.4956937580962856, 0.3441118394227198, 0.004062651969239078, 0.26161017075458076, 0.22785808077640088, 0.5049657665667521, 0.676457758589498, 0.2200860941018543, 0.3304866685050303, 0.6443867230016428, 0.21857179629592063, 0.9600939122565215, 0.7601979949234144, 0.8012605619538534, 0.6878311722826385], "rn16": [0, 0, 1, 1, 1, 1, 0, 0, 1, 1, 1, 0, 0, 0, 0, 0], "pos": [0.1163, 0.6438]}