{"time": 60689588.0, "tag": 1, "phase": [0.3085211563594159, -1.4798184776535779, 2.5341563256998865, 4.788450989170043, 1.6735631989402644, 2.118964356081705, -2.484414848123233, -5.246546629109368, -2.504779662994042, -4.126959270788707, 1.6123932752790464, 2.4946549779393, 0.5198740424533619, 0.12697085850545228, -0.4987034185588284, -0.7239190912232067], "rss": [0.5615177677341477, 0.563173772269019, 0.3230328061304505, 0.0028328905911350756, 0.29434377033410697, 0.20855224549483617, 0.4766127052920857, 0.6363181871030478, 0.21449815643443876, 0.4523703005364906, 0.6854281772452381, 0.21464632270914002, 0.9448798950528198, 0.6048178578627745, 0.8733912440453799, 0.6817519646297969], "rn16": [0, 0, 0, 0, 0, 0, 0, 0, 0, 0, 0, 1, 1, 0, 0, 1], "pos": [0.0618, 0.648]}