{"time": 60689588.0, "tag": 1, "phase": [0.18747348176493128, -1.4642417467650695, 2.660618168719499, 5.230976145452775, 1.4464216415023405, 2.1549702372999002, -2.650971887380369, -5.199696514962692, -2.4597773101255984, -4.2412047408405975, 1.607001096429395, 2.4837443056321664, 0.4609744956712649, 0.16747622142064908, -0.6150974133962752, -0.8555833450367216], "rss": [0.5905705192934506, 0.5114792043488464, 0.4614628538256103, 0.004314878076883814, 0.24416515831067884, 0.19223396566335846, 0.6525225264154515, 0.6142169943931303, 0.1872417683888571, 0.47384379773152663, 0.6703942106405416, 0.1868775929229853, 1.1070071850274747, 0.7384661088513632, 0.9198433709391323, 0.6454278497686811], "rn16": [0, 0, 0, 0, 0, 0, 0, 0, 0, 0, 0, 0, 0, 0, 0, 0], "pos": [0.0122, 0.6544]}