{"time": 60294638.0, "tag": 1, "phase": [-3.2970577290001124, -4.435251729103144, 0.03028201068495391, 4.525217998156357, -0.3406640853811836, -0.08801741695983223, -4.851642610167925, -0.3107383551159, -0.09237042585328004, -0.9193534132835985, -1.517800178584645, -0.9411432586848218, -1.661927500588909, -2.4055849303875183, -2.8285504856690467, -3.272362584141452], "rss": [0.7231036803551538, 0.8904515403339737, 1.056519180508975, 0.027820627396906043, 1.3067431589717646, 1.7403215254134674, 0.8866107384316493, 1.128551297168991, 1.2589278158327772, 1.3695700109111413, 1.5582710065972523, 1.2224160976735157, 1.7460283960172622, 1.4504123026793805, 1.623214776366784, 1.3661733130766507], "rn16": [0, 0, 0, 0, 0, 0, 0, 0, 0, 0, 0, 0, 0, 0, 0, 0], "pos": [-0.0295, 0.6437]}