{"time": 60294638.0, "tag": 1, "phase": [-3.3159990067820786, -4.449574743484851, 0.004992073116457979, 4.3528244701377, -0.40541334823047787, -0.12863099172678671, -4.897039453699773, -0.33499164102968937, -0.12400179915432119, -0.8552319867791213, -1.4517640901811302, -0.8488074718043519, -1.6913372630772332, -2.4578829774442865, -2.821150740188173, -3.3279135208761508], "rss": [0.8654450048027212, 0.8772648169471559, 1.1038676955649027, 0.028602729052461723, 1.2823481961178058, 1.5545368283030319, 0.8245268682216933, 1.007642397309211, 1.2559341390284129, 1.4745399987247758, 1.7210724373995938, 1.350896638954632, 1.668779822543278, 1.36119127602907, 1.643085623237289, 1.3691092362425485], "rn16": [0, 0, 0, 0, 0, 0, 0, 0, 1, 1, 0, 0, 1, 0, 0, 0], "pos": [-0.062, 0.6343]}